motor_id,record_id,fault_family,severity_percent,is_healthy,method,seed,blocks,alarms,block_alarm_rate,mean_score,max_score,target_motor
1kW,1kW_coil_current_0p68pct,intercoil,0.68,False,target_isolation_forest,20260820,40,40,1.0,0.6969116306606786,0.7029957140074368,1kW
1kW,1kW_coil_current_0p81pct,intercoil,0.81,False,target_isolation_forest,20260820,40,40,1.0,0.7006431499014261,0.7026390496703303,1kW
1kW,1kW_coil_current_0pct,intercoil,0.0,True,target_isolation_forest,20260820,14,0,0.0,0.5233213632880244,0.5764669717388163,1kW
1kW,1kW_coil_current_1p01pct,intercoil,1.01,False,target_isolation_forest,20260820,40,40,1.0,0.6228743938493332,0.6493810825952478,1kW
1kW,1kW_coil_current_1p34pct,intercoil,1.34,False,target_isolation_forest,20260820,40,40,1.0,0.6982176831972651,0.7029957140074368,1kW
1kW,1kW_coil_current_2pct,intercoil,2.0,False,target_isolation_forest,20260820,40,40,1.0,0.6895957516360262,0.701006499560449,1kW
1kW,1kW_coil_current_3p93pct,intercoil,3.93,False,target_isolation_forest,20260820,40,40,1.0,0.6978856254836835,0.7029957140074368,1kW
1kW,1kW_coil_current_7p56pct,intercoil,7.56,False,target_isolation_forest,20260820,40,40,1.0,0.6358309877725401,0.6541849724605727,1kW
1kW,1kW_turn_current_12p17pct,interturn,12.17,False,target_isolation_forest,20260820,40,40,1.0,0.6958127907545582,0.7025976596643577,1kW
1kW,1kW_turn_current_21p69pct,interturn,21.69,False,target_isolation_forest,20260820,40,40,1.0,0.6984309198002238,0.7042314801497076,1kW
1kW,1kW_turn_current_2p26pct,interturn,2.26,False,target_isolation_forest,20260820,40,40,1.0,0.6991472535018142,0.7055651576666154,1kW
1kW,1kW_turn_current_2p7pct,interturn,2.7,False,target_isolation_forest,20260820,40,40,1.0,0.7000737224034423,0.7029957140074368,1kW
1kW,1kW_turn_current_3p35pct,interturn,3.35,False,target_isolation_forest,20260820,40,40,1.0,0.6840426347222637,0.6980898774133976,1kW
1kW,1kW_turn_current_4p41pct,interturn,4.41,False,target_isolation_forest,20260820,40,40,1.0,0.6957313103214531,0.7029957140074368,1kW
1kW,1kW_turn_current_6p48pct,interturn,6.48,False,target_isolation_forest,20260820,40,40,1.0,0.6894415291465753,0.6995938511871841,1kW
1kW,1kW_coil_current_0p68pct,intercoil,0.68,False,target_isolation_forest,1201,40,40,1.0,0.709018909511077,0.7120803467992449,1kW
1kW,1kW_coil_current_0p81pct,intercoil,0.81,False,target_isolation_forest,1201,40,40,1.0,0.7146604311894661,0.7182136956799875,1kW
1kW,1kW_coil_current_0pct,intercoil,0.0,True,target_isolation_forest,1201,14,0,0.0,0.5217186911394367,0.5706754320838814,1kW
1kW,1kW_coil_current_1p01pct,intercoil,1.01,False,target_isolation_forest,1201,40,40,1.0,0.6249342154015161,0.655422884890846,1kW
1kW,1kW_coil_current_1p34pct,intercoil,1.34,False,target_isolation_forest,1201,40,40,1.0,0.7089861122220538,0.7135030630953686,1kW
1kW,1kW_coil_current_2pct,intercoil,2.0,False,target_isolation_forest,1201,40,40,1.0,0.7023067331621484,0.7110607067597939,1kW
1kW,1kW_coil_current_3p93pct,intercoil,3.93,False,target_isolation_forest,1201,40,40,1.0,0.7085490424417407,0.7132337017543382,1kW
1kW,1kW_coil_current_7p56pct,intercoil,7.56,False,target_isolation_forest,1201,40,40,1.0,0.6291514955027303,0.6470510657329691,1kW
1kW,1kW_turn_current_12p17pct,interturn,12.17,False,target_isolation_forest,1201,40,40,1.0,0.7073993608012669,0.7135030630953686,1kW
1kW,1kW_turn_current_21p69pct,interturn,21.69,False,target_isolation_forest,1201,40,40,1.0,0.7118165629972164,0.7180476381033922,1kW
1kW,1kW_turn_current_2p26pct,interturn,2.26,False,target_isolation_forest,1201,40,40,1.0,0.7095808342291949,0.7161710468849016,1kW
1kW,1kW_turn_current_2p7pct,interturn,2.7,False,target_isolation_forest,1201,40,40,1.0,0.710500966090985,0.7141604443732201,1kW
1kW,1kW_turn_current_3p35pct,interturn,3.35,False,target_isolation_forest,1201,40,40,1.0,0.6957412168444124,0.7083048510892532,1kW
1kW,1kW_turn_current_4p41pct,interturn,4.41,False,target_isolation_forest,1201,40,40,1.0,0.7075286411379704,0.7128298503979833,1kW
1kW,1kW_turn_current_6p48pct,interturn,6.48,False,target_isolation_forest,1201,40,40,1.0,0.6990767801932543,0.7109140940971197,1kW
1kW,1kW_coil_current_0p68pct,intercoil,0.68,False,target_isolation_forest,2402,40,40,1.0,0.7011633973742489,0.7084997816568934,1kW
1kW,1kW_coil_current_0p81pct,intercoil,0.81,False,target_isolation_forest,2402,40,40,1.0,0.7115688305817245,0.7151140069141275,1kW
1kW,1kW_coil_current_0pct,intercoil,0.0,True,target_isolation_forest,2402,14,1,0.07142857142857142,0.5227934101734444,0.579132824978153,1kW
1kW,1kW_coil_current_1p01pct,intercoil,1.01,False,target_isolation_forest,2402,40,40,1.0,0.616789447181677,0.6405981046499855,1kW
1kW,1kW_coil_current_1p34pct,intercoil,1.34,False,target_isolation_forest,2402,40,40,1.0,0.702070642646467,0.708622419295191,1kW
1kW,1kW_coil_current_2pct,intercoil,2.0,False,target_isolation_forest,2402,40,40,1.0,0.6947665544914244,0.7053878538630407,1kW
1kW,1kW_coil_current_3p93pct,intercoil,3.93,False,target_isolation_forest,2402,40,40,1.0,0.7026529173831607,0.7084997816568934,1kW
1kW,1kW_coil_current_7p56pct,intercoil,7.56,False,target_isolation_forest,2402,40,40,1.0,0.624148381682767,0.6429441650996998,1kW
1kW,1kW_turn_current_12p17pct,interturn,12.17,False,target_isolation_forest,2402,40,40,1.0,0.7006042525765881,0.7084997816568934,1kW
1kW,1kW_turn_current_21p69pct,interturn,21.69,False,target_isolation_forest,2402,40,40,1.0,0.7099890920834162,0.7167831522155697,1kW
1kW,1kW_turn_current_2p26pct,interturn,2.26,False,target_isolation_forest,2402,40,40,1.0,0.7049816774585398,0.7139743102355375,1kW
1kW,1kW_turn_current_2p7pct,interturn,2.7,False,target_isolation_forest,2402,40,40,1.0,0.7044400331756029,0.7084997816568934,1kW
1kW,1kW_turn_current_3p35pct,interturn,3.35,False,target_isolation_forest,2402,40,40,1.0,0.6912870963728406,0.705605408368137,1kW
1kW,1kW_turn_current_4p41pct,interturn,4.41,False,target_isolation_forest,2402,40,40,1.0,0.7010970703071705,0.7084997816568934,1kW
1kW,1kW_turn_current_6p48pct,interturn,6.48,False,target_isolation_forest,2402,40,40,1.0,0.6924465365659849,0.7058499080286098,1kW
1kW,1kW_coil_current_0p68pct,intercoil,0.68,False,target_isolation_forest,3603,40,40,1.0,0.7009932608422003,0.7056681959271671,1kW
1kW,1kW_coil_current_0p81pct,intercoil,0.81,False,target_isolation_forest,3603,40,40,1.0,0.7049694638102979,0.712011341729744,1kW
1kW,1kW_coil_current_0pct,intercoil,0.0,True,target_isolation_forest,3603,14,1,0.07142857142857142,0.5240660807665717,0.5782027993940719,1kW
1kW,1kW_coil_current_1p01pct,intercoil,1.01,False,target_isolation_forest,3603,40,40,1.0,0.6191029311075253,0.6487914484076032,1kW
1kW,1kW_coil_current_1p34pct,intercoil,1.34,False,target_isolation_forest,3603,40,40,1.0,0.7011972704843451,0.7088613916745705,1kW
1kW,1kW_coil_current_2pct,intercoil,2.0,False,target_isolation_forest,3603,40,40,1.0,0.6899597143999515,0.6982264953629088,1kW
1kW,1kW_coil_current_3p93pct,intercoil,3.93,False,target_isolation_forest,3603,40,40,1.0,0.7003759514595214,0.706270234380275,1kW
1kW,1kW_coil_current_7p56pct,intercoil,7.56,False,target_isolation_forest,3603,40,40,1.0,0.6282155719498564,0.648851864729153,1kW
1kW,1kW_turn_current_12p17pct,interturn,12.17,False,target_isolation_forest,3603,40,40,1.0,0.6999118583634512,0.7038772204446581,1kW
1kW,1kW_turn_current_21p69pct,interturn,21.69,False,target_isolation_forest,3603,40,40,1.0,0.6985922895070327,0.7046424025193274,1kW
1kW,1kW_turn_current_2p26pct,interturn,2.26,False,target_isolation_forest,3603,40,40,1.0,0.7011304618843741,0.7098539818540274,1kW
1kW,1kW_turn_current_2p7pct,interturn,2.7,False,target_isolation_forest,3603,40,40,1.0,0.7020901957936073,0.7079409840625556,1kW
1kW,1kW_turn_current_3p35pct,interturn,3.35,False,target_isolation_forest,3603,40,40,1.0,0.6844544686299394,0.6964847170715492,1kW
1kW,1kW_turn_current_4p41pct,interturn,4.41,False,target_isolation_forest,3603,40,40,1.0,0.7006755776689885,0.7037443442039116,1kW
1kW,1kW_turn_current_6p48pct,interturn,6.48,False,target_isolation_forest,3603,40,40,1.0,0.6861834432017213,0.6981444207820209,1kW
1kW,1kW_coil_current_0p68pct,intercoil,0.68,False,target_isolation_forest,4804,40,40,1.0,0.6997895095039148,0.7039122967997861,1kW
1kW,1kW_coil_current_0p81pct,intercoil,0.81,False,target_isolation_forest,4804,40,40,1.0,0.703604806848289,0.7076391592343519,1kW
1kW,1kW_coil_current_0pct,intercoil,0.0,True,target_isolation_forest,4804,14,0,0.0,0.5240860895221743,0.5704365673288989,1kW
1kW,1kW_coil_current_1p01pct,intercoil,1.01,False,target_isolation_forest,4804,40,40,1.0,0.6189141860307952,0.6471077070902393,1kW
1kW,1kW_coil_current_1p34pct,intercoil,1.34,False,target_isolation_forest,4804,40,40,1.0,0.6998361546180659,0.7057660769701666,1kW
1kW,1kW_coil_current_2pct,intercoil,2.0,False,target_isolation_forest,4804,40,40,1.0,0.6890249758510267,0.6980554544075255,1kW
1kW,1kW_coil_current_3p93pct,intercoil,3.93,False,target_isolation_forest,4804,40,40,1.0,0.6994281611480625,0.7079068471612565,1kW
1kW,1kW_coil_current_7p56pct,intercoil,7.56,False,target_isolation_forest,4804,40,40,1.0,0.6199198422215876,0.6414963711851769,1kW
1kW,1kW_turn_current_12p17pct,interturn,12.17,False,target_isolation_forest,4804,40,40,1.0,0.6993151126287029,0.7040469620009013,1kW
1kW,1kW_turn_current_21p69pct,interturn,21.69,False,target_isolation_forest,4804,40,40,1.0,0.7008407421199534,0.7053326908944819,1kW
1kW,1kW_turn_current_2p26pct,interturn,2.26,False,target_isolation_forest,4804,40,40,1.0,0.7007412438951367,0.7089553108855461,1kW
1kW,1kW_turn_current_2p7pct,interturn,2.7,False,target_isolation_forest,4804,40,40,1.0,0.7011124339634791,0.7040469620009013,1kW
1kW,1kW_turn_current_3p35pct,interturn,3.35,False,target_isolation_forest,4804,40,40,1.0,0.6859322246659583,0.6980384161191127,1kW
1kW,1kW_turn_current_4p41pct,interturn,4.41,False,target_isolation_forest,4804,40,40,1.0,0.6993850375668138,0.7039140537167542,1kW
1kW,1kW_turn_current_6p48pct,interturn,6.48,False,target_isolation_forest,4804,40,40,1.0,0.687953343475517,0.6994662821466232,1kW
1kW,1kW_coil_current_0p68pct,intercoil,0.68,False,source_target_isolation_forest,20260820,40,40,1.0,0.7396059196018201,0.7501377234653649,1kW
1kW,1kW_coil_current_0p81pct,intercoil,0.81,False,source_target_isolation_forest,20260820,40,40,1.0,0.7458084597468917,0.7513051236583514,1kW
1kW,1kW_coil_current_0pct,intercoil,0.0,True,source_target_isolation_forest,20260820,14,0,0.0,0.5073175769592035,0.5711673136349216,1kW
1kW,1kW_coil_current_1p01pct,intercoil,1.01,False,source_target_isolation_forest,20260820,40,40,1.0,0.6318849926534629,0.6650502433683173,1kW
1kW,1kW_coil_current_1p34pct,intercoil,1.34,False,source_target_isolation_forest,20260820,40,40,1.0,0.7383049936275247,0.7480986991687449,1kW
1kW,1kW_coil_current_2pct,intercoil,2.0,False,source_target_isolation_forest,20260820,40,40,1.0,0.7225355073183843,0.7392536752611327,1kW
1kW,1kW_coil_current_3p93pct,intercoil,3.93,False,source_target_isolation_forest,20260820,40,40,1.0,0.7399436140089125,0.7480986991687449,1kW
1kW,1kW_coil_current_7p56pct,intercoil,7.56,False,source_target_isolation_forest,20260820,40,40,1.0,0.6475116517799517,0.6660330539935161,1kW
1kW,1kW_turn_current_12p17pct,interturn,12.17,False,source_target_isolation_forest,20260820,40,40,1.0,0.7360576613924172,0.7515560864979949,1kW
1kW,1kW_turn_current_21p69pct,interturn,21.69,False,source_target_isolation_forest,20260820,40,40,1.0,0.7370492531125674,0.7490344003151539,1kW
1kW,1kW_turn_current_2p26pct,interturn,2.26,False,source_target_isolation_forest,20260820,40,40,1.0,0.7428958579926702,0.7515560864979949,1kW
1kW,1kW_turn_current_2p7pct,interturn,2.7,False,source_target_isolation_forest,20260820,40,40,1.0,0.7430120012652222,0.7515560864979949,1kW
1kW,1kW_turn_current_3p35pct,interturn,3.35,False,source_target_isolation_forest,20260820,40,40,1.0,0.7146975436595995,0.7347508754112209,1kW
1kW,1kW_turn_current_4p41pct,interturn,4.41,False,source_target_isolation_forest,20260820,40,40,1.0,0.7368747011875703,0.7463323443303744,1kW
1kW,1kW_turn_current_6p48pct,interturn,6.48,False,source_target_isolation_forest,20260820,40,40,1.0,0.7218513784047478,0.7429994994289308,1kW
1kW,1kW_coil_current_0p68pct,intercoil,0.68,False,source_target_isolation_forest,1201,40,40,1.0,0.7465646258616353,0.7582486632778357,1kW
1kW,1kW_coil_current_0p81pct,intercoil,0.81,False,source_target_isolation_forest,1201,40,40,1.0,0.7526819957206023,0.7577512661845597,1kW
1kW,1kW_coil_current_0pct,intercoil,0.0,True,source_target_isolation_forest,1201,14,0,0.0,0.505140177445291,0.5636544699634886,1kW
1kW,1kW_coil_current_1p01pct,intercoil,1.01,False,source_target_isolation_forest,1201,40,40,1.0,0.6233090321582361,0.6571751763570772,1kW
1kW,1kW_coil_current_1p34pct,intercoil,1.34,False,source_target_isolation_forest,1201,40,40,1.0,0.7453600160072168,0.7582486632778357,1kW
1kW,1kW_coil_current_2pct,intercoil,2.0,False,source_target_isolation_forest,1201,40,40,1.0,0.7294511510970226,0.7495685699915465,1kW
1kW,1kW_coil_current_3p93pct,intercoil,3.93,False,source_target_isolation_forest,1201,40,40,1.0,0.7476800496319621,0.7582486632778357,1kW
1kW,1kW_coil_current_7p56pct,intercoil,7.56,False,source_target_isolation_forest,1201,40,40,1.0,0.6451688130940845,0.6629589130055905,1kW
1kW,1kW_turn_current_12p17pct,interturn,12.17,False,source_target_isolation_forest,1201,40,40,1.0,0.7429806930331794,0.758632643554339,1kW
1kW,1kW_turn_current_21p69pct,interturn,21.69,False,source_target_isolation_forest,1201,40,40,1.0,0.7450099521725084,0.755565259508714,1kW
1kW,1kW_turn_current_2p26pct,interturn,2.26,False,source_target_isolation_forest,1201,40,40,1.0,0.7492619733056792,0.758632643554339,1kW
1kW,1kW_turn_current_2p7pct,interturn,2.7,False,source_target_isolation_forest,1201,40,40,1.0,0.7517038422179081,0.758632643554339,1kW
1kW,1kW_turn_current_3p35pct,interturn,3.35,False,source_target_isolation_forest,1201,40,40,1.0,0.7196293486585049,0.7384462979504591,1kW
1kW,1kW_turn_current_4p41pct,interturn,4.41,False,source_target_isolation_forest,1201,40,40,1.0,0.7436212400888061,0.7559752864146001,1kW
1kW,1kW_turn_current_6p48pct,interturn,6.48,False,source_target_isolation_forest,1201,40,40,1.0,0.7267045207265392,0.7474997672573329,1kW
1kW,1kW_coil_current_0p68pct,intercoil,0.68,False,source_target_isolation_forest,2402,40,40,1.0,0.7436847359013109,0.7521778900562968,1kW
1kW,1kW_coil_current_0p81pct,intercoil,0.81,False,source_target_isolation_forest,2402,40,40,1.0,0.7493866261052038,0.7535585655014168,1kW
1kW,1kW_coil_current_0pct,intercoil,0.0,True,source_target_isolation_forest,2402,14,0,0.0,0.5031022452633577,0.5635360010007716,1kW
1kW,1kW_coil_current_1p01pct,intercoil,1.01,False,source_target_isolation_forest,2402,40,40,1.0,0.6207338840378136,0.6486678497985643,1kW
1kW,1kW_coil_current_1p34pct,intercoil,1.34,False,source_target_isolation_forest,2402,40,40,1.0,0.7424281161193662,0.7516846836682103,1kW
1kW,1kW_coil_current_2pct,intercoil,2.0,False,source_target_isolation_forest,2402,40,40,1.0,0.7287055857741512,0.7416322186255009,1kW
1kW,1kW_coil_current_3p93pct,intercoil,3.93,False,source_target_isolation_forest,2402,40,40,1.0,0.7439479213568188,0.7516846836682103,1kW
1kW,1kW_coil_current_7p56pct,intercoil,7.56,False,source_target_isolation_forest,2402,40,40,1.0,0.6368129874022619,0.6560320629712293,1kW
1kW,1kW_turn_current_12p17pct,interturn,12.17,False,source_target_isolation_forest,2402,40,40,1.0,0.7410652174970888,0.7533811325702635,1kW
1kW,1kW_turn_current_21p69pct,interturn,21.69,False,source_target_isolation_forest,2402,40,40,1.0,0.7430893438714891,0.7501296502682834,1kW
1kW,1kW_turn_current_2p26pct,interturn,2.26,False,source_target_isolation_forest,2402,40,40,1.0,0.7454711166265178,0.7533811325702635,1kW
1kW,1kW_turn_current_2p7pct,interturn,2.7,False,source_target_isolation_forest,2402,40,40,1.0,0.7471819756610741,0.7533811325702635,1kW
1kW,1kW_turn_current_3p35pct,interturn,3.35,False,source_target_isolation_forest,2402,40,40,1.0,0.7206346626198991,0.7400041168975262,1kW
1kW,1kW_turn_current_4p41pct,interturn,4.41,False,source_target_isolation_forest,2402,40,40,1.0,0.7416041792088436,0.7506492694460299,1kW
1kW,1kW_turn_current_6p48pct,interturn,6.48,False,source_target_isolation_forest,2402,40,40,1.0,0.7264354065220002,0.7400156268042876,1kW
1kW,1kW_coil_current_0p68pct,intercoil,0.68,False,source_target_isolation_forest,3603,40,40,1.0,0.741681217636941,0.7512808787131406,1kW
1kW,1kW_coil_current_0p81pct,intercoil,0.81,False,source_target_isolation_forest,3603,40,40,1.0,0.7507390685219291,0.7555156862935711,1kW
1kW,1kW_coil_current_0pct,intercoil,0.0,True,source_target_isolation_forest,3603,14,0,0.0,0.5114638892179497,0.5717706082939618,1kW
1kW,1kW_coil_current_1p01pct,intercoil,1.01,False,source_target_isolation_forest,3603,40,40,1.0,0.6266499454740728,0.6599406869676698,1kW
1kW,1kW_coil_current_1p34pct,intercoil,1.34,False,source_target_isolation_forest,3603,40,40,1.0,0.7411288222265551,0.749062517985495,1kW
1kW,1kW_coil_current_2pct,intercoil,2.0,False,source_target_isolation_forest,3603,40,40,1.0,0.7249891591602857,0.7416274136453697,1kW
1kW,1kW_coil_current_3p93pct,intercoil,3.93,False,source_target_isolation_forest,3603,40,40,1.0,0.7418882469955592,0.7485210615896255,1kW
1kW,1kW_coil_current_7p56pct,intercoil,7.56,False,source_target_isolation_forest,3603,40,40,1.0,0.6403553771965417,0.6648331215628422,1kW
1kW,1kW_turn_current_12p17pct,interturn,12.17,False,source_target_isolation_forest,3603,40,40,1.0,0.7409670662034344,0.7518269167570315,1kW
1kW,1kW_turn_current_21p69pct,interturn,21.69,False,source_target_isolation_forest,3603,40,40,1.0,0.7443444081306528,0.7529948851941468,1kW
1kW,1kW_turn_current_2p26pct,interturn,2.26,False,source_target_isolation_forest,3603,40,40,1.0,0.7450060979897694,0.7518269167570315,1kW
1kW,1kW_turn_current_2p7pct,interturn,2.7,False,source_target_isolation_forest,3603,40,40,1.0,0.7452514074186848,0.7518269167570315,1kW
1kW,1kW_turn_current_3p35pct,interturn,3.35,False,source_target_isolation_forest,3603,40,40,1.0,0.7228759550576497,0.7430361821445141,1kW
1kW,1kW_turn_current_4p41pct,interturn,4.41,False,source_target_isolation_forest,3603,40,40,1.0,0.7411122198887311,0.7484123025767343,1kW
1kW,1kW_turn_current_6p48pct,interturn,6.48,False,source_target_isolation_forest,3603,40,40,1.0,0.7257053044182107,0.7417873203703642,1kW
1kW,1kW_coil_current_0p68pct,intercoil,0.68,False,source_target_isolation_forest,4804,40,40,1.0,0.7365782584937028,0.7461819990514387,1kW
1kW,1kW_coil_current_0p81pct,intercoil,0.81,False,source_target_isolation_forest,4804,40,40,1.0,0.7425599666132214,0.7499368392783861,1kW
1kW,1kW_coil_current_0pct,intercoil,0.0,True,source_target_isolation_forest,4804,14,0,0.0,0.5074768529276839,0.559866050640846,1kW
1kW,1kW_coil_current_1p01pct,intercoil,1.01,False,source_target_isolation_forest,4804,40,40,1.0,0.6247036151755454,0.6523899182875704,1kW
1kW,1kW_coil_current_1p34pct,intercoil,1.34,False,source_target_isolation_forest,4804,40,40,1.0,0.736321413036167,0.7453407495561518,1kW
1kW,1kW_coil_current_2pct,intercoil,2.0,False,source_target_isolation_forest,4804,40,40,1.0,0.7183284306997753,0.7344976773129742,1kW
1kW,1kW_coil_current_3p93pct,intercoil,3.93,False,source_target_isolation_forest,4804,40,40,1.0,0.7374510192924135,0.7453407495561518,1kW
1kW,1kW_coil_current_7p56pct,intercoil,7.56,False,source_target_isolation_forest,4804,40,40,1.0,0.6447971636106798,0.6627387008818604,1kW
1kW,1kW_turn_current_12p17pct,interturn,12.17,False,source_target_isolation_forest,4804,40,40,1.0,0.7337384263341129,0.7467276461538036,1kW
1kW,1kW_turn_current_21p69pct,interturn,21.69,False,source_target_isolation_forest,4804,40,40,1.0,0.7336471912572372,0.7430443786673415,1kW
1kW,1kW_turn_current_2p26pct,interturn,2.26,False,source_target_isolation_forest,4804,40,40,1.0,0.738942968376092,0.7486628945898541,1kW
1kW,1kW_turn_current_2p7pct,interturn,2.7,False,source_target_isolation_forest,4804,40,40,1.0,0.7397901420790809,0.7467276461538036,1kW
1kW,1kW_turn_current_3p35pct,interturn,3.35,False,source_target_isolation_forest,4804,40,40,1.0,0.7137663772131264,0.7329594990422261,1kW
1kW,1kW_turn_current_4p41pct,interturn,4.41,False,source_target_isolation_forest,4804,40,40,1.0,0.7340183299672022,0.7439118044800866,1kW
1kW,1kW_turn_current_6p48pct,interturn,6.48,False,source_target_isolation_forest,4804,40,40,1.0,0.7162211500602129,0.7350467252683711,1kW
1kW,1kW_coil_current_0p68pct,intercoil,0.68,False,target_min_cov_det,20260820,40,40,1.0,1075133.123490191,1174069.2260028732,1kW
1kW,1kW_coil_current_0p81pct,intercoil,0.81,False,target_min_cov_det,20260820,40,40,1.0,1104094.0646741856,1252878.6051724823,1kW
1kW,1kW_coil_current_0pct,intercoil,0.0,True,target_min_cov_det,20260820,14,2,0.14285714285714285,174.79184111702776,363.5550034300218,1kW
1kW,1kW_coil_current_1p01pct,intercoil,1.01,False,target_min_cov_det,20260820,40,35,0.875,403.555220376048,905.4330095453619,1kW
1kW,1kW_coil_current_1p34pct,intercoil,1.34,False,target_min_cov_det,20260820,40,40,1.0,1035113.3529644462,1124230.4337472173,1kW
1kW,1kW_coil_current_2pct,intercoil,2.0,False,target_min_cov_det,20260820,40,40,1.0,21677.890439118644,63425.8999948996,1kW
1kW,1kW_coil_current_3p93pct,intercoil,3.93,False,target_min_cov_det,20260820,40,40,1.0,1022484.0576198999,1125479.4726706513,1kW
1kW,1kW_coil_current_7p56pct,intercoil,7.56,False,target_min_cov_det,20260820,40,40,1.0,1633.560085649277,1878.3361205742572,1kW
1kW,1kW_turn_current_12p17pct,interturn,12.17,False,target_min_cov_det,20260820,40,40,1.0,951165.5516198182,1149472.3330290974,1kW
1kW,1kW_turn_current_21p69pct,interturn,21.69,False,target_min_cov_det,20260820,40,40,1.0,50186.712505095056,181601.5032605355,1kW
1kW,1kW_turn_current_2p26pct,interturn,2.26,False,target_min_cov_det,20260820,40,40,1.0,996258.1150714264,1089849.8494786983,1kW
1kW,1kW_turn_current_2p7pct,interturn,2.7,False,target_min_cov_det,20260820,40,40,1.0,1153577.6750045572,1310764.5868637066,1kW
1kW,1kW_turn_current_3p35pct,interturn,3.35,False,target_min_cov_det,20260820,40,40,1.0,19130.32177462178,27960.576216032867,1kW
1kW,1kW_turn_current_4p41pct,interturn,4.41,False,target_min_cov_det,20260820,40,40,1.0,967517.3194944632,1076566.14015273,1kW
1kW,1kW_turn_current_6p48pct,interturn,6.48,False,target_min_cov_det,20260820,40,40,1.0,17192.7657744856,99997.909976735,1kW
1kW,1kW_coil_current_0p68pct,intercoil,0.68,False,target_min_cov_det,1201,40,40,1.0,1427626.2702058174,1573637.9309572242,1kW
1kW,1kW_coil_current_0p81pct,intercoil,0.81,False,target_min_cov_det,1201,40,40,1.0,976733.139100844,1085651.557340112,1kW
1kW,1kW_coil_current_0pct,intercoil,0.0,True,target_min_cov_det,1201,14,1,0.07142857142857142,208.3365637966883,580.4289298244125,1kW
1kW,1kW_coil_current_1p01pct,intercoil,1.01,False,target_min_cov_det,1201,40,15,0.375,427.8560536833681,623.7318763092487,1kW
1kW,1kW_coil_current_1p34pct,intercoil,1.34,False,target_min_cov_det,1201,40,40,1.0,1301593.5163080168,1418425.2431889868,1kW
1kW,1kW_coil_current_2pct,intercoil,2.0,False,target_min_cov_det,1201,40,40,1.0,18058.963643217026,32868.35139677719,1kW
1kW,1kW_coil_current_3p93pct,intercoil,3.93,False,target_min_cov_det,1201,40,40,1.0,1219501.4768000143,1358291.2070537158,1kW
1kW,1kW_coil_current_7p56pct,intercoil,7.56,False,target_min_cov_det,1201,40,40,1.0,2979.3635071019166,3642.54381227746,1kW
1kW,1kW_turn_current_12p17pct,interturn,12.17,False,target_min_cov_det,1201,40,40,1.0,972106.0057665219,1023694.3145066109,1kW
1kW,1kW_turn_current_21p69pct,interturn,21.69,False,target_min_cov_det,1201,40,40,1.0,39665.3645223179,142475.00188226945,1kW
1kW,1kW_turn_current_2p26pct,interturn,2.26,False,target_min_cov_det,1201,40,40,1.0,937337.9362454333,1023881.8141987802,1kW
1kW,1kW_turn_current_2p7pct,interturn,2.7,False,target_min_cov_det,1201,40,40,1.0,1734572.6761812358,2112218.6490452173,1kW
1kW,1kW_turn_current_3p35pct,interturn,3.35,False,target_min_cov_det,1201,40,40,1.0,16500.053481215185,22885.134250669427,1kW
1kW,1kW_turn_current_4p41pct,interturn,4.41,False,target_min_cov_det,1201,40,40,1.0,1309359.694670105,1424295.4984352465,1kW
1kW,1kW_turn_current_6p48pct,interturn,6.48,False,target_min_cov_det,1201,40,40,1.0,15531.532276399652,66555.80003078278,1kW
1kW,1kW_coil_current_0p68pct,intercoil,0.68,False,target_min_cov_det,2402,40,40,1.0,977637.8568921856,1068674.7312798814,1kW
1kW,1kW_coil_current_0p81pct,intercoil,0.81,False,target_min_cov_det,2402,40,40,1.0,946949.817838422,1090171.9303211633,1kW
1kW,1kW_coil_current_0pct,intercoil,0.0,True,target_min_cov_det,2402,14,1,0.07142857142857142,184.74662646857493,363.7930439575894,1kW
1kW,1kW_coil_current_1p01pct,intercoil,1.01,False,target_min_cov_det,2402,40,40,1.0,389.33667484327896,821.2279188679394,1kW
1kW,1kW_coil_current_1p34pct,intercoil,1.34,False,target_min_cov_det,2402,40,40,1.0,938472.130965972,1027908.8641728667,1kW
1kW,1kW_coil_current_2pct,intercoil,2.0,False,target_min_cov_det,2402,40,40,1.0,31161.193406515493,86333.15511843628,1kW
1kW,1kW_coil_current_3p93pct,intercoil,3.93,False,target_min_cov_det,2402,40,40,1.0,914606.4872992111,1001068.7501245925,1kW
1kW,1kW_coil_current_7p56pct,intercoil,7.56,False,target_min_cov_det,2402,40,40,1.0,1508.195852052097,1695.2412736977292,1kW
1kW,1kW_turn_current_12p17pct,interturn,12.17,False,target_min_cov_det,2402,40,40,1.0,834584.6358031894,985410.1651496453,1kW
1kW,1kW_turn_current_21p69pct,interturn,21.69,False,target_min_cov_det,2402,40,40,1.0,42020.89333389562,116473.61768028533,1kW
1kW,1kW_turn_current_2p26pct,interturn,2.26,False,target_min_cov_det,2402,40,40,1.0,882872.4154496528,955266.0211644274,1kW
1kW,1kW_turn_current_2p7pct,interturn,2.7,False,target_min_cov_det,2402,40,40,1.0,1060702.228966287,1197473.1641687346,1kW
1kW,1kW_turn_current_3p35pct,interturn,3.35,False,target_min_cov_det,2402,40,40,1.0,24350.712588055725,32968.491219552154,1kW
1kW,1kW_turn_current_4p41pct,interturn,4.41,False,target_min_cov_det,2402,40,40,1.0,887007.3265066355,973384.2491717117,1kW
1kW,1kW_turn_current_6p48pct,interturn,6.48,False,target_min_cov_det,2402,40,40,1.0,22171.910301044692,71262.34652446158,1kW
1kW,1kW_coil_current_0p68pct,intercoil,0.68,False,target_min_cov_det,3603,40,40,1.0,1353068.1634376359,1488713.0077690613,1kW
1kW,1kW_coil_current_0p81pct,intercoil,0.81,False,target_min_cov_det,3603,40,40,1.0,998052.7473854029,1185990.9803017809,1kW
1kW,1kW_coil_current_0pct,intercoil,0.0,True,target_min_cov_det,3603,14,1,0.07142857142857142,166.83124124013287,388.91973759224175,1kW
1kW,1kW_coil_current_1p01pct,intercoil,1.01,False,target_min_cov_det,3603,40,39,0.975,459.61798190154315,722.8481665024308,1kW
1kW,1kW_coil_current_1p34pct,intercoil,1.34,False,target_min_cov_det,3603,40,40,1.0,1232189.2070257387,1380405.7973467289,1kW
1kW,1kW_coil_current_2pct,intercoil,2.0,False,target_min_cov_det,3603,40,40,1.0,22729.542551338345,56025.545727900804,1kW
1kW,1kW_coil_current_3p93pct,intercoil,3.93,False,target_min_cov_det,3603,40,40,1.0,1159579.9355007275,1286268.3366697468,1kW
1kW,1kW_coil_current_7p56pct,intercoil,7.56,False,target_min_cov_det,3603,40,40,1.0,2524.771091062607,2929.4718982814334,1kW
1kW,1kW_turn_current_12p17pct,interturn,12.17,False,target_min_cov_det,3603,40,40,1.0,891306.7786359135,1070265.4392671606,1kW
1kW,1kW_turn_current_21p69pct,interturn,21.69,False,target_min_cov_det,3603,40,40,1.0,36082.01366483515,121622.51533339662,1kW
1kW,1kW_turn_current_2p26pct,interturn,2.26,False,target_min_cov_det,3603,40,40,1.0,914952.7530038683,1008499.5581106705,1kW
1kW,1kW_turn_current_2p7pct,interturn,2.7,False,target_min_cov_det,3603,40,40,1.0,1616086.2585711223,1930181.029965304,1kW
1kW,1kW_turn_current_3p35pct,interturn,3.35,False,target_min_cov_det,3603,40,40,1.0,19470.512261900636,27470.56581233449,1kW
1kW,1kW_turn_current_4p41pct,interturn,4.41,False,target_min_cov_det,3603,40,40,1.0,1207043.2243037354,1335557.8006099467,1kW
1kW,1kW_turn_current_6p48pct,interturn,6.48,False,target_min_cov_det,3603,40,40,1.0,18231.759382003438,76299.46732941532,1kW
1kW,1kW_coil_current_0p68pct,intercoil,0.68,False,target_min_cov_det,4804,40,40,1.0,1419136.9397440562,1560537.3599221567,1kW
1kW,1kW_coil_current_0p81pct,intercoil,0.81,False,target_min_cov_det,4804,40,40,1.0,1289917.268667661,1479820.7917403835,1kW
1kW,1kW_coil_current_0pct,intercoil,0.0,True,target_min_cov_det,4804,14,2,0.14285714285714285,186.97659788786157,374.8366257609262,1kW
1kW,1kW_coil_current_1p01pct,intercoil,1.01,False,target_min_cov_det,4804,40,39,0.975,434.89050259356645,673.1303049480414,1kW
1kW,1kW_coil_current_1p34pct,intercoil,1.34,False,target_min_cov_det,4804,40,40,1.0,1340316.7897534114,1492700.6071794562,1kW
1kW,1kW_coil_current_2pct,intercoil,2.0,False,target_min_cov_det,4804,40,40,1.0,21102.282277855214,35362.72515047196,1kW
1kW,1kW_coil_current_3p93pct,intercoil,3.93,False,target_min_cov_det,4804,40,40,1.0,1315119.8716367637,1498778.4645741566,1kW
1kW,1kW_coil_current_7p56pct,intercoil,7.56,False,target_min_cov_det,4804,40,40,1.0,1670.6783053108356,1954.8369068988952,1kW
1kW,1kW_turn_current_12p17pct,interturn,12.17,False,target_min_cov_det,4804,40,40,1.0,1008889.9963444176,1092078.217678547,1kW
1kW,1kW_turn_current_21p69pct,interturn,21.69,False,target_min_cov_det,4804,40,40,1.0,51400.792926596965,128377.63517821072,1kW
1kW,1kW_turn_current_2p26pct,interturn,2.26,False,target_min_cov_det,4804,40,40,1.0,1099932.675523422,1203038.5474989833,1kW
1kW,1kW_turn_current_2p7pct,interturn,2.7,False,target_min_cov_det,4804,40,40,1.0,1527906.2961294395,1692069.6993663716,1kW
1kW,1kW_turn_current_3p35pct,interturn,3.35,False,target_min_cov_det,4804,40,40,1.0,24667.14518662127,35489.474027002056,1kW
1kW,1kW_turn_current_4p41pct,interturn,4.41,False,target_min_cov_det,4804,40,40,1.0,1248407.3977338206,1427924.0725012673,1kW
1kW,1kW_turn_current_6p48pct,interturn,6.48,False,target_min_cov_det,4804,40,40,1.0,18355.447949279427,70464.41338345675,1kW
1kW,1kW_coil_current_0p68pct,intercoil,0.68,False,source_target_min_cov_det,20260820,40,40,1.0,1204636.958358682,1324371.4221621775,1kW
1kW,1kW_coil_current_0p81pct,intercoil,0.81,False,source_target_min_cov_det,20260820,40,40,1.0,1060805.1731214698,1247063.963932398,1kW
1kW,1kW_coil_current_0pct,intercoil,0.0,True,source_target_min_cov_det,20260820,14,1,0.07142857142857142,612.9193473629065,1657.382002922439,1kW
1kW,1kW_coil_current_1p01pct,intercoil,1.01,False,source_target_min_cov_det,20260820,40,40,1.0,4950.627441634586,7700.132379291796,1kW
1kW,1kW_coil_current_1p34pct,intercoil,1.34,False,source_target_min_cov_det,20260820,40,40,1.0,1186556.646038667,1318078.5682889193,1kW
1kW,1kW_coil_current_2pct,intercoil,2.0,False,source_target_min_cov_det,20260820,40,40,1.0,24948.167107243637,112164.35477481257,1kW
1kW,1kW_coil_current_3p93pct,intercoil,3.93,False,source_target_min_cov_det,20260820,40,40,1.0,1202603.731855786,1342180.2463045253,1kW
1kW,1kW_coil_current_7p56pct,intercoil,7.56,False,source_target_min_cov_det,20260820,40,40,1.0,3127.3701571817123,3990.565114637512,1kW
1kW,1kW_turn_current_12p17pct,interturn,12.17,False,source_target_min_cov_det,20260820,40,40,1.0,794742.1179483703,839537.7048309266,1kW
1kW,1kW_turn_current_21p69pct,interturn,21.69,False,source_target_min_cov_det,20260820,40,40,1.0,174213.09528662908,363042.9341035471,1kW
1kW,1kW_turn_current_2p26pct,interturn,2.26,False,source_target_min_cov_det,20260820,40,40,1.0,902225.2425592209,1016123.665299864,1kW
1kW,1kW_turn_current_2p7pct,interturn,2.7,False,source_target_min_cov_det,20260820,40,40,1.0,990083.9091353363,1137716.7972167474,1kW
1kW,1kW_turn_current_3p35pct,interturn,3.35,False,source_target_min_cov_det,20260820,40,40,1.0,28289.964432105655,37042.92425559208,1kW
1kW,1kW_turn_current_4p41pct,interturn,4.41,False,source_target_min_cov_det,20260820,40,40,1.0,951260.4478518426,1038314.1547950257,1kW
1kW,1kW_turn_current_6p48pct,interturn,6.48,False,source_target_min_cov_det,20260820,40,40,1.0,17977.71064636406,43583.799842047985,1kW
1kW,1kW_coil_current_0p68pct,intercoil,0.68,False,source_target_min_cov_det,1201,40,40,1.0,1525944.0106826867,1683335.0017774308,1kW
1kW,1kW_coil_current_0p81pct,intercoil,0.81,False,source_target_min_cov_det,1201,40,40,1.0,1455088.389898314,1656710.4850752652,1kW
1kW,1kW_coil_current_0pct,intercoil,0.0,True,source_target_min_cov_det,1201,14,1,0.07142857142857142,917.7495932348756,2676.641043131177,1kW
1kW,1kW_coil_current_1p01pct,intercoil,1.01,False,source_target_min_cov_det,1201,40,40,1.0,6926.992997168413,10888.501684208162,1kW
1kW,1kW_coil_current_1p34pct,intercoil,1.34,False,source_target_min_cov_det,1201,40,40,1.0,1494619.819567413,1657957.1644788,1kW
1kW,1kW_coil_current_2pct,intercoil,2.0,False,source_target_min_cov_det,1201,40,40,1.0,32878.32822726362,173232.72709367063,1kW
1kW,1kW_coil_current_3p93pct,intercoil,3.93,False,source_target_min_cov_det,1201,40,40,1.0,1524323.195913042,1710989.2878570973,1kW
1kW,1kW_coil_current_7p56pct,intercoil,7.56,False,source_target_min_cov_det,1201,40,40,1.0,3306.984103919292,4561.666278864363,1kW
1kW,1kW_turn_current_12p17pct,interturn,12.17,False,source_target_min_cov_det,1201,40,40,1.0,1100143.6505329625,1163013.3269502632,1kW
1kW,1kW_turn_current_21p69pct,interturn,21.69,False,source_target_min_cov_det,1201,40,40,1.0,290014.82312260283,581835.7797693737,1kW
1kW,1kW_turn_current_2p26pct,interturn,2.26,False,source_target_min_cov_det,1201,40,40,1.0,1222531.0815905356,1361366.2558231973,1kW
1kW,1kW_turn_current_2p7pct,interturn,2.7,False,source_target_min_cov_det,1201,40,40,1.0,1269029.6585366684,1439217.1037858103,1kW
1kW,1kW_turn_current_3p35pct,interturn,3.35,False,source_target_min_cov_det,1201,40,40,1.0,34201.067814649476,43322.57604242248,1kW
1kW,1kW_turn_current_4p41pct,interturn,4.41,False,source_target_min_cov_det,1201,40,40,1.0,1218760.683922919,1324642.3039798185,1kW
1kW,1kW_turn_current_6p48pct,interturn,6.48,False,source_target_min_cov_det,1201,40,40,1.0,24436.14750592217,74969.08936868602,1kW
1kW,1kW_coil_current_0p68pct,intercoil,0.68,False,source_target_min_cov_det,2402,40,40,1.0,1139440.3970212464,1248940.4164011264,1kW
1kW,1kW_coil_current_0p81pct,intercoil,0.81,False,source_target_min_cov_det,2402,40,40,1.0,1145160.1083955534,1254711.7982292997,1kW
1kW,1kW_coil_current_0pct,intercoil,0.0,True,source_target_min_cov_det,2402,14,1,0.07142857142857142,258.23620414891695,575.9370722353417,1kW
1kW,1kW_coil_current_1p01pct,intercoil,1.01,False,source_target_min_cov_det,2402,40,40,1.0,1180.368163398714,1627.4230495703878,1kW
1kW,1kW_coil_current_1p34pct,intercoil,1.34,False,source_target_min_cov_det,2402,40,40,1.0,1109627.5859219816,1217211.6311027568,1kW
1kW,1kW_coil_current_2pct,intercoil,2.0,False,source_target_min_cov_det,2402,40,40,1.0,16616.75889288841,39111.62104555797,1kW
1kW,1kW_coil_current_3p93pct,intercoil,3.93,False,source_target_min_cov_det,2402,40,40,1.0,1127583.7075446402,1261919.0087411692,1kW
1kW,1kW_coil_current_7p56pct,intercoil,7.56,False,source_target_min_cov_det,2402,40,40,1.0,2818.796847052248,3521.9995815126135,1kW
1kW,1kW_turn_current_12p17pct,interturn,12.17,False,source_target_min_cov_det,2402,40,40,1.0,904010.1281517278,946781.8058381347,1kW
1kW,1kW_turn_current_21p69pct,interturn,21.69,False,source_target_min_cov_det,2402,40,40,1.0,48285.88653345929,86881.89370967452,1kW
1kW,1kW_turn_current_2p26pct,interturn,2.26,False,source_target_min_cov_det,2402,40,40,1.0,975423.9688914279,1063577.2947975823,1kW
1kW,1kW_turn_current_2p7pct,interturn,2.7,False,source_target_min_cov_det,2402,40,40,1.0,981747.284479833,1106387.1774797437,1kW
1kW,1kW_turn_current_3p35pct,interturn,3.35,False,source_target_min_cov_det,2402,40,40,1.0,23261.393260913203,33536.99234167387,1kW
1kW,1kW_turn_current_4p41pct,interturn,4.41,False,source_target_min_cov_det,2402,40,40,1.0,931952.3214530984,996603.2406061075,1kW
1kW,1kW_turn_current_6p48pct,interturn,6.48,False,source_target_min_cov_det,2402,40,40,1.0,11970.169038284372,24518.111809522437,1kW
1kW,1kW_coil_current_0p68pct,intercoil,0.68,False,source_target_min_cov_det,3603,40,40,1.0,1533058.7173753935,1693252.2818370922,1kW
1kW,1kW_coil_current_0p81pct,intercoil,0.81,False,source_target_min_cov_det,3603,40,40,1.0,1469098.1850635645,1636341.4972816105,1kW
1kW,1kW_coil_current_0pct,intercoil,0.0,True,source_target_min_cov_det,3603,14,1,0.07142857142857142,448.7012441923393,1205.644664482448,1kW
1kW,1kW_coil_current_1p01pct,intercoil,1.01,False,source_target_min_cov_det,3603,40,40,1.0,2991.7445775048145,4685.366767527134,1kW
1kW,1kW_coil_current_1p34pct,intercoil,1.34,False,source_target_min_cov_det,3603,40,40,1.0,1494325.2716138929,1659890.8951869314,1kW
1kW,1kW_coil_current_2pct,intercoil,2.0,False,source_target_min_cov_det,3603,40,40,1.0,19991.22557650687,71874.69658317589,1kW
1kW,1kW_coil_current_3p93pct,intercoil,3.93,False,source_target_min_cov_det,3603,40,40,1.0,1528310.1495341002,1720399.212220154,1kW
1kW,1kW_coil_current_7p56pct,intercoil,7.56,False,source_target_min_cov_det,3603,40,40,1.0,2998.850543523694,3863.6967887076344,1kW
1kW,1kW_turn_current_12p17pct,interturn,12.17,False,source_target_min_cov_det,3603,40,40,1.0,1149064.9497875902,1216503.666510426,1kW
1kW,1kW_turn_current_21p69pct,interturn,21.69,False,source_target_min_cov_det,3603,40,40,1.0,120037.95875528963,240243.2324819558,1kW
1kW,1kW_turn_current_2p26pct,interturn,2.26,False,source_target_min_cov_det,3603,40,40,1.0,1283458.787671607,1414836.9136976765,1kW
1kW,1kW_turn_current_2p7pct,interturn,2.7,False,source_target_min_cov_det,3603,40,40,1.0,1296410.1547111324,1463132.4808392492,1kW
1kW,1kW_turn_current_3p35pct,interturn,3.35,False,source_target_min_cov_det,3603,40,40,1.0,23970.77650060205,32605.543477681003,1kW
1kW,1kW_turn_current_4p41pct,interturn,4.41,False,source_target_min_cov_det,3603,40,40,1.0,1235560.864516005,1335472.4987538338,1kW
1kW,1kW_turn_current_6p48pct,interturn,6.48,False,source_target_min_cov_det,3603,40,40,1.0,14488.836609182046,33951.934896469895,1kW
1kW,1kW_coil_current_0p68pct,intercoil,0.68,False,source_target_min_cov_det,4804,40,40,1.0,853611.630733354,925443.4294164081,1kW
1kW,1kW_coil_current_0p81pct,intercoil,0.81,False,source_target_min_cov_det,4804,40,40,1.0,811735.8168119583,924640.007736666,1kW
1kW,1kW_coil_current_0pct,intercoil,0.0,True,source_target_min_cov_det,4804,14,2,0.14285714285714285,258.2693004540147,508.22577497140026,1kW
1kW,1kW_coil_current_1p01pct,intercoil,1.01,False,source_target_min_cov_det,4804,40,40,1.0,1400.4974136696096,1960.2657773187382,1kW
1kW,1kW_coil_current_1p34pct,intercoil,1.34,False,source_target_min_cov_det,4804,40,40,1.0,838447.035217354,909186.782280907,1kW
1kW,1kW_coil_current_2pct,intercoil,2.0,False,source_target_min_cov_det,4804,40,40,1.0,18337.657928733766,44749.30205538049,1kW
1kW,1kW_coil_current_3p93pct,intercoil,3.93,False,source_target_min_cov_det,4804,40,40,1.0,842096.7289537931,941200.063288752,1kW
1kW,1kW_coil_current_7p56pct,intercoil,7.56,False,source_target_min_cov_det,4804,40,40,1.0,2509.0313654173565,3140.237418567571,1kW
1kW,1kW_turn_current_12p17pct,interturn,12.17,False,source_target_min_cov_det,4804,40,40,1.0,640081.1366108329,668762.2938135612,1kW
1kW,1kW_turn_current_21p69pct,interturn,21.69,False,source_target_min_cov_det,4804,40,40,1.0,52742.06741607429,95424.23831953514,1kW
1kW,1kW_turn_current_2p26pct,interturn,2.26,False,source_target_min_cov_det,4804,40,40,1.0,681939.9948459943,754369.3802278483,1kW
1kW,1kW_turn_current_2p7pct,interturn,2.7,False,source_target_min_cov_det,4804,40,40,1.0,741037.6742777091,832369.8649236725,1kW
1kW,1kW_turn_current_3p35pct,interturn,3.35,False,source_target_min_cov_det,4804,40,40,1.0,25468.732306518294,36457.52269351696,1kW
1kW,1kW_turn_current_4p41pct,interturn,4.41,False,source_target_min_cov_det,4804,40,40,1.0,704133.6528090034,750189.5522367682,1kW
1kW,1kW_turn_current_6p48pct,interturn,6.48,False,source_target_min_cov_det,4804,40,40,1.0,12507.832968510835,25407.46638585165,1kW
1.5kW,1.5kW_coil_current_0pct,intercoil,0.0,True,target_isolation_forest,20260820,14,4,0.2857142857142857,0.5493764972055506,0.591762522895683,1.5kW
1.5kW,1.5kW_coil_current_13p12pct,intercoil,13.12,False,target_isolation_forest,20260820,40,40,1.0,0.6135108369332546,0.665881831659215,1.5kW
1.5kW,1.5kW_coil_current_23p2pct,intercoil,23.2,False,target_isolation_forest,20260820,40,40,1.0,0.6344257329415695,0.6573170027502742,1.5kW
1.5kW,1.5kW_coil_current_37p66pct,intercoil,37.66,False,target_isolation_forest,20260820,40,40,1.0,0.6278873443808624,0.648186608764075,1.5kW
1.5kW,1.5kW_coil_current_4p79pct,intercoil,4.79,False,target_isolation_forest,20260820,40,40,1.0,0.6395841419832358,0.660392853749654,1.5kW
1.5kW,1.5kW_coil_current_5p7pct,intercoil,5.7,False,target_isolation_forest,20260820,40,40,1.0,0.6359887289501123,0.6690672022643697,1.5kW
1.5kW,1.5kW_coil_current_7p02pct,intercoil,7.02,False,target_isolation_forest,20260820,40,35,0.875,0.5802785993599612,0.614610243263875,1.5kW
1.5kW,1.5kW_coil_current_9p15pct,intercoil,9.15,False,target_isolation_forest,20260820,40,40,1.0,0.6242276714500175,0.65265116282327,1.5kW
1.5kW,1.5kW_turn_current_16p08pct,interturn,16.08,False,target_isolation_forest,20260820,40,40,1.0,0.6265585248822761,0.6375327146056265,1.5kW
1.5kW,1.5kW_turn_current_1p57pct,interturn,1.57,False,target_isolation_forest,20260820,40,40,1.0,0.5773915254544117,0.585737260818409,1.5kW
1.5kW,1.5kW_turn_current_1p88pct,interturn,1.88,False,target_isolation_forest,20260820,40,40,1.0,0.5840595907567767,0.6158723573981955,1.5kW
1.5kW,1.5kW_turn_current_2p34pct,interturn,2.34,False,target_isolation_forest,20260820,40,8,0.2,0.5544789960711319,0.5979583676015886,1.5kW
1.5kW,1.5kW_turn_current_3p1pct,interturn,3.1,False,target_isolation_forest,20260820,40,40,1.0,0.5805826607912155,0.6042104491279198,1.5kW
1.5kW,1.5kW_turn_current_4p57pct,interturn,4.57,False,target_isolation_forest,20260820,40,28,0.7,0.5690353826730348,0.6034169581636273,1.5kW
1.5kW,1.5kW_turn_current_8p74pct,interturn,8.74,False,target_isolation_forest,20260820,40,40,1.0,0.5918084204273123,0.6110653860855575,1.5kW
1.5kW,1.5kW_coil_current_0pct,intercoil,0.0,True,target_isolation_forest,1201,14,2,0.14285714285714285,0.5436309679797924,0.58648561706374,1.5kW
1.5kW,1.5kW_coil_current_13p12pct,intercoil,13.12,False,target_isolation_forest,1201,40,40,1.0,0.6084878755933936,0.6613539636441345,1.5kW
1.5kW,1.5kW_coil_current_23p2pct,intercoil,23.2,False,target_isolation_forest,1201,40,40,1.0,0.6404601104753576,0.6602979251167199,1.5kW
1.5kW,1.5kW_coil_current_37p66pct,intercoil,37.66,False,target_isolation_forest,1201,40,40,1.0,0.6255948494036793,0.646666930751495,1.5kW
1.5kW,1.5kW_coil_current_4p79pct,intercoil,4.79,False,target_isolation_forest,1201,40,40,1.0,0.6388996480288609,0.6666074838982675,1.5kW
1.5kW,1.5kW_coil_current_5p7pct,intercoil,5.7,False,target_isolation_forest,1201,40,40,1.0,0.6331084293734508,0.6644296659335095,1.5kW
1.5kW,1.5kW_coil_current_7p02pct,intercoil,7.02,False,target_isolation_forest,1201,40,28,0.7,0.5713944544791901,0.6030744103359317,1.5kW
1.5kW,1.5kW_coil_current_9p15pct,intercoil,9.15,False,target_isolation_forest,1201,40,40,1.0,0.6297269756956019,0.6694165054489828,1.5kW
1.5kW,1.5kW_turn_current_16p08pct,interturn,16.08,False,target_isolation_forest,1201,40,40,1.0,0.6293718345476158,0.6425165909007243,1.5kW
1.5kW,1.5kW_turn_current_1p57pct,interturn,1.57,False,target_isolation_forest,1201,40,40,1.0,0.589303569690071,0.6029922783263534,1.5kW
1.5kW,1.5kW_turn_current_1p88pct,interturn,1.88,False,target_isolation_forest,1201,40,40,1.0,0.5913547013967475,0.6133062726270451,1.5kW
1.5kW,1.5kW_turn_current_2p34pct,interturn,2.34,False,target_isolation_forest,1201,40,9,0.225,0.5597128442462589,0.5977653855407536,1.5kW
1.5kW,1.5kW_turn_current_3p1pct,interturn,3.1,False,target_isolation_forest,1201,40,40,1.0,0.5865183455789282,0.5995324779147416,1.5kW
1.5kW,1.5kW_turn_current_4p57pct,interturn,4.57,False,target_isolation_forest,1201,40,32,0.8,0.5741715885494972,0.5974788160978173,1.5kW
1.5kW,1.5kW_turn_current_8p74pct,interturn,8.74,False,target_isolation_forest,1201,40,40,1.0,0.603011627496304,0.6154294051608427,1.5kW
1.5kW,1.5kW_coil_current_0pct,intercoil,0.0,True,target_isolation_forest,2402,14,1,0.07142857142857142,0.549258850784898,0.592182218831137,1.5kW
1.5kW,1.5kW_coil_current_13p12pct,intercoil,13.12,False,target_isolation_forest,2402,40,37,0.925,0.6127653367817456,0.6583466378249582,1.5kW
1.5kW,1.5kW_coil_current_23p2pct,intercoil,23.2,False,target_isolation_forest,2402,40,40,1.0,0.6430370252793123,0.6588019995403469,1.5kW
1.5kW,1.5kW_coil_current_37p66pct,intercoil,37.66,False,target_isolation_forest,2402,40,40,1.0,0.62853608765023,0.6509995278380057,1.5kW
1.5kW,1.5kW_coil_current_4p79pct,intercoil,4.79,False,target_isolation_forest,2402,40,40,1.0,0.6440918381104168,0.6658904817184312,1.5kW
1.5kW,1.5kW_coil_current_5p7pct,intercoil,5.7,False,target_isolation_forest,2402,40,40,1.0,0.640617042522158,0.671889748653229,1.5kW
1.5kW,1.5kW_coil_current_7p02pct,intercoil,7.02,False,target_isolation_forest,2402,40,22,0.55,0.5803221981547184,0.6173145692921215,1.5kW
1.5kW,1.5kW_coil_current_9p15pct,intercoil,9.15,False,target_isolation_forest,2402,40,40,1.0,0.6328750447063671,0.66791702102884,1.5kW
1.5kW,1.5kW_turn_current_16p08pct,interturn,16.08,False,target_isolation_forest,2402,40,40,1.0,0.6216648384035758,0.6342841037984743,1.5kW
1.5kW,1.5kW_turn_current_1p57pct,interturn,1.57,False,target_isolation_forest,2402,40,39,0.975,0.5876649545704052,0.5934577109353282,1.5kW
1.5kW,1.5kW_turn_current_1p88pct,interturn,1.88,False,target_isolation_forest,2402,40,38,0.95,0.5918813591036306,0.6169252556474519,1.5kW
1.5kW,1.5kW_turn_current_2p34pct,interturn,2.34,False,target_isolation_forest,2402,40,2,0.05,0.562716810891132,0.5937179157357954,1.5kW
1.5kW,1.5kW_turn_current_3p1pct,interturn,3.1,False,target_isolation_forest,2402,40,36,0.9,0.5880170915099717,0.6048452838492271,1.5kW
1.5kW,1.5kW_turn_current_4p57pct,interturn,4.57,False,target_isolation_forest,2402,40,7,0.175,0.5730655426872593,0.5979197769644174,1.5kW
1.5kW,1.5kW_turn_current_8p74pct,interturn,8.74,False,target_isolation_forest,2402,40,40,1.0,0.5981056178733093,0.6085786320296181,1.5kW
1.5kW,1.5kW_coil_current_0pct,intercoil,0.0,True,target_isolation_forest,3603,14,2,0.14285714285714285,0.5443650758664996,0.5810168644415193,1.5kW
1.5kW,1.5kW_coil_current_13p12pct,intercoil,13.12,False,target_isolation_forest,3603,40,39,0.975,0.6086715149739368,0.6550369643852187,1.5kW
1.5kW,1.5kW_coil_current_23p2pct,intercoil,23.2,False,target_isolation_forest,3603,40,40,1.0,0.6457410221138533,0.6653836783230678,1.5kW
1.5kW,1.5kW_coil_current_37p66pct,intercoil,37.66,False,target_isolation_forest,3603,40,40,1.0,0.6225078427333879,0.6440145213699853,1.5kW
1.5kW,1.5kW_coil_current_4p79pct,intercoil,4.79,False,target_isolation_forest,3603,40,40,1.0,0.6458174386479423,0.6710924012063009,1.5kW
1.5kW,1.5kW_coil_current_5p7pct,intercoil,5.7,False,target_isolation_forest,3603,40,40,1.0,0.6409199133773203,0.6717392426880409,1.5kW
1.5kW,1.5kW_coil_current_7p02pct,intercoil,7.02,False,target_isolation_forest,3603,40,22,0.55,0.5703931246161258,0.6026849464000088,1.5kW
1.5kW,1.5kW_coil_current_9p15pct,intercoil,9.15,False,target_isolation_forest,3603,40,40,1.0,0.6364820080812693,0.6717091249537774,1.5kW
1.5kW,1.5kW_turn_current_16p08pct,interturn,16.08,False,target_isolation_forest,3603,40,40,1.0,0.6215129599588984,0.629993411373332,1.5kW
1.5kW,1.5kW_turn_current_1p57pct,interturn,1.57,False,target_isolation_forest,3603,40,40,1.0,0.5889873064459186,0.5972894014378937,1.5kW
1.5kW,1.5kW_turn_current_1p88pct,interturn,1.88,False,target_isolation_forest,3603,40,40,1.0,0.5926469062069665,0.620994905858903,1.5kW
1.5kW,1.5kW_turn_current_2p34pct,interturn,2.34,False,target_isolation_forest,3603,40,9,0.225,0.5632023719536756,0.6047889734449591,1.5kW
1.5kW,1.5kW_turn_current_3p1pct,interturn,3.1,False,target_isolation_forest,3603,40,40,1.0,0.5874567898976868,0.5997985230773548,1.5kW
1.5kW,1.5kW_turn_current_4p57pct,interturn,4.57,False,target_isolation_forest,3603,40,25,0.625,0.573637402028411,0.6080855274133155,1.5kW
1.5kW,1.5kW_turn_current_8p74pct,interturn,8.74,False,target_isolation_forest,3603,40,40,1.0,0.5970579386988619,0.6087153040719321,1.5kW
1.5kW,1.5kW_coil_current_0pct,intercoil,0.0,True,target_isolation_forest,4804,14,1,0.07142857142857142,0.542978683338247,0.5820644271511607,1.5kW
1.5kW,1.5kW_coil_current_13p12pct,intercoil,13.12,False,target_isolation_forest,4804,40,39,0.975,0.6057796993612568,0.6629771330262795,1.5kW
1.5kW,1.5kW_coil_current_23p2pct,intercoil,23.2,False,target_isolation_forest,4804,40,40,1.0,0.6384767946148147,0.6613458439129689,1.5kW
1.5kW,1.5kW_coil_current_37p66pct,intercoil,37.66,False,target_isolation_forest,4804,40,40,1.0,0.6223324141529449,0.649222969211216,1.5kW
1.5kW,1.5kW_coil_current_4p79pct,intercoil,4.79,False,target_isolation_forest,4804,40,40,1.0,0.6408453837918653,0.6640503567164607,1.5kW
1.5kW,1.5kW_coil_current_5p7pct,intercoil,5.7,False,target_isolation_forest,4804,40,40,1.0,0.6358747942090026,0.6673777657170399,1.5kW
1.5kW,1.5kW_coil_current_7p02pct,intercoil,7.02,False,target_isolation_forest,4804,40,20,0.5,0.5723598348011967,0.6210872388860545,1.5kW
1.5kW,1.5kW_coil_current_9p15pct,intercoil,9.15,False,target_isolation_forest,4804,40,40,1.0,0.6296497722432463,0.6667965956473034,1.5kW
1.5kW,1.5kW_turn_current_16p08pct,interturn,16.08,False,target_isolation_forest,4804,40,40,1.0,0.6227894415893053,0.6344562418638346,1.5kW
1.5kW,1.5kW_turn_current_1p57pct,interturn,1.57,False,target_isolation_forest,4804,40,40,1.0,0.5841871791064268,0.5930690425946353,1.5kW
1.5kW,1.5kW_turn_current_1p88pct,interturn,1.88,False,target_isolation_forest,4804,40,40,1.0,0.5882684032869894,0.6126053687427433,1.5kW
1.5kW,1.5kW_turn_current_2p34pct,interturn,2.34,False,target_isolation_forest,4804,40,7,0.175,0.5618622093984869,0.5912813099481723,1.5kW
1.5kW,1.5kW_turn_current_3p1pct,interturn,3.1,False,target_isolation_forest,4804,40,39,0.975,0.5845309435403808,0.6052904664422274,1.5kW
1.5kW,1.5kW_turn_current_4p57pct,interturn,4.57,False,target_isolation_forest,4804,40,24,0.6,0.5741475440233187,0.6036403666439986,1.5kW
1.5kW,1.5kW_turn_current_8p74pct,interturn,8.74,False,target_isolation_forest,4804,40,40,1.0,0.5961298515438834,0.6059776321312045,1.5kW
1.5kW,1.5kW_coil_current_0pct,intercoil,0.0,True,source_target_isolation_forest,20260820,14,0,0.0,0.5220009687581249,0.5711399021896119,1.5kW
1.5kW,1.5kW_coil_current_13p12pct,intercoil,13.12,False,source_target_isolation_forest,20260820,40,34,0.85,0.6059341860350113,0.6687768606948767,1.5kW
1.5kW,1.5kW_coil_current_23p2pct,intercoil,23.2,False,source_target_isolation_forest,20260820,40,40,1.0,0.6499454823249644,0.6709653290214552,1.5kW
1.5kW,1.5kW_coil_current_37p66pct,intercoil,37.66,False,source_target_isolation_forest,20260820,40,40,1.0,0.6322569564868475,0.663722501988487,1.5kW
1.5kW,1.5kW_coil_current_4p79pct,intercoil,4.79,False,source_target_isolation_forest,20260820,40,40,1.0,0.6471300632946112,0.6727678063057524,1.5kW
1.5kW,1.5kW_coil_current_5p7pct,intercoil,5.7,False,source_target_isolation_forest,20260820,40,40,1.0,0.643323297470562,0.6797397116383683,1.5kW
1.5kW,1.5kW_coil_current_7p02pct,intercoil,7.02,False,source_target_isolation_forest,20260820,40,8,0.2,0.5589043307932586,0.5894915687431903,1.5kW
1.5kW,1.5kW_coil_current_9p15pct,intercoil,9.15,False,source_target_isolation_forest,20260820,40,40,1.0,0.6354690457381431,0.6891458500750981,1.5kW
1.5kW,1.5kW_turn_current_16p08pct,interturn,16.08,False,source_target_isolation_forest,20260820,40,40,1.0,0.6364458903606973,0.6465814673176404,1.5kW
1.5kW,1.5kW_turn_current_1p57pct,interturn,1.57,False,source_target_isolation_forest,20260820,40,36,0.9,0.5885470961781,0.6052408558508016,1.5kW
1.5kW,1.5kW_turn_current_1p88pct,interturn,1.88,False,source_target_isolation_forest,20260820,40,35,0.875,0.5895887341665029,0.617811903137872,1.5kW
1.5kW,1.5kW_turn_current_2p34pct,interturn,2.34,False,source_target_isolation_forest,20260820,40,1,0.025,0.5395387453676923,0.5891062418214343,1.5kW
1.5kW,1.5kW_turn_current_3p1pct,interturn,3.1,False,source_target_isolation_forest,20260820,40,32,0.8,0.5857182041173254,0.6113902646679564,1.5kW
1.5kW,1.5kW_turn_current_4p57pct,interturn,4.57,False,source_target_isolation_forest,20260820,40,4,0.1,0.5595230069027868,0.5960749132000182,1.5kW
1.5kW,1.5kW_turn_current_8p74pct,interturn,8.74,False,source_target_isolation_forest,20260820,40,40,1.0,0.5972672120416632,0.6133036927267601,1.5kW
1.5kW,1.5kW_coil_current_0pct,intercoil,0.0,True,source_target_isolation_forest,1201,14,0,0.0,0.5189248324380341,0.5739880149964276,1.5kW
1.5kW,1.5kW_coil_current_13p12pct,intercoil,13.12,False,source_target_isolation_forest,1201,40,30,0.75,0.6072534113661076,0.6728828617179229,1.5kW
1.5kW,1.5kW_coil_current_23p2pct,intercoil,23.2,False,source_target_isolation_forest,1201,40,40,1.0,0.6538244719114895,0.675248025800326,1.5kW
1.5kW,1.5kW_coil_current_37p66pct,intercoil,37.66,False,source_target_isolation_forest,1201,40,40,1.0,0.6318818621627235,0.6642483239267197,1.5kW
1.5kW,1.5kW_coil_current_4p79pct,intercoil,4.79,False,source_target_isolation_forest,1201,40,40,1.0,0.6513313800544547,0.6871180290731483,1.5kW
1.5kW,1.5kW_coil_current_5p7pct,intercoil,5.7,False,source_target_isolation_forest,1201,40,40,1.0,0.6457414698189304,0.6783572875074861,1.5kW
1.5kW,1.5kW_coil_current_7p02pct,intercoil,7.02,False,source_target_isolation_forest,1201,40,1,0.025,0.5599760946675644,0.6025491528695897,1.5kW
1.5kW,1.5kW_coil_current_9p15pct,intercoil,9.15,False,source_target_isolation_forest,1201,40,40,1.0,0.6384929823780146,0.6984482119137563,1.5kW
1.5kW,1.5kW_turn_current_16p08pct,interturn,16.08,False,source_target_isolation_forest,1201,40,40,1.0,0.6485608219721751,0.6564635829311775,1.5kW
1.5kW,1.5kW_turn_current_1p57pct,interturn,1.57,False,source_target_isolation_forest,1201,40,36,0.9,0.6005386767246546,0.6201336194845478,1.5kW
1.5kW,1.5kW_turn_current_1p88pct,interturn,1.88,False,source_target_isolation_forest,1201,40,34,0.85,0.6020735873513684,0.6319880895139378,1.5kW
1.5kW,1.5kW_turn_current_2p34pct,interturn,2.34,False,source_target_isolation_forest,1201,40,1,0.025,0.5491832323172563,0.6008966191731132,1.5kW
1.5kW,1.5kW_turn_current_3p1pct,interturn,3.1,False,source_target_isolation_forest,1201,40,32,0.8,0.5972087774381327,0.6221467122159423,1.5kW
1.5kW,1.5kW_turn_current_4p57pct,interturn,4.57,False,source_target_isolation_forest,1201,40,4,0.1,0.5717790938682759,0.6000143955553375,1.5kW
1.5kW,1.5kW_turn_current_8p74pct,interturn,8.74,False,source_target_isolation_forest,1201,40,40,1.0,0.610057701788267,0.6275221308458157,1.5kW
1.5kW,1.5kW_coil_current_0pct,intercoil,0.0,True,source_target_isolation_forest,2402,14,2,0.14285714285714285,0.528868836548901,0.5850343099872428,1.5kW
1.5kW,1.5kW_coil_current_13p12pct,intercoil,13.12,False,source_target_isolation_forest,2402,40,36,0.9,0.6134378998132805,0.6837859492169702,1.5kW
1.5kW,1.5kW_coil_current_23p2pct,intercoil,23.2,False,source_target_isolation_forest,2402,40,40,1.0,0.6484625663675533,0.6696630315285925,1.5kW
1.5kW,1.5kW_coil_current_37p66pct,intercoil,37.66,False,source_target_isolation_forest,2402,40,40,1.0,0.6405941219453004,0.676100845183331,1.5kW
1.5kW,1.5kW_coil_current_4p79pct,intercoil,4.79,False,source_target_isolation_forest,2402,40,40,1.0,0.6457539425230397,0.6737252006433126,1.5kW
1.5kW,1.5kW_coil_current_5p7pct,intercoil,5.7,False,source_target_isolation_forest,2402,40,40,1.0,0.6428593387374206,0.689991847589517,1.5kW
1.5kW,1.5kW_coil_current_7p02pct,intercoil,7.02,False,source_target_isolation_forest,2402,40,9,0.225,0.5631461408382727,0.5971520833474023,1.5kW
1.5kW,1.5kW_coil_current_9p15pct,intercoil,9.15,False,source_target_isolation_forest,2402,40,40,1.0,0.6342967191116775,0.6860463787397302,1.5kW
1.5kW,1.5kW_turn_current_16p08pct,interturn,16.08,False,source_target_isolation_forest,2402,40,40,1.0,0.6460760663762044,0.6559086817280826,1.5kW
1.5kW,1.5kW_turn_current_1p57pct,interturn,1.57,False,source_target_isolation_forest,2402,40,40,1.0,0.6032939222221656,0.6201183115385497,1.5kW
1.5kW,1.5kW_turn_current_1p88pct,interturn,1.88,False,source_target_isolation_forest,2402,40,39,0.975,0.5991817142515617,0.6251596495464056,1.5kW
1.5kW,1.5kW_turn_current_2p34pct,interturn,2.34,False,source_target_isolation_forest,2402,40,1,0.025,0.5454646396970008,0.5948128555211305,1.5kW
1.5kW,1.5kW_turn_current_3p1pct,interturn,3.1,False,source_target_isolation_forest,2402,40,39,0.975,0.5966518981163418,0.6192052154287482,1.5kW
1.5kW,1.5kW_turn_current_4p57pct,interturn,4.57,False,source_target_isolation_forest,2402,40,4,0.1,0.5689135818263884,0.601633668542478,1.5kW
1.5kW,1.5kW_turn_current_8p74pct,interturn,8.74,False,source_target_isolation_forest,2402,40,40,1.0,0.6146043497757774,0.6306996814777904,1.5kW
1.5kW,1.5kW_coil_current_0pct,intercoil,0.0,True,source_target_isolation_forest,3603,14,0,0.0,0.5188336159157843,0.5731635434903327,1.5kW
1.5kW,1.5kW_coil_current_13p12pct,intercoil,13.12,False,source_target_isolation_forest,3603,40,34,0.85,0.6037346118476978,0.6758610588130466,1.5kW
1.5kW,1.5kW_coil_current_23p2pct,intercoil,23.2,False,source_target_isolation_forest,3603,40,40,1.0,0.6663832863802985,0.6869099913230453,1.5kW
1.5kW,1.5kW_coil_current_37p66pct,intercoil,37.66,False,source_target_isolation_forest,3603,40,40,1.0,0.6285283237183409,0.6720798642088567,1.5kW
1.5kW,1.5kW_coil_current_4p79pct,intercoil,4.79,False,source_target_isolation_forest,3603,40,40,1.0,0.6646957611648228,0.6907309267972778,1.5kW
1.5kW,1.5kW_coil_current_5p7pct,intercoil,5.7,False,source_target_isolation_forest,3603,40,40,1.0,0.6596974580529389,0.6967691948304261,1.5kW
1.5kW,1.5kW_coil_current_7p02pct,intercoil,7.02,False,source_target_isolation_forest,3603,40,8,0.2,0.5555432726683192,0.585347273323431,1.5kW
1.5kW,1.5kW_coil_current_9p15pct,intercoil,9.15,False,source_target_isolation_forest,3603,40,40,1.0,0.6519588380259342,0.7112841296077308,1.5kW
1.5kW,1.5kW_turn_current_16p08pct,interturn,16.08,False,source_target_isolation_forest,3603,40,40,1.0,0.6484447210669368,0.6567995273730044,1.5kW
1.5kW,1.5kW_turn_current_1p57pct,interturn,1.57,False,source_target_isolation_forest,3603,40,40,1.0,0.607790396485055,0.6200380634191074,1.5kW
1.5kW,1.5kW_turn_current_1p88pct,interturn,1.88,False,source_target_isolation_forest,3603,40,40,1.0,0.6072576188857381,0.6437355626168211,1.5kW
1.5kW,1.5kW_turn_current_2p34pct,interturn,2.34,False,source_target_isolation_forest,3603,40,2,0.05,0.5534104238537023,0.6081518488383909,1.5kW
1.5kW,1.5kW_turn_current_3p1pct,interturn,3.1,False,source_target_isolation_forest,3603,40,40,1.0,0.6033103635327138,0.6216073433601025,1.5kW
1.5kW,1.5kW_turn_current_4p57pct,interturn,4.57,False,source_target_isolation_forest,3603,40,17,0.425,0.5755006740000105,0.6046457137151903,1.5kW
1.5kW,1.5kW_turn_current_8p74pct,interturn,8.74,False,source_target_isolation_forest,3603,40,40,1.0,0.6194072862020443,0.6320396481551115,1.5kW
1.5kW,1.5kW_coil_current_0pct,intercoil,0.0,True,source_target_isolation_forest,4804,14,0,0.0,0.5201476990099634,0.5677576738725184,1.5kW
1.5kW,1.5kW_coil_current_13p12pct,intercoil,13.12,False,source_target_isolation_forest,4804,40,37,0.925,0.6073513814967659,0.6758781611851307,1.5kW
1.5kW,1.5kW_coil_current_23p2pct,intercoil,23.2,False,source_target_isolation_forest,4804,40,40,1.0,0.6560630295516049,0.6743726789650104,1.5kW
1.5kW,1.5kW_coil_current_37p66pct,intercoil,37.66,False,source_target_isolation_forest,4804,40,40,1.0,0.6332875276213924,0.6715564960131921,1.5kW
1.5kW,1.5kW_coil_current_4p79pct,intercoil,4.79,False,source_target_isolation_forest,4804,40,40,1.0,0.6531498282930503,0.6774214731657199,1.5kW
1.5kW,1.5kW_coil_current_5p7pct,intercoil,5.7,False,source_target_isolation_forest,4804,40,40,1.0,0.6476443392757443,0.6740937177779983,1.5kW
1.5kW,1.5kW_coil_current_7p02pct,intercoil,7.02,False,source_target_isolation_forest,4804,40,9,0.225,0.5575770625639948,0.602373032394448,1.5kW
1.5kW,1.5kW_coil_current_9p15pct,intercoil,9.15,False,source_target_isolation_forest,4804,40,40,1.0,0.6435424999430023,0.7047380471796671,1.5kW
1.5kW,1.5kW_turn_current_16p08pct,interturn,16.08,False,source_target_isolation_forest,4804,40,40,1.0,0.6473734678382324,0.6564574723341315,1.5kW
1.5kW,1.5kW_turn_current_1p57pct,interturn,1.57,False,source_target_isolation_forest,4804,40,40,1.0,0.6012291726045637,0.6159037588773504,1.5kW
1.5kW,1.5kW_turn_current_1p88pct,interturn,1.88,False,source_target_isolation_forest,4804,40,40,1.0,0.5975207793901504,0.6240437278567473,1.5kW
1.5kW,1.5kW_turn_current_2p34pct,interturn,2.34,False,source_target_isolation_forest,4804,40,1,0.025,0.5467722684884684,0.5901425514786159,1.5kW
1.5kW,1.5kW_turn_current_3p1pct,interturn,3.1,False,source_target_isolation_forest,4804,40,40,1.0,0.5919915286353196,0.6171874091760564,1.5kW
1.5kW,1.5kW_turn_current_4p57pct,interturn,4.57,False,source_target_isolation_forest,4804,40,12,0.3,0.5686326273208318,0.597609357618629,1.5kW
1.5kW,1.5kW_turn_current_8p74pct,interturn,8.74,False,source_target_isolation_forest,4804,40,40,1.0,0.6087695303142683,0.6252347526678599,1.5kW
1.5kW,1.5kW_coil_current_0pct,intercoil,0.0,True,target_min_cov_det,20260820,14,0,0.0,261.5108424157957,460.16847587048943,1.5kW
1.5kW,1.5kW_coil_current_13p12pct,intercoil,13.12,False,target_min_cov_det,20260820,40,10,0.25,623.1975263003212,1295.1540003575922,1.5kW
1.5kW,1.5kW_coil_current_23p2pct,intercoil,23.2,False,target_min_cov_det,20260820,40,40,1.0,7302.274793500827,8354.711437924117,1.5kW
1.5kW,1.5kW_coil_current_37p66pct,intercoil,37.66,False,target_min_cov_det,20260820,40,34,0.85,925.3638177117642,1490.6020803173226,1.5kW
1.5kW,1.5kW_coil_current_4p79pct,intercoil,4.79,False,target_min_cov_det,20260820,40,40,1.0,7232.611018593547,8689.706327548163,1.5kW
1.5kW,1.5kW_coil_current_5p7pct,intercoil,5.7,False,target_min_cov_det,20260820,40,40,1.0,7362.818032034399,9291.683895090122,1.5kW
1.5kW,1.5kW_coil_current_7p02pct,intercoil,7.02,False,target_min_cov_det,20260820,40,2,0.05,500.0849215690517,709.5255163489687,1.5kW
1.5kW,1.5kW_coil_current_9p15pct,intercoil,9.15,False,target_min_cov_det,20260820,40,40,1.0,7375.5399930770345,10400.561151117157,1.5kW
1.5kW,1.5kW_turn_current_16p08pct,interturn,16.08,False,target_min_cov_det,20260820,40,40,1.0,1023.9999172295456,1291.4103829337744,1.5kW
1.5kW,1.5kW_turn_current_1p57pct,interturn,1.57,False,target_min_cov_det,20260820,40,40,1.0,5167.4888445789675,5725.357203124505,1.5kW
1.5kW,1.5kW_turn_current_1p88pct,interturn,1.88,False,target_min_cov_det,20260820,40,40,1.0,6205.287974861279,6802.851365904274,1.5kW
1.5kW,1.5kW_turn_current_2p34pct,interturn,2.34,False,target_min_cov_det,20260820,40,0,0.0,344.6226344851274,559.4979553393083,1.5kW
1.5kW,1.5kW_turn_current_3p1pct,interturn,3.1,False,target_min_cov_det,20260820,40,40,1.0,6316.033596005554,7056.1580283032745,1.5kW
1.5kW,1.5kW_turn_current_4p57pct,interturn,4.57,False,target_min_cov_det,20260820,40,0,0.0,422.74248934483796,588.9508431474918,1.5kW
1.5kW,1.5kW_turn_current_8p74pct,interturn,8.74,False,target_min_cov_det,20260820,40,40,1.0,6244.065023102834,6640.808343290227,1.5kW
1.5kW,1.5kW_coil_current_0pct,intercoil,0.0,True,target_min_cov_det,1201,14,0,0.0,262.2071925579788,511.1896529693867,1.5kW
1.5kW,1.5kW_coil_current_13p12pct,intercoil,13.12,False,target_min_cov_det,1201,40,4,0.1,591.0151199944357,1913.495335127474,1.5kW
1.5kW,1.5kW_coil_current_23p2pct,intercoil,23.2,False,target_min_cov_det,1201,40,40,1.0,10235.122263883484,11623.577472452826,1.5kW
1.5kW,1.5kW_coil_current_37p66pct,intercoil,37.66,False,target_min_cov_det,1201,40,33,0.825,1149.4762243061905,2215.6862616585418,1.5kW
1.5kW,1.5kW_coil_current_4p79pct,intercoil,4.79,False,target_min_cov_det,1201,40,40,1.0,10259.096688700585,14482.743427686793,1.5kW
1.5kW,1.5kW_coil_current_5p7pct,intercoil,5.7,False,target_min_cov_det,1201,40,40,1.0,10553.13516761822,13248.768216361523,1.5kW
1.5kW,1.5kW_coil_current_7p02pct,intercoil,7.02,False,target_min_cov_det,1201,40,2,0.05,627.1891076589256,931.5830565748573,1.5kW
1.5kW,1.5kW_coil_current_9p15pct,intercoil,9.15,False,target_min_cov_det,1201,40,40,1.0,10373.918890066532,18619.733205245684,1.5kW
1.5kW,1.5kW_turn_current_16p08pct,interturn,16.08,False,target_min_cov_det,1201,40,40,1.0,1647.5520996335667,1930.7216112692342,1.5kW
1.5kW,1.5kW_turn_current_1p57pct,interturn,1.57,False,target_min_cov_det,1201,40,40,1.0,6330.856735989889,7039.746452758717,1.5kW
1.5kW,1.5kW_turn_current_1p88pct,interturn,1.88,False,target_min_cov_det,1201,40,40,1.0,7551.892869596262,9382.358036065381,1.5kW
1.5kW,1.5kW_turn_current_2p34pct,interturn,2.34,False,target_min_cov_det,1201,40,0,0.0,380.18491879411266,624.7749624328222,1.5kW
1.5kW,1.5kW_turn_current_3p1pct,interturn,3.1,False,target_min_cov_det,1201,40,40,1.0,7439.812563361078,8631.969597757447,1.5kW
1.5kW,1.5kW_turn_current_4p57pct,interturn,4.57,False,target_min_cov_det,1201,40,0,0.0,534.6599837186014,708.2288422826005,1.5kW
1.5kW,1.5kW_turn_current_8p74pct,interturn,8.74,False,target_min_cov_det,1201,40,40,1.0,6800.976315542694,7596.712430882988,1.5kW
1.5kW,1.5kW_coil_current_0pct,intercoil,0.0,True,target_min_cov_det,2402,14,0,0.0,236.18670842296348,350.94713549451205,1.5kW
1.5kW,1.5kW_coil_current_13p12pct,intercoil,13.12,False,target_min_cov_det,2402,40,3,0.075,410.48682777640727,827.4250973478709,1.5kW
1.5kW,1.5kW_coil_current_23p2pct,intercoil,23.2,False,target_min_cov_det,2402,40,40,1.0,6496.686900950264,7554.586372558829,1.5kW
1.5kW,1.5kW_coil_current_37p66pct,intercoil,37.66,False,target_min_cov_det,2402,40,3,0.075,527.0937643498484,1271.1171923531444,1.5kW
1.5kW,1.5kW_coil_current_4p79pct,intercoil,4.79,False,target_min_cov_det,2402,40,40,1.0,7927.0521119239,9106.64726048998,1.5kW
1.5kW,1.5kW_coil_current_5p7pct,intercoil,5.7,False,target_min_cov_det,2402,40,40,1.0,8046.041954338914,8783.777951601593,1.5kW
1.5kW,1.5kW_coil_current_7p02pct,intercoil,7.02,False,target_min_cov_det,2402,40,2,0.05,460.17951473153,772.6748100566645,1.5kW
1.5kW,1.5kW_coil_current_9p15pct,intercoil,9.15,False,target_min_cov_det,2402,40,40,1.0,6739.647041477794,7697.0107087153665,1.5kW
1.5kW,1.5kW_turn_current_16p08pct,interturn,16.08,False,target_min_cov_det,2402,40,40,1.0,1559.8661644725848,1998.4435558349721,1.5kW
1.5kW,1.5kW_turn_current_1p57pct,interturn,1.57,False,target_min_cov_det,2402,40,40,1.0,5395.451940189854,6029.3516177258425,1.5kW
1.5kW,1.5kW_turn_current_1p88pct,interturn,1.88,False,target_min_cov_det,2402,40,40,1.0,6320.824051248975,6716.786176457736,1.5kW
1.5kW,1.5kW_turn_current_2p34pct,interturn,2.34,False,target_min_cov_det,2402,40,1,0.025,399.9223323899952,815.5334050351635,1.5kW
1.5kW,1.5kW_turn_current_3p1pct,interturn,3.1,False,target_min_cov_det,2402,40,40,1.0,6373.2581222153885,7029.314369339464,1.5kW
1.5kW,1.5kW_turn_current_4p57pct,interturn,4.57,False,target_min_cov_det,2402,40,3,0.075,561.0320673144711,915.9248251279967,1.5kW
1.5kW,1.5kW_turn_current_8p74pct,interturn,8.74,False,target_min_cov_det,2402,40,40,1.0,5725.2452175766375,6115.274133345218,1.5kW
1.5kW,1.5kW_coil_current_0pct,intercoil,0.0,True,target_min_cov_det,3603,14,0,0.0,205.74885484875333,268.4440751032799,1.5kW
1.5kW,1.5kW_coil_current_13p12pct,intercoil,13.12,False,target_min_cov_det,3603,40,0,0.0,454.7040604580273,1039.4441715161224,1.5kW
1.5kW,1.5kW_coil_current_23p2pct,intercoil,23.2,False,target_min_cov_det,3603,40,40,1.0,6066.463909853056,6527.109661140598,1.5kW
1.5kW,1.5kW_coil_current_37p66pct,intercoil,37.66,False,target_min_cov_det,3603,40,1,0.025,576.4654497036186,1372.2729580008095,1.5kW
1.5kW,1.5kW_coil_current_4p79pct,intercoil,4.79,False,target_min_cov_det,3603,40,40,1.0,7617.371508734944,8589.46472002792,1.5kW
1.5kW,1.5kW_coil_current_5p7pct,intercoil,5.7,False,target_min_cov_det,3603,40,40,1.0,8148.4608194403245,8837.671181226247,1.5kW
1.5kW,1.5kW_coil_current_7p02pct,intercoil,7.02,False,target_min_cov_det,3603,40,1,0.025,713.3492971443873,1216.614922560841,1.5kW
1.5kW,1.5kW_coil_current_9p15pct,intercoil,9.15,False,target_min_cov_det,3603,40,40,1.0,6324.707990921533,7730.866493958984,1.5kW
1.5kW,1.5kW_turn_current_16p08pct,interturn,16.08,False,target_min_cov_det,3603,40,15,0.375,1051.068603402323,1402.90253496475,1.5kW
1.5kW,1.5kW_turn_current_1p57pct,interturn,1.57,False,target_min_cov_det,3603,40,40,1.0,4776.093451782033,5383.874513726997,1.5kW
1.5kW,1.5kW_turn_current_1p88pct,interturn,1.88,False,target_min_cov_det,3603,40,40,1.0,5772.991672425677,6826.565956457039,1.5kW
1.5kW,1.5kW_turn_current_2p34pct,interturn,2.34,False,target_min_cov_det,3603,40,0,0.0,372.5565344969663,791.5190597034499,1.5kW
1.5kW,1.5kW_turn_current_3p1pct,interturn,3.1,False,target_min_cov_det,3603,40,40,1.0,5888.65386084849,6205.394283165015,1.5kW
1.5kW,1.5kW_turn_current_4p57pct,interturn,4.57,False,target_min_cov_det,3603,40,0,0.0,477.00316074014665,646.2361707936014,1.5kW
1.5kW,1.5kW_turn_current_8p74pct,interturn,8.74,False,target_min_cov_det,3603,40,40,1.0,6410.99751730936,6781.042536896269,1.5kW
1.5kW,1.5kW_coil_current_0pct,intercoil,0.0,True,target_min_cov_det,4804,14,0,0.0,228.76923441072572,368.5117250981451,1.5kW
1.5kW,1.5kW_coil_current_13p12pct,intercoil,13.12,False,target_min_cov_det,4804,40,3,0.075,499.9848179056763,1081.077330535815,1.5kW
1.5kW,1.5kW_coil_current_23p2pct,intercoil,23.2,False,target_min_cov_det,4804,40,40,1.0,6715.0247644886385,7701.9835783930575,1.5kW
1.5kW,1.5kW_coil_current_37p66pct,intercoil,37.66,False,target_min_cov_det,4804,40,6,0.15,666.9290853729855,1245.1116664542428,1.5kW
1.5kW,1.5kW_coil_current_4p79pct,intercoil,4.79,False,target_min_cov_det,4804,40,40,1.0,8982.44173924243,11221.563288147623,1.5kW
1.5kW,1.5kW_coil_current_5p7pct,intercoil,5.7,False,target_min_cov_det,4804,40,40,1.0,10375.797226234032,12725.19464459817,1.5kW
1.5kW,1.5kW_coil_current_7p02pct,intercoil,7.02,False,target_min_cov_det,4804,40,16,0.4,813.575375991854,1349.6689828447427,1.5kW
1.5kW,1.5kW_coil_current_9p15pct,intercoil,9.15,False,target_min_cov_det,4804,40,40,1.0,6980.190040407858,7883.103899487328,1.5kW
1.5kW,1.5kW_turn_current_16p08pct,interturn,16.08,False,target_min_cov_det,4804,40,40,1.0,1481.9420035465425,2216.095260296793,1.5kW
1.5kW,1.5kW_turn_current_1p57pct,interturn,1.57,False,target_min_cov_det,4804,40,40,1.0,5103.543585747774,5642.33642996095,1.5kW
1.5kW,1.5kW_turn_current_1p88pct,interturn,1.88,False,target_min_cov_det,4804,40,40,1.0,5877.064079589973,6763.5640279421405,1.5kW
1.5kW,1.5kW_turn_current_2p34pct,interturn,2.34,False,target_min_cov_det,4804,40,0,0.0,354.0488037538943,709.0132275234753,1.5kW
1.5kW,1.5kW_turn_current_3p1pct,interturn,3.1,False,target_min_cov_det,4804,40,40,1.0,6226.004356464962,6945.899245415643,1.5kW
1.5kW,1.5kW_turn_current_4p57pct,interturn,4.57,False,target_min_cov_det,4804,40,0,0.0,437.45425799395105,571.5874667532956,1.5kW
1.5kW,1.5kW_turn_current_8p74pct,interturn,8.74,False,target_min_cov_det,4804,40,40,1.0,7989.464443941646,8937.618407857683,1.5kW
1.5kW,1.5kW_coil_current_0pct,intercoil,0.0,True,source_target_min_cov_det,20260820,14,0,0.0,121.98853105329796,181.94709034435093,1.5kW
1.5kW,1.5kW_coil_current_13p12pct,intercoil,13.12,False,source_target_min_cov_det,20260820,40,13,0.325,256.68465891299405,374.0432132469572,1.5kW
1.5kW,1.5kW_coil_current_23p2pct,intercoil,23.2,False,source_target_min_cov_det,20260820,40,40,1.0,1147.5134555026189,1318.1119279754435,1.5kW
1.5kW,1.5kW_coil_current_37p66pct,intercoil,37.66,False,source_target_min_cov_det,20260820,40,33,0.825,356.87044568805516,522.2329960466853,1.5kW
1.5kW,1.5kW_coil_current_4p79pct,intercoil,4.79,False,source_target_min_cov_det,20260820,40,40,1.0,1690.336694706204,2007.6322939315862,1.5kW
1.5kW,1.5kW_coil_current_5p7pct,intercoil,5.7,False,source_target_min_cov_det,20260820,40,40,1.0,1804.2347501010045,2008.3443639667923,1.5kW
1.5kW,1.5kW_coil_current_7p02pct,intercoil,7.02,False,source_target_min_cov_det,20260820,40,4,0.1,232.69114683132858,334.77725403002887,1.5kW
1.5kW,1.5kW_coil_current_9p15pct,intercoil,9.15,False,source_target_min_cov_det,20260820,40,40,1.0,1287.12743002327,1548.6908570976188,1.5kW
1.5kW,1.5kW_turn_current_16p08pct,interturn,16.08,False,source_target_min_cov_det,20260820,40,40,1.0,652.9193500511484,752.9566805651372,1.5kW
1.5kW,1.5kW_turn_current_1p57pct,interturn,1.57,False,source_target_min_cov_det,20260820,40,40,1.0,1225.3203712060513,1402.1293492745451,1.5kW
1.5kW,1.5kW_turn_current_1p88pct,interturn,1.88,False,source_target_min_cov_det,20260820,40,40,1.0,1566.092476454575,1909.349867952536,1.5kW
1.5kW,1.5kW_turn_current_2p34pct,interturn,2.34,False,source_target_min_cov_det,20260820,40,3,0.075,195.89818260671228,389.8422977160007,1.5kW
1.5kW,1.5kW_turn_current_3p1pct,interturn,3.1,False,source_target_min_cov_det,20260820,40,40,1.0,1743.3983419353408,1876.692541504893,1.5kW
1.5kW,1.5kW_turn_current_4p57pct,interturn,4.57,False,source_target_min_cov_det,20260820,40,1,0.025,240.03576130428155,287.4732433659707,1.5kW
1.5kW,1.5kW_turn_current_8p74pct,interturn,8.74,False,source_target_min_cov_det,20260820,40,40,1.0,2440.865970915517,2556.6837957190132,1.5kW
1.5kW,1.5kW_coil_current_0pct,intercoil,0.0,True,source_target_min_cov_det,1201,14,0,0.0,128.60932801918327,190.13491694065715,1.5kW
1.5kW,1.5kW_coil_current_13p12pct,intercoil,13.12,False,source_target_min_cov_det,1201,40,4,0.1,264.844061041529,376.5305505704784,1.5kW
1.5kW,1.5kW_coil_current_23p2pct,intercoil,23.2,False,source_target_min_cov_det,1201,40,40,1.0,1301.2313529034939,1457.3618362736727,1.5kW
1.5kW,1.5kW_coil_current_37p66pct,intercoil,37.66,False,source_target_min_cov_det,1201,40,29,0.725,400.10475209460253,600.793742502921,1.5kW
1.5kW,1.5kW_coil_current_4p79pct,intercoil,4.79,False,source_target_min_cov_det,1201,40,40,1.0,1872.6776701664082,2208.2788177150414,1.5kW
1.5kW,1.5kW_coil_current_5p7pct,intercoil,5.7,False,source_target_min_cov_det,1201,40,40,1.0,1952.9169854174281,2131.7975338063493,1.5kW
1.5kW,1.5kW_coil_current_7p02pct,intercoil,7.02,False,source_target_min_cov_det,1201,40,5,0.125,261.33677805206577,468.9266369547547,1.5kW
1.5kW,1.5kW_coil_current_9p15pct,intercoil,9.15,False,source_target_min_cov_det,1201,40,40,1.0,1477.8249701841933,1838.5096833944765,1.5kW
1.5kW,1.5kW_turn_current_16p08pct,interturn,16.08,False,source_target_min_cov_det,1201,40,40,1.0,579.5133928832635,681.1364810478185,1.5kW
1.5kW,1.5kW_turn_current_1p57pct,interturn,1.57,False,source_target_min_cov_det,1201,40,40,1.0,1371.5062193019398,1526.2754000523107,1.5kW
1.5kW,1.5kW_turn_current_1p88pct,interturn,1.88,False,source_target_min_cov_det,1201,40,40,1.0,1802.8168298638836,2374.4888627666223,1.5kW
1.5kW,1.5kW_turn_current_2p34pct,interturn,2.34,False,source_target_min_cov_det,1201,40,1,0.025,187.24000804882598,344.22096327137865,1.5kW
1.5kW,1.5kW_turn_current_3p1pct,interturn,3.1,False,source_target_min_cov_det,1201,40,40,1.0,1946.9241452181893,2038.6575486319382,1.5kW
1.5kW,1.5kW_turn_current_4p57pct,interturn,4.57,False,source_target_min_cov_det,1201,40,0,0.0,216.36218081625861,285.3837659920276,1.5kW
1.5kW,1.5kW_turn_current_8p74pct,interturn,8.74,False,source_target_min_cov_det,1201,40,40,1.0,2617.4949104818133,2741.5400595316446,1.5kW
1.5kW,1.5kW_coil_current_0pct,intercoil,0.0,True,source_target_min_cov_det,2402,14,0,0.0,133.691243576761,202.98318477298932,1.5kW
1.5kW,1.5kW_coil_current_13p12pct,intercoil,13.12,False,source_target_min_cov_det,2402,40,8,0.2,280.00905732873514,402.1428568668351,1.5kW
1.5kW,1.5kW_coil_current_23p2pct,intercoil,23.2,False,source_target_min_cov_det,2402,40,40,1.0,1714.1371571428986,1897.5197019944446,1.5kW
1.5kW,1.5kW_coil_current_37p66pct,intercoil,37.66,False,source_target_min_cov_det,2402,40,26,0.65,386.71822055890345,580.7500768543524,1.5kW
1.5kW,1.5kW_coil_current_4p79pct,intercoil,4.79,False,source_target_min_cov_det,2402,40,40,1.0,2494.013184436926,2834.056479204587,1.5kW
1.5kW,1.5kW_coil_current_5p7pct,intercoil,5.7,False,source_target_min_cov_det,2402,40,40,1.0,2677.6225916000258,3031.0364802721197,1.5kW
1.5kW,1.5kW_coil_current_7p02pct,intercoil,7.02,False,source_target_min_cov_det,2402,40,13,0.325,326.4326043908289,521.2721075168254,1.5kW
1.5kW,1.5kW_coil_current_9p15pct,intercoil,9.15,False,source_target_min_cov_det,2402,40,40,1.0,1915.2547402859338,2264.4500502267756,1.5kW
1.5kW,1.5kW_turn_current_16p08pct,interturn,16.08,False,source_target_min_cov_det,2402,40,40,1.0,618.374664496292,719.8269781200006,1.5kW
1.5kW,1.5kW_turn_current_1p57pct,interturn,1.57,False,source_target_min_cov_det,2402,40,40,1.0,1690.3414046732905,1921.246715969761,1.5kW
1.5kW,1.5kW_turn_current_1p88pct,interturn,1.88,False,source_target_min_cov_det,2402,40,40,1.0,2170.1859838746127,2544.685813467939,1.5kW
1.5kW,1.5kW_turn_current_2p34pct,interturn,2.34,False,source_target_min_cov_det,2402,40,0,0.0,195.49263954067231,346.9968371566586,1.5kW
1.5kW,1.5kW_turn_current_3p1pct,interturn,3.1,False,source_target_min_cov_det,2402,40,40,1.0,2402.3375368796114,2542.8386472492566,1.5kW
1.5kW,1.5kW_turn_current_4p57pct,interturn,4.57,False,source_target_min_cov_det,2402,40,0,0.0,239.32984341326784,286.13740849210234,1.5kW
1.5kW,1.5kW_turn_current_8p74pct,interturn,8.74,False,source_target_min_cov_det,2402,40,40,1.0,3245.913975968885,3490.4454295483642,1.5kW
1.5kW,1.5kW_coil_current_0pct,intercoil,0.0,True,source_target_min_cov_det,3603,14,0,0.0,127.2245374981804,195.66386679889828,1.5kW
1.5kW,1.5kW_coil_current_13p12pct,intercoil,13.12,False,source_target_min_cov_det,3603,40,13,0.325,256.6314768310378,368.7833788882688,1.5kW
1.5kW,1.5kW_coil_current_23p2pct,intercoil,23.2,False,source_target_min_cov_det,3603,40,40,1.0,1221.8800699423168,1341.1342209154357,1.5kW
1.5kW,1.5kW_coil_current_37p66pct,intercoil,37.66,False,source_target_min_cov_det,3603,40,37,0.925,362.8989725561865,549.5320789373918,1.5kW
1.5kW,1.5kW_coil_current_4p79pct,intercoil,4.79,False,source_target_min_cov_det,3603,40,40,1.0,1801.4965475156325,2155.2020494365006,1.5kW
1.5kW,1.5kW_coil_current_5p7pct,intercoil,5.7,False,source_target_min_cov_det,3603,40,40,1.0,1909.6405055065811,2144.8129042015134,1.5kW
1.5kW,1.5kW_coil_current_7p02pct,intercoil,7.02,False,source_target_min_cov_det,3603,40,13,0.325,259.9361010489603,421.4378112293112,1.5kW
1.5kW,1.5kW_coil_current_9p15pct,intercoil,9.15,False,source_target_min_cov_det,3603,40,40,1.0,1379.1416518947117,1634.8530937199107,1.5kW
1.5kW,1.5kW_turn_current_16p08pct,interturn,16.08,False,source_target_min_cov_det,3603,40,40,1.0,559.2568352223499,652.3111820003343,1.5kW
1.5kW,1.5kW_turn_current_1p57pct,interturn,1.57,False,source_target_min_cov_det,3603,40,40,1.0,1305.253402871313,1473.2203537226596,1.5kW
1.5kW,1.5kW_turn_current_1p88pct,interturn,1.88,False,source_target_min_cov_det,3603,40,40,1.0,1681.4290211765815,2002.9914466683663,1.5kW
1.5kW,1.5kW_turn_current_2p34pct,interturn,2.34,False,source_target_min_cov_det,3603,40,3,0.075,176.8432189986669,350.7041858149301,1.5kW
1.5kW,1.5kW_turn_current_3p1pct,interturn,3.1,False,source_target_min_cov_det,3603,40,40,1.0,1859.1168124705284,1967.1439912128815,1.5kW
1.5kW,1.5kW_turn_current_4p57pct,interturn,4.57,False,source_target_min_cov_det,3603,40,0,0.0,205.27526822966564,259.20034827722327,1.5kW
1.5kW,1.5kW_turn_current_8p74pct,interturn,8.74,False,source_target_min_cov_det,3603,40,40,1.0,2513.770250595683,2656.1465278675905,1.5kW
1.5kW,1.5kW_coil_current_0pct,intercoil,0.0,True,source_target_min_cov_det,4804,14,0,0.0,121.41754849314586,178.00574594343814,1.5kW
1.5kW,1.5kW_coil_current_13p12pct,intercoil,13.12,False,source_target_min_cov_det,4804,40,15,0.375,261.9718767937819,393.46402924193364,1.5kW
1.5kW,1.5kW_coil_current_23p2pct,intercoil,23.2,False,source_target_min_cov_det,4804,40,40,1.0,1097.845207409443,1226.263343277375,1.5kW
1.5kW,1.5kW_coil_current_37p66pct,intercoil,37.66,False,source_target_min_cov_det,4804,40,36,0.9,371.5355897622794,551.7759874800252,1.5kW
1.5kW,1.5kW_coil_current_4p79pct,intercoil,4.79,False,source_target_min_cov_det,4804,40,40,1.0,1592.3376127160477,1837.739339591167,1.5kW
1.5kW,1.5kW_coil_current_5p7pct,intercoil,5.7,False,source_target_min_cov_det,4804,40,40,1.0,1672.0434796629804,1826.6795918055423,1.5kW
1.5kW,1.5kW_coil_current_7p02pct,intercoil,7.02,False,source_target_min_cov_det,4804,40,7,0.175,237.39201452707206,349.05220548758354,1.5kW
1.5kW,1.5kW_coil_current_9p15pct,intercoil,9.15,False,source_target_min_cov_det,4804,40,40,1.0,1227.0345064211378,1474.4181878537943,1.5kW
1.5kW,1.5kW_turn_current_16p08pct,interturn,16.08,False,source_target_min_cov_det,4804,40,40,1.0,551.6297123742057,643.0525940045005,1.5kW
1.5kW,1.5kW_turn_current_1p57pct,interturn,1.57,False,source_target_min_cov_det,4804,40,40,1.0,1132.0309731554773,1313.2167690142485,1.5kW
1.5kW,1.5kW_turn_current_1p88pct,interturn,1.88,False,source_target_min_cov_det,4804,40,40,1.0,1466.346023215489,1835.069833820801,1.5kW
1.5kW,1.5kW_turn_current_2p34pct,interturn,2.34,False,source_target_min_cov_det,4804,40,3,0.075,173.98312132503327,346.49639852383547,1.5kW
1.5kW,1.5kW_turn_current_3p1pct,interturn,3.1,False,source_target_min_cov_det,4804,40,40,1.0,1601.6695101319192,1702.9626982272746,1.5kW
1.5kW,1.5kW_turn_current_4p57pct,interturn,4.57,False,source_target_min_cov_det,4804,40,0,0.0,201.85105703470248,241.33761804014088,1.5kW
1.5kW,1.5kW_turn_current_8p74pct,interturn,8.74,False,source_target_min_cov_det,4804,40,40,1.0,2203.905068533509,2304.1557792563203,1.5kW
3kW,3kW_coil_current_0pct,intercoil,0.0,True,target_isolation_forest,20260820,14,1,0.07142857142857142,0.5549164256815157,0.5753521453302144,3kW
3kW,3kW_coil_current_13p3pct,intercoil,13.3,False,target_isolation_forest,20260820,40,40,1.0,0.6485388344590898,0.6515458122445636,3kW
3kW,3kW_coil_current_23p48pct,intercoil,23.48,False,target_isolation_forest,20260820,40,40,1.0,0.649686229039407,0.6541309283165163,3kW
3kW,3kW_coil_current_2p49pct,intercoil,2.49,False,target_isolation_forest,20260820,40,40,1.0,0.6462858126396032,0.6531622735734949,3kW
3kW,3kW_coil_current_2p98pct,intercoil,2.98,False,target_isolation_forest,20260820,40,40,1.0,0.6486123444938297,0.6566959051213894,3kW
3kW,3kW_coil_current_3p69pct,intercoil,3.69,False,target_isolation_forest,20260820,40,40,1.0,0.6485126302499725,0.6571910984904911,3kW
3kW,3kW_coil_current_4p86pct,intercoil,4.86,False,target_isolation_forest,20260820,40,40,1.0,0.648065854949873,0.653186686007876,3kW
3kW,3kW_coil_current_7p12pct,intercoil,7.12,False,target_isolation_forest,20260820,40,40,1.0,0.6481948522259346,0.6510934459762842,3kW
3kW,3kW_turn_current_17p86pct,interturn,17.86,False,target_isolation_forest,20260820,40,40,1.0,0.6087637274877744,0.6740818110211196,3kW
3kW,3kW_turn_current_1p78pct,interturn,1.78,False,target_isolation_forest,20260820,40,40,1.0,0.6164538527788758,0.6453695755624093,3kW
3kW,3kW_turn_current_2p13pct,interturn,2.13,False,target_isolation_forest,20260820,40,40,1.0,0.6300946324596515,0.6555050180846899,3kW
3kW,3kW_turn_current_2p65pct,interturn,2.65,False,target_isolation_forest,20260820,40,40,1.0,0.597857976267113,0.6202948989473134,3kW
3kW,3kW_turn_current_3p5pct,interturn,3.5,False,target_isolation_forest,20260820,40,40,1.0,0.6238196293596309,0.6621111243696223,3kW
3kW,3kW_turn_current_5p16pct,interturn,5.16,False,target_isolation_forest,20260820,40,32,0.8,0.5882383430623545,0.6179971535097666,3kW
3kW,3kW_turn_current_9p81pct,interturn,9.81,False,target_isolation_forest,20260820,40,38,0.95,0.6019195923874285,0.6281917874811754,3kW
3kW,3kW_coil_current_0pct,intercoil,0.0,True,target_isolation_forest,1201,14,0,0.0,0.5524437953647563,0.5689021883756928,3kW
3kW,3kW_coil_current_13p3pct,intercoil,13.3,False,target_isolation_forest,1201,40,40,1.0,0.6395823380895533,0.6437751339093626,3kW
3kW,3kW_coil_current_23p48pct,intercoil,23.48,False,target_isolation_forest,1201,40,40,1.0,0.6388007850063501,0.6465671034858912,3kW
3kW,3kW_coil_current_2p49pct,intercoil,2.49,False,target_isolation_forest,1201,40,40,1.0,0.637243885653839,0.6461859563812967,3kW
3kW,3kW_coil_current_2p98pct,intercoil,2.98,False,target_isolation_forest,1201,40,40,1.0,0.6407687603952887,0.6466299130422783,3kW
3kW,3kW_coil_current_3p69pct,intercoil,3.69,False,target_isolation_forest,1201,40,40,1.0,0.6395251420079995,0.6453452362365734,3kW
3kW,3kW_coil_current_4p86pct,intercoil,4.86,False,target_isolation_forest,1201,40,40,1.0,0.6391443123440821,0.6451930509932963,3kW
3kW,3kW_coil_current_7p12pct,intercoil,7.12,False,target_isolation_forest,1201,40,40,1.0,0.6390165518273425,0.6437231524461892,3kW
3kW,3kW_turn_current_17p86pct,interturn,17.86,False,target_isolation_forest,1201,40,33,0.825,0.6027370228554685,0.6704734789005039,3kW
3kW,3kW_turn_current_1p78pct,interturn,1.78,False,target_isolation_forest,1201,40,40,1.0,0.6178311006037582,0.643227208308606,3kW
3kW,3kW_turn_current_2p13pct,interturn,2.13,False,target_isolation_forest,1201,40,40,1.0,0.6263702358266273,0.6585250140025055,3kW
3kW,3kW_turn_current_2p65pct,interturn,2.65,False,target_isolation_forest,1201,40,30,0.75,0.5899447496336853,0.6140248455738561,3kW
3kW,3kW_turn_current_3p5pct,interturn,3.5,False,target_isolation_forest,1201,40,40,1.0,0.623211633635764,0.6664248283023684,3kW
3kW,3kW_turn_current_5p16pct,interturn,5.16,False,target_isolation_forest,1201,40,26,0.65,0.588353990916811,0.6197100331582531,3kW
3kW,3kW_turn_current_9p81pct,interturn,9.81,False,target_isolation_forest,1201,40,38,0.95,0.6020586473476583,0.6244023763596738,3kW
3kW,3kW_coil_current_0pct,intercoil,0.0,True,target_isolation_forest,2402,14,0,0.0,0.5576824299427225,0.5791776504530735,3kW
3kW,3kW_coil_current_13p3pct,intercoil,13.3,False,target_isolation_forest,2402,40,40,1.0,0.6409879064536386,0.6449488399449722,3kW
3kW,3kW_coil_current_23p48pct,intercoil,23.48,False,target_isolation_forest,2402,40,40,1.0,0.6415629194241401,0.6484401663246212,3kW
3kW,3kW_coil_current_2p49pct,intercoil,2.49,False,target_isolation_forest,2402,40,40,1.0,0.6372485101612442,0.6438970817996124,3kW
3kW,3kW_coil_current_2p98pct,intercoil,2.98,False,target_isolation_forest,2402,40,40,1.0,0.6417215000715422,0.6457708956531305,3kW
3kW,3kW_coil_current_3p69pct,intercoil,3.69,False,target_isolation_forest,2402,40,40,1.0,0.6408679413115563,0.6470220634667371,3kW
3kW,3kW_coil_current_4p86pct,intercoil,4.86,False,target_isolation_forest,2402,40,40,1.0,0.6410097987787435,0.6452292757495071,3kW
3kW,3kW_coil_current_7p12pct,intercoil,7.12,False,target_isolation_forest,2402,40,40,1.0,0.6410748373643095,0.6470773914518128,3kW
3kW,3kW_turn_current_17p86pct,interturn,17.86,False,target_isolation_forest,2402,40,28,0.7,0.604112029899803,0.6721837311499976,3kW
3kW,3kW_turn_current_1p78pct,interturn,1.78,False,target_isolation_forest,2402,40,39,0.975,0.6182456945083847,0.6433895519167891,3kW
3kW,3kW_turn_current_2p13pct,interturn,2.13,False,target_isolation_forest,2402,40,40,1.0,0.6294933893485031,0.6596682882906884,3kW
3kW,3kW_turn_current_2p65pct,interturn,2.65,False,target_isolation_forest,2402,40,26,0.65,0.5943444205087188,0.6160377475485912,3kW
3kW,3kW_turn_current_3p5pct,interturn,3.5,False,target_isolation_forest,2402,40,40,1.0,0.6234028486833683,0.6543479549757335,3kW
3kW,3kW_turn_current_5p16pct,interturn,5.16,False,target_isolation_forest,2402,40,22,0.55,0.5919884139543256,0.6281608672562183,3kW
3kW,3kW_turn_current_9p81pct,interturn,9.81,False,target_isolation_forest,2402,40,34,0.85,0.6025483519181339,0.627481214198313,3kW
3kW,3kW_coil_current_0pct,intercoil,0.0,True,target_isolation_forest,3603,14,0,0.0,0.552800294570018,0.5716771135292487,3kW
3kW,3kW_coil_current_13p3pct,intercoil,13.3,False,target_isolation_forest,3603,40,40,1.0,0.6476669242484098,0.6557378717662133,3kW
3kW,3kW_coil_current_23p48pct,intercoil,23.48,False,target_isolation_forest,3603,40,40,1.0,0.6481119099199317,0.6534013040333555,3kW
3kW,3kW_coil_current_2p49pct,intercoil,2.49,False,target_isolation_forest,3603,40,40,1.0,0.6448741457358065,0.6538123582459259,3kW
3kW,3kW_coil_current_2p98pct,intercoil,2.98,False,target_isolation_forest,3603,40,40,1.0,0.648046597311691,0.6527833220515826,3kW
3kW,3kW_coil_current_3p69pct,intercoil,3.69,False,target_isolation_forest,3603,40,40,1.0,0.6478210005589855,0.6564444134702505,3kW
3kW,3kW_coil_current_4p86pct,intercoil,4.86,False,target_isolation_forest,3603,40,40,1.0,0.6475336248887732,0.652804038393743,3kW
3kW,3kW_coil_current_7p12pct,intercoil,7.12,False,target_isolation_forest,3603,40,40,1.0,0.6474210102899931,0.6535344329048507,3kW
3kW,3kW_turn_current_17p86pct,interturn,17.86,False,target_isolation_forest,3603,40,34,0.85,0.6030378156767296,0.6746018273133297,3kW
3kW,3kW_turn_current_1p78pct,interturn,1.78,False,target_isolation_forest,3603,40,40,1.0,0.6263118252150645,0.6555690172393637,3kW
3kW,3kW_turn_current_2p13pct,interturn,2.13,False,target_isolation_forest,3603,40,40,1.0,0.6378225877670269,0.6666407406148932,3kW
3kW,3kW_turn_current_2p65pct,interturn,2.65,False,target_isolation_forest,3603,40,31,0.775,0.5895980055475243,0.6158178878550976,3kW
3kW,3kW_turn_current_3p5pct,interturn,3.5,False,target_isolation_forest,3603,40,40,1.0,0.630012304082916,0.6676464044071656,3kW
3kW,3kW_turn_current_5p16pct,interturn,5.16,False,target_isolation_forest,3603,40,25,0.625,0.5887519750408075,0.6177303009868702,3kW
3kW,3kW_turn_current_9p81pct,interturn,9.81,False,target_isolation_forest,3603,40,39,0.975,0.6069718881552368,0.6263982949373732,3kW
3kW,3kW_coil_current_0pct,intercoil,0.0,True,target_isolation_forest,4804,14,0,0.0,0.5532110083277573,0.5730109733998755,3kW
3kW,3kW_coil_current_13p3pct,intercoil,13.3,False,target_isolation_forest,4804,40,40,1.0,0.6363354595825914,0.6438814948355812,3kW
3kW,3kW_coil_current_23p48pct,intercoil,23.48,False,target_isolation_forest,4804,40,40,1.0,0.637443162754394,0.6446390469705815,3kW
3kW,3kW_coil_current_2p49pct,intercoil,2.49,False,target_isolation_forest,4804,40,40,1.0,0.634964714907348,0.6432940256061971,3kW
3kW,3kW_coil_current_2p98pct,intercoil,2.98,False,target_isolation_forest,4804,40,40,1.0,0.6367566338471111,0.6418872377581812,3kW
3kW,3kW_coil_current_3p69pct,intercoil,3.69,False,target_isolation_forest,4804,40,40,1.0,0.6363037328866132,0.6412208320192043,3kW
3kW,3kW_coil_current_4p86pct,intercoil,4.86,False,target_isolation_forest,4804,40,40,1.0,0.6359488920664926,0.6427916262105998,3kW
3kW,3kW_coil_current_7p12pct,intercoil,7.12,False,target_isolation_forest,4804,40,40,1.0,0.6364482690619031,0.6408772676533284,3kW
3kW,3kW_turn_current_17p86pct,interturn,17.86,False,target_isolation_forest,4804,40,35,0.875,0.598671145736984,0.664303627678955,3kW
3kW,3kW_turn_current_1p78pct,interturn,1.78,False,target_isolation_forest,4804,40,40,1.0,0.6076979610731348,0.6360195857495221,3kW
3kW,3kW_turn_current_2p13pct,interturn,2.13,False,target_isolation_forest,4804,40,40,1.0,0.6222242744631854,0.64681781722651,3kW
3kW,3kW_turn_current_2p65pct,interturn,2.65,False,target_isolation_forest,4804,40,35,0.875,0.5876453754749711,0.6114304813118404,3kW
3kW,3kW_turn_current_3p5pct,interturn,3.5,False,target_isolation_forest,4804,40,40,1.0,0.6153808518156759,0.6495311327003478,3kW
3kW,3kW_turn_current_5p16pct,interturn,5.16,False,target_isolation_forest,4804,40,26,0.65,0.585718148739098,0.6203546649226073,3kW
3kW,3kW_turn_current_9p81pct,interturn,9.81,False,target_isolation_forest,4804,40,39,0.975,0.5960982382044084,0.6199486245728102,3kW
3kW,3kW_coil_current_0pct,intercoil,0.0,True,source_target_isolation_forest,20260820,14,1,0.07142857142857142,0.5353623827975014,0.5690195861101838,3kW
3kW,3kW_coil_current_13p3pct,intercoil,13.3,False,source_target_isolation_forest,20260820,40,40,1.0,0.669158729954449,0.674085724762814,3kW
3kW,3kW_coil_current_23p48pct,intercoil,23.48,False,source_target_isolation_forest,20260820,40,40,1.0,0.6687938508141319,0.6785708134522108,3kW
3kW,3kW_coil_current_2p49pct,intercoil,2.49,False,source_target_isolation_forest,20260820,40,40,1.0,0.6610946048373043,0.6698782042031083,3kW
3kW,3kW_coil_current_2p98pct,intercoil,2.98,False,source_target_isolation_forest,20260820,40,40,1.0,0.6702830248622458,0.677413255955041,3kW
3kW,3kW_coil_current_3p69pct,intercoil,3.69,False,source_target_isolation_forest,20260820,40,40,1.0,0.669934575233357,0.6787884529203843,3kW
3kW,3kW_coil_current_4p86pct,intercoil,4.86,False,source_target_isolation_forest,20260820,40,40,1.0,0.6693055608159095,0.6793020235931757,3kW
3kW,3kW_coil_current_7p12pct,intercoil,7.12,False,source_target_isolation_forest,20260820,40,40,1.0,0.6692563033203575,0.6786276195828471,3kW
3kW,3kW_turn_current_17p86pct,interturn,17.86,False,source_target_isolation_forest,20260820,40,39,0.975,0.6098447672566831,0.7219585786021534,3kW
3kW,3kW_turn_current_1p78pct,interturn,1.78,False,source_target_isolation_forest,20260820,40,40,1.0,0.621117785797276,0.6539331938955927,3kW
3kW,3kW_turn_current_2p13pct,interturn,2.13,False,source_target_isolation_forest,20260820,40,40,1.0,0.6406208555745637,0.6684302843624643,3kW
3kW,3kW_turn_current_2p65pct,interturn,2.65,False,source_target_isolation_forest,20260820,40,35,0.875,0.5870691672184895,0.6203927631302821,3kW
3kW,3kW_turn_current_3p5pct,interturn,3.5,False,source_target_isolation_forest,20260820,40,40,1.0,0.6260069453072482,0.67174303219055,3kW
3kW,3kW_turn_current_5p16pct,interturn,5.16,False,source_target_isolation_forest,20260820,40,33,0.825,0.5861996298593098,0.64035010780089,3kW
3kW,3kW_turn_current_9p81pct,interturn,9.81,False,source_target_isolation_forest,20260820,40,40,1.0,0.6060959685361068,0.638790132342986,3kW
3kW,3kW_coil_current_0pct,intercoil,0.0,True,source_target_isolation_forest,1201,14,1,0.07142857142857142,0.5272972709588303,0.5594132985510726,3kW
3kW,3kW_coil_current_13p3pct,intercoil,13.3,False,source_target_isolation_forest,1201,40,40,1.0,0.665474839090952,0.6721953935578864,3kW
3kW,3kW_coil_current_23p48pct,intercoil,23.48,False,source_target_isolation_forest,1201,40,40,1.0,0.6643154366520403,0.6728468602731467,3kW
3kW,3kW_coil_current_2p49pct,intercoil,2.49,False,source_target_isolation_forest,1201,40,40,1.0,0.6547207586151168,0.6627661001437283,3kW
3kW,3kW_coil_current_2p98pct,intercoil,2.98,False,source_target_isolation_forest,1201,40,40,1.0,0.6666327585696213,0.6726430183124573,3kW
3kW,3kW_coil_current_3p69pct,intercoil,3.69,False,source_target_isolation_forest,1201,40,40,1.0,0.665340797390538,0.6739370659797882,3kW
3kW,3kW_coil_current_4p86pct,intercoil,4.86,False,source_target_isolation_forest,1201,40,40,1.0,0.6660336702168521,0.6753136320313822,3kW
3kW,3kW_coil_current_7p12pct,intercoil,7.12,False,source_target_isolation_forest,1201,40,40,1.0,0.6653772371908605,0.6753884839129998,3kW
3kW,3kW_turn_current_17p86pct,interturn,17.86,False,source_target_isolation_forest,1201,40,39,0.975,0.6041181977881035,0.7203464353273787,3kW
3kW,3kW_turn_current_1p78pct,interturn,1.78,False,source_target_isolation_forest,1201,40,40,1.0,0.6296915095258668,0.665538847993612,3kW
3kW,3kW_turn_current_2p13pct,interturn,2.13,False,source_target_isolation_forest,1201,40,40,1.0,0.6417490357184233,0.6710151149123035,3kW
3kW,3kW_turn_current_2p65pct,interturn,2.65,False,source_target_isolation_forest,1201,40,37,0.925,0.5783299762946184,0.6094748826040335,3kW
3kW,3kW_turn_current_3p5pct,interturn,3.5,False,source_target_isolation_forest,1201,40,40,1.0,0.6342565746088904,0.6769444868823679,3kW
3kW,3kW_turn_current_5p16pct,interturn,5.16,False,source_target_isolation_forest,1201,40,33,0.825,0.57893199655795,0.6330616643612343,3kW
3kW,3kW_turn_current_9p81pct,interturn,9.81,False,source_target_isolation_forest,1201,40,40,1.0,0.6095641858924883,0.6400664620666767,3kW
3kW,3kW_coil_current_0pct,intercoil,0.0,True,source_target_isolation_forest,2402,14,0,0.0,0.5320367517616276,0.5651748024508205,3kW
3kW,3kW_coil_current_13p3pct,intercoil,13.3,False,source_target_isolation_forest,2402,40,40,1.0,0.6615488894579957,0.6684147707995319,3kW
3kW,3kW_coil_current_23p48pct,intercoil,23.48,False,source_target_isolation_forest,2402,40,40,1.0,0.6599978582524093,0.6690221671384396,3kW
3kW,3kW_coil_current_2p49pct,intercoil,2.49,False,source_target_isolation_forest,2402,40,40,1.0,0.6487980875422297,0.657135723249865,3kW
3kW,3kW_coil_current_2p98pct,intercoil,2.98,False,source_target_isolation_forest,2402,40,40,1.0,0.6629323612543148,0.6676138213337046,3kW
3kW,3kW_coil_current_3p69pct,intercoil,3.69,False,source_target_isolation_forest,2402,40,40,1.0,0.6613139123965566,0.668574455449607,3kW
3kW,3kW_coil_current_4p86pct,intercoil,4.86,False,source_target_isolation_forest,2402,40,40,1.0,0.6612929574049032,0.6730310244376015,3kW
3kW,3kW_coil_current_7p12pct,intercoil,7.12,False,source_target_isolation_forest,2402,40,40,1.0,0.6620031856683531,0.6697641187633897,3kW
3kW,3kW_turn_current_17p86pct,interturn,17.86,False,source_target_isolation_forest,2402,40,33,0.825,0.5991500031668773,0.730979109192498,3kW
3kW,3kW_turn_current_1p78pct,interturn,1.78,False,source_target_isolation_forest,2402,40,40,1.0,0.6293762006112672,0.6686245910315243,3kW
3kW,3kW_turn_current_2p13pct,interturn,2.13,False,source_target_isolation_forest,2402,40,40,1.0,0.6404592397627299,0.670578188916309,3kW
3kW,3kW_turn_current_2p65pct,interturn,2.65,False,source_target_isolation_forest,2402,40,25,0.625,0.573713679986891,0.6038552011580482,3kW
3kW,3kW_turn_current_3p5pct,interturn,3.5,False,source_target_isolation_forest,2402,40,40,1.0,0.6345533327253917,0.6714755884113465,3kW
3kW,3kW_turn_current_5p16pct,interturn,5.16,False,source_target_isolation_forest,2402,40,31,0.775,0.5841114395490999,0.6347273227879029,3kW
3kW,3kW_turn_current_9p81pct,interturn,9.81,False,source_target_isolation_forest,2402,40,40,1.0,0.6063990056908823,0.6393366152814264,3kW
3kW,3kW_coil_current_0pct,intercoil,0.0,True,source_target_isolation_forest,3603,14,1,0.07142857142857142,0.530520421303199,0.5682294148263647,3kW
3kW,3kW_coil_current_13p3pct,intercoil,13.3,False,source_target_isolation_forest,3603,40,40,1.0,0.6619635477283012,0.66774355842172,3kW
3kW,3kW_coil_current_23p48pct,intercoil,23.48,False,source_target_isolation_forest,3603,40,40,1.0,0.6608506433112482,0.6711956493456857,3kW
3kW,3kW_coil_current_2p49pct,intercoil,2.49,False,source_target_isolation_forest,3603,40,40,1.0,0.6529223552236165,0.6625085171210932,3kW
3kW,3kW_coil_current_2p98pct,intercoil,2.98,False,source_target_isolation_forest,3603,40,40,1.0,0.6635650057457594,0.6716481712911722,3kW
3kW,3kW_coil_current_3p69pct,intercoil,3.69,False,source_target_isolation_forest,3603,40,40,1.0,0.6624283000016875,0.6715647817123946,3kW
3kW,3kW_coil_current_4p86pct,intercoil,4.86,False,source_target_isolation_forest,3603,40,40,1.0,0.6617892127269602,0.6710045695855907,3kW
3kW,3kW_coil_current_7p12pct,intercoil,7.12,False,source_target_isolation_forest,3603,40,40,1.0,0.6620466912013766,0.6718121465448386,3kW
3kW,3kW_turn_current_17p86pct,interturn,17.86,False,source_target_isolation_forest,3603,40,37,0.925,0.6025290254639691,0.7149731016005678,3kW
3kW,3kW_turn_current_1p78pct,interturn,1.78,False,source_target_isolation_forest,3603,40,40,1.0,0.6389409398090153,0.6658944978271493,3kW
3kW,3kW_turn_current_2p13pct,interturn,2.13,False,source_target_isolation_forest,3603,40,40,1.0,0.6499217324158373,0.6805531117195424,3kW
3kW,3kW_turn_current_2p65pct,interturn,2.65,False,source_target_isolation_forest,3603,40,33,0.825,0.5757438792487732,0.6093246925833664,3kW
3kW,3kW_turn_current_3p5pct,interturn,3.5,False,source_target_isolation_forest,3603,40,40,1.0,0.6442696046820232,0.6864613775133899,3kW
3kW,3kW_turn_current_5p16pct,interturn,5.16,False,source_target_isolation_forest,3603,40,32,0.8,0.5803996708346288,0.6309770249058716,3kW
3kW,3kW_turn_current_9p81pct,interturn,9.81,False,source_target_isolation_forest,3603,40,40,1.0,0.6186515777911312,0.6562024569723754,3kW
3kW,3kW_coil_current_0pct,intercoil,0.0,True,source_target_isolation_forest,4804,14,1,0.07142857142857142,0.5323341432908817,0.5723994954533188,3kW
3kW,3kW_coil_current_13p3pct,intercoil,13.3,False,source_target_isolation_forest,4804,40,40,1.0,0.6610297562754994,0.665871171104683,3kW
3kW,3kW_coil_current_23p48pct,intercoil,23.48,False,source_target_isolation_forest,4804,40,40,1.0,0.6596549246394854,0.6679354459991415,3kW
3kW,3kW_coil_current_2p49pct,intercoil,2.49,False,source_target_isolation_forest,4804,40,40,1.0,0.6530722955698379,0.6618937271741062,3kW
3kW,3kW_coil_current_2p98pct,intercoil,2.98,False,source_target_isolation_forest,4804,40,40,1.0,0.6626110562567364,0.6693502430723569,3kW
3kW,3kW_coil_current_3p69pct,intercoil,3.69,False,source_target_isolation_forest,4804,40,40,1.0,0.6609681345674825,0.6680058490712284,3kW
3kW,3kW_coil_current_4p86pct,intercoil,4.86,False,source_target_isolation_forest,4804,40,40,1.0,0.6608788023664252,0.6689444769215087,3kW
3kW,3kW_coil_current_7p12pct,intercoil,7.12,False,source_target_isolation_forest,4804,40,40,1.0,0.6611320998544414,0.6682700134577277,3kW
3kW,3kW_turn_current_17p86pct,interturn,17.86,False,source_target_isolation_forest,4804,40,34,0.85,0.5991742932759643,0.7169262231271539,3kW
3kW,3kW_turn_current_1p78pct,interturn,1.78,False,source_target_isolation_forest,4804,40,40,1.0,0.6336742417641376,0.6618691999975072,3kW
3kW,3kW_turn_current_2p13pct,interturn,2.13,False,source_target_isolation_forest,4804,40,40,1.0,0.642869093844255,0.680052516249614,3kW
3kW,3kW_turn_current_2p65pct,interturn,2.65,False,source_target_isolation_forest,4804,40,30,0.75,0.5737587597473264,0.609365305115209,3kW
3kW,3kW_turn_current_3p5pct,interturn,3.5,False,source_target_isolation_forest,4804,40,40,1.0,0.6392338124651793,0.6787495690921289,3kW
3kW,3kW_turn_current_5p16pct,interturn,5.16,False,source_target_isolation_forest,4804,40,32,0.8,0.5835416392721491,0.6382117148597484,3kW
3kW,3kW_turn_current_9p81pct,interturn,9.81,False,source_target_isolation_forest,4804,40,40,1.0,0.613873305579409,0.6447220615368419,3kW
3kW,3kW_coil_current_0pct,intercoil,0.0,True,target_min_cov_det,20260820,14,0,0.0,562.0937351936723,1002.3117268712557,3kW
3kW,3kW_coil_current_13p3pct,intercoil,13.3,False,target_min_cov_det,20260820,40,40,1.0,4750627.869629752,4783208.476119452,3kW
3kW,3kW_coil_current_23p48pct,intercoil,23.48,False,target_min_cov_det,20260820,40,40,1.0,4932514.051993503,5114621.724277927,3kW
3kW,3kW_coil_current_2p49pct,intercoil,2.49,False,target_min_cov_det,20260820,40,40,1.0,4172354.7863886394,4231447.285983392,3kW
3kW,3kW_coil_current_2p98pct,intercoil,2.98,False,target_min_cov_det,20260820,40,40,1.0,4741449.772808326,4781511.664805268,3kW
3kW,3kW_coil_current_3p69pct,intercoil,3.69,False,target_min_cov_det,20260820,40,40,1.0,4728626.870077142,4778790.762781625,3kW
3kW,3kW_coil_current_4p86pct,intercoil,4.86,False,target_min_cov_det,20260820,40,40,1.0,4737122.477972602,4778948.923723636,3kW
3kW,3kW_coil_current_7p12pct,intercoil,7.12,False,target_min_cov_det,20260820,40,40,1.0,4737023.006936793,4808376.830677404,3kW
3kW,3kW_turn_current_17p86pct,interturn,17.86,False,target_min_cov_det,20260820,40,40,1.0,3700810.7813685634,17768806.636649773,3kW
3kW,3kW_turn_current_1p78pct,interturn,1.78,False,target_min_cov_det,20260820,40,40,1.0,7460.154258251673,13404.408087816233,3kW
3kW,3kW_turn_current_2p13pct,interturn,2.13,False,target_min_cov_det,20260820,40,40,1.0,6047.534165585263,19932.112564730825,3kW
3kW,3kW_turn_current_2p65pct,interturn,2.65,False,target_min_cov_det,20260820,40,3,0.075,1036.084636153096,2541.6519583447784,3kW
3kW,3kW_turn_current_3p5pct,interturn,3.5,False,target_min_cov_det,20260820,40,40,1.0,6176.47159284019,13263.304782034449,3kW
3kW,3kW_turn_current_5p16pct,interturn,5.16,False,target_min_cov_det,20260820,40,11,0.275,1398.239599310499,8285.23048871381,3kW
3kW,3kW_turn_current_9p81pct,interturn,9.81,False,target_min_cov_det,20260820,40,40,1.0,14603.369373719697,29370.349435930617,3kW
3kW,3kW_coil_current_0pct,intercoil,0.0,True,target_min_cov_det,1201,14,0,0.0,374.8652943582659,632.8324437985749,3kW
3kW,3kW_coil_current_13p3pct,intercoil,13.3,False,target_min_cov_det,1201,40,40,1.0,3353738.333789071,3375561.781661373,3kW
3kW,3kW_coil_current_23p48pct,intercoil,23.48,False,target_min_cov_det,1201,40,40,1.0,3337037.088704764,3376943.3090752712,3kW
3kW,3kW_coil_current_2p49pct,intercoil,2.49,False,target_min_cov_det,1201,40,40,1.0,2940866.4408695726,2975581.6953792693,3kW
3kW,3kW_coil_current_2p98pct,intercoil,2.98,False,target_min_cov_det,1201,40,40,1.0,3340275.2763287737,3368544.059362581,3kW
3kW,3kW_coil_current_3p69pct,intercoil,3.69,False,target_min_cov_det,1201,40,40,1.0,3347185.121755788,3374825.841370864,3kW
3kW,3kW_coil_current_4p86pct,intercoil,4.86,False,target_min_cov_det,1201,40,40,1.0,3359672.0464847274,3383479.9437538306,3kW
3kW,3kW_coil_current_7p12pct,intercoil,7.12,False,target_min_cov_det,1201,40,40,1.0,3349857.2239898965,3381417.036596988,3kW
3kW,3kW_turn_current_17p86pct,interturn,17.86,False,target_min_cov_det,1201,40,40,1.0,1628118.8205556618,7476349.007226165,3kW
3kW,3kW_turn_current_1p78pct,interturn,1.78,False,target_min_cov_det,1201,40,40,1.0,6835.812363848601,9567.710741408271,3kW
3kW,3kW_turn_current_2p13pct,interturn,2.13,False,target_min_cov_det,1201,40,40,1.0,7078.7568718714465,10985.975017915956,3kW
3kW,3kW_turn_current_2p65pct,interturn,2.65,False,target_min_cov_det,1201,40,25,0.625,771.2211581016193,1468.7910724655526,3kW
3kW,3kW_turn_current_3p5pct,interturn,3.5,False,target_min_cov_det,1201,40,40,1.0,6301.621343025038,8436.80992801152,3kW
3kW,3kW_turn_current_5p16pct,interturn,5.16,False,target_min_cov_det,1201,40,16,0.4,688.0136950957778,3610.6480986892702,3kW
3kW,3kW_turn_current_9p81pct,interturn,9.81,False,target_min_cov_det,1201,40,40,1.0,9347.186116324638,15930.692574619823,3kW
3kW,3kW_coil_current_0pct,intercoil,0.0,True,target_min_cov_det,2402,14,0,0.0,471.0368061490612,798.6510891205979,3kW
3kW,3kW_coil_current_13p3pct,intercoil,13.3,False,target_min_cov_det,2402,40,40,1.0,6717402.9711344335,6782318.291240113,3kW
3kW,3kW_coil_current_23p48pct,intercoil,23.48,False,target_min_cov_det,2402,40,40,1.0,6562679.961796782,6697918.279409415,3kW
3kW,3kW_coil_current_2p49pct,intercoil,2.49,False,target_min_cov_det,2402,40,40,1.0,5840017.659612127,5924240.594057461,3kW
3kW,3kW_coil_current_2p98pct,intercoil,2.98,False,target_min_cov_det,2402,40,40,1.0,6658563.315373419,6738574.601702846,3kW
3kW,3kW_coil_current_3p69pct,intercoil,3.69,False,target_min_cov_det,2402,40,40,1.0,6715222.241293209,6851095.2950916495,3kW
3kW,3kW_coil_current_4p86pct,intercoil,4.86,False,target_min_cov_det,2402,40,40,1.0,6752887.620246969,6827848.119616385,3kW
3kW,3kW_coil_current_7p12pct,intercoil,7.12,False,target_min_cov_det,2402,40,40,1.0,6717233.664990832,6802052.556877929,3kW
3kW,3kW_turn_current_17p86pct,interturn,17.86,False,target_min_cov_det,2402,40,37,0.925,1721070.4677243356,7935995.169200021,3kW
3kW,3kW_turn_current_1p78pct,interturn,1.78,False,target_min_cov_det,2402,40,40,1.0,5456.99301751497,7163.739728218716,3kW
3kW,3kW_turn_current_2p13pct,interturn,2.13,False,target_min_cov_det,2402,40,40,1.0,6264.089662442069,8298.536445923117,3kW
3kW,3kW_turn_current_2p65pct,interturn,2.65,False,target_min_cov_det,2402,40,3,0.075,940.3808623752979,2016.0311315428528,3kW
3kW,3kW_turn_current_3p5pct,interturn,3.5,False,target_min_cov_det,2402,40,40,1.0,5456.999767623256,7952.446374611848,3kW
3kW,3kW_turn_current_5p16pct,interturn,5.16,False,target_min_cov_det,2402,40,5,0.125,1029.0319553069653,4270.507271868397,3kW
3kW,3kW_turn_current_9p81pct,interturn,9.81,False,target_min_cov_det,2402,40,40,1.0,7156.160987279176,12799.939520373351,3kW
3kW,3kW_coil_current_0pct,intercoil,0.0,True,target_min_cov_det,3603,14,2,0.14285714285714285,338.9350854927062,608.7800814252679,3kW
3kW,3kW_coil_current_13p3pct,intercoil,13.3,False,target_min_cov_det,3603,40,40,1.0,2419852.0998430448,2429690.81889774,3kW
3kW,3kW_coil_current_23p48pct,intercoil,23.48,False,target_min_cov_det,3603,40,40,1.0,2445303.7748050904,2468154.2152642747,3kW
3kW,3kW_coil_current_2p49pct,intercoil,2.49,False,target_min_cov_det,3603,40,40,1.0,2207303.417794904,2234929.7939509815,3kW
3kW,3kW_coil_current_2p98pct,intercoil,2.98,False,target_min_cov_det,3603,40,40,1.0,2414053.0287622316,2434718.7272154917,3kW
3kW,3kW_coil_current_3p69pct,intercoil,3.69,False,target_min_cov_det,3603,40,40,1.0,2414906.1776247495,2427746.778174548,3kW
3kW,3kW_coil_current_4p86pct,intercoil,4.86,False,target_min_cov_det,3603,40,40,1.0,2422453.334570377,2443653.3982433546,3kW
3kW,3kW_coil_current_7p12pct,intercoil,7.12,False,target_min_cov_det,3603,40,40,1.0,2417193.2040825794,2443037.3067614553,3kW
3kW,3kW_turn_current_17p86pct,interturn,17.86,False,target_min_cov_det,3603,40,40,1.0,1045094.1211665934,4807298.785622965,3kW
3kW,3kW_turn_current_1p78pct,interturn,1.78,False,target_min_cov_det,3603,40,40,1.0,4958.718212617168,6626.421920877021,3kW
3kW,3kW_turn_current_2p13pct,interturn,2.13,False,target_min_cov_det,3603,40,40,1.0,5062.0083241500015,7931.755578181522,3kW
3kW,3kW_turn_current_2p65pct,interturn,2.65,False,target_min_cov_det,3603,40,31,0.775,679.804860473609,1259.5649588945623,3kW
3kW,3kW_turn_current_3p5pct,interturn,3.5,False,target_min_cov_det,3603,40,40,1.0,4751.150819325731,6715.22770422987,3kW
3kW,3kW_turn_current_5p16pct,interturn,5.16,False,target_min_cov_det,3603,40,20,0.5,646.0902080922737,2415.7705561164494,3kW
3kW,3kW_turn_current_9p81pct,interturn,9.81,False,target_min_cov_det,3603,40,40,1.0,6465.060661970338,10709.8173016816,3kW
3kW,3kW_coil_current_0pct,intercoil,0.0,True,target_min_cov_det,4804,14,0,0.0,327.9660849303482,597.1402251362249,3kW
3kW,3kW_coil_current_13p3pct,intercoil,13.3,False,target_min_cov_det,4804,40,40,1.0,2966573.88714908,2984750.952720332,3kW
3kW,3kW_coil_current_23p48pct,intercoil,23.48,False,target_min_cov_det,4804,40,40,1.0,2967960.426459161,2990076.552676674,3kW
3kW,3kW_coil_current_2p49pct,intercoil,2.49,False,target_min_cov_det,4804,40,40,1.0,2705353.192382273,2727909.1775245024,3kW
3kW,3kW_coil_current_2p98pct,intercoil,2.98,False,target_min_cov_det,4804,40,40,1.0,2962468.9096962023,2981027.8134427653,3kW
3kW,3kW_coil_current_3p69pct,intercoil,3.69,False,target_min_cov_det,4804,40,40,1.0,2958027.4032038227,2978387.554591022,3kW
3kW,3kW_coil_current_4p86pct,intercoil,4.86,False,target_min_cov_det,4804,40,40,1.0,2963884.7473287787,2980630.686272089,3kW
3kW,3kW_coil_current_7p12pct,intercoil,7.12,False,target_min_cov_det,4804,40,40,1.0,2961617.1882186537,2988660.881847877,3kW
3kW,3kW_turn_current_17p86pct,interturn,17.86,False,target_min_cov_det,4804,40,40,1.0,1018785.4402424663,4836216.03637945,3kW
3kW,3kW_turn_current_1p78pct,interturn,1.78,False,target_min_cov_det,4804,40,40,1.0,6817.032854936629,7691.5521886249,3kW
3kW,3kW_turn_current_2p13pct,interturn,2.13,False,target_min_cov_det,4804,40,40,1.0,8150.869274983917,9719.413857565558,3kW
3kW,3kW_turn_current_2p65pct,interturn,2.65,False,target_min_cov_det,4804,40,9,0.225,702.8466366872339,1185.982695148467,3kW
3kW,3kW_turn_current_3p5pct,interturn,3.5,False,target_min_cov_det,4804,40,40,1.0,6953.739391455529,8083.078825041206,3kW
3kW,3kW_turn_current_5p16pct,interturn,5.16,False,target_min_cov_det,4804,40,4,0.1,545.3988241660848,1979.4978751691638,3kW
3kW,3kW_turn_current_9p81pct,interturn,9.81,False,target_min_cov_det,4804,40,40,1.0,7174.123607847048,10463.208565639296,3kW
3kW,3kW_coil_current_0pct,intercoil,0.0,True,source_target_min_cov_det,20260820,14,0,0.0,138.60460958115905,198.73531105366965,3kW
3kW,3kW_coil_current_13p3pct,intercoil,13.3,False,source_target_min_cov_det,20260820,40,40,1.0,1092129.9027336845,1097473.991953526,3kW
3kW,3kW_coil_current_23p48pct,intercoil,23.48,False,source_target_min_cov_det,20260820,40,40,1.0,1094558.2147841891,1100929.8026336245,3kW
3kW,3kW_coil_current_2p49pct,intercoil,2.49,False,source_target_min_cov_det,20260820,40,40,1.0,999428.7967504716,1005473.8769892486,3kW
3kW,3kW_coil_current_2p98pct,intercoil,2.98,False,source_target_min_cov_det,20260820,40,40,1.0,1087723.5029061623,1092958.0960078435,3kW
3kW,3kW_coil_current_3p69pct,intercoil,3.69,False,source_target_min_cov_det,20260820,40,40,1.0,1089763.2193655183,1096648.2596418418,3kW
3kW,3kW_coil_current_4p86pct,intercoil,4.86,False,source_target_min_cov_det,20260820,40,40,1.0,1093474.9119656207,1098841.2815104993,3kW
3kW,3kW_coil_current_7p12pct,intercoil,7.12,False,source_target_min_cov_det,20260820,40,40,1.0,1090484.2314414189,1097586.521785182,3kW
3kW,3kW_turn_current_17p86pct,interturn,17.86,False,source_target_min_cov_det,20260820,40,39,0.975,5717.559541642045,23274.587458562084,3kW
3kW,3kW_turn_current_1p78pct,interturn,1.78,False,source_target_min_cov_det,20260820,40,40,1.0,2104.113167023809,2287.476559217528,3kW
3kW,3kW_turn_current_2p13pct,interturn,2.13,False,source_target_min_cov_det,20260820,40,40,1.0,2141.852174339613,2433.018263848106,3kW
3kW,3kW_turn_current_2p65pct,interturn,2.65,False,source_target_min_cov_det,20260820,40,35,0.875,258.18587083402065,362.8130262276194,3kW
3kW,3kW_turn_current_3p5pct,interturn,3.5,False,source_target_min_cov_det,20260820,40,40,1.0,2140.1813650516274,2359.177001137208,3kW
3kW,3kW_turn_current_5p16pct,interturn,5.16,False,source_target_min_cov_det,20260820,40,22,0.55,218.71456141841819,354.18626597239114,3kW
3kW,3kW_turn_current_9p81pct,interturn,9.81,False,source_target_min_cov_det,20260820,40,40,1.0,2171.6195426934637,2498.361739038151,3kW
3kW,3kW_coil_current_0pct,intercoil,0.0,True,source_target_min_cov_det,1201,14,1,0.07142857142857142,312.0984352450546,483.36823083969705,3kW
3kW,3kW_coil_current_13p3pct,intercoil,13.3,False,source_target_min_cov_det,1201,40,40,1.0,939966.7927702075,944848.0738513015,3kW
3kW,3kW_coil_current_23p48pct,intercoil,23.48,False,source_target_min_cov_det,1201,40,40,1.0,939864.6476634305,944638.3887002298,3kW
3kW,3kW_coil_current_2p49pct,intercoil,2.49,False,source_target_min_cov_det,1201,40,40,1.0,869979.826029055,874366.8791383754,3kW
3kW,3kW_coil_current_2p98pct,intercoil,2.98,False,source_target_min_cov_det,1201,40,40,1.0,936210.3846024148,941144.0690405406,3kW
3kW,3kW_coil_current_3p69pct,intercoil,3.69,False,source_target_min_cov_det,1201,40,40,1.0,938021.2632180648,942898.131876205,3kW
3kW,3kW_coil_current_4p86pct,intercoil,4.86,False,source_target_min_cov_det,1201,40,40,1.0,941416.320253759,946193.0277005769,3kW
3kW,3kW_coil_current_7p12pct,intercoil,7.12,False,source_target_min_cov_det,1201,40,40,1.0,938952.5958039552,943478.0314981114,3kW
3kW,3kW_turn_current_17p86pct,interturn,17.86,False,source_target_min_cov_det,1201,40,26,0.65,5905.809252022612,23674.411854188755,3kW
3kW,3kW_turn_current_1p78pct,interturn,1.78,False,source_target_min_cov_det,1201,40,40,1.0,2589.7874035456985,2940.0362360345134,3kW
3kW,3kW_turn_current_2p13pct,interturn,2.13,False,source_target_min_cov_det,1201,40,40,1.0,2526.384286945764,3101.494826988525,3kW
3kW,3kW_turn_current_2p65pct,interturn,2.65,False,source_target_min_cov_det,1201,40,19,0.475,470.741986201121,704.3297902823094,3kW
3kW,3kW_turn_current_3p5pct,interturn,3.5,False,source_target_min_cov_det,1201,40,40,1.0,2674.2520161419575,3282.2460609638338,3kW
3kW,3kW_turn_current_5p16pct,interturn,5.16,False,source_target_min_cov_det,1201,40,23,0.575,499.0312148021162,824.1794027097849,3kW
3kW,3kW_turn_current_9p81pct,interturn,9.81,False,source_target_min_cov_det,1201,40,40,1.0,2704.8120193108525,2949.266597308227,3kW
3kW,3kW_coil_current_0pct,intercoil,0.0,True,source_target_min_cov_det,2402,14,1,0.07142857142857142,314.8326540000454,485.2740744636112,3kW
3kW,3kW_coil_current_13p3pct,intercoil,13.3,False,source_target_min_cov_det,2402,40,40,1.0,944596.9956605568,949441.9215501541,3kW
3kW,3kW_coil_current_23p48pct,intercoil,23.48,False,source_target_min_cov_det,2402,40,40,1.0,944671.343821976,949828.6219446331,3kW
3kW,3kW_coil_current_2p49pct,intercoil,2.49,False,source_target_min_cov_det,2402,40,40,1.0,877857.0184814294,882201.1173541304,3kW
3kW,3kW_coil_current_2p98pct,intercoil,2.98,False,source_target_min_cov_det,2402,40,40,1.0,940988.4998795965,945281.2260027813,3kW
3kW,3kW_coil_current_3p69pct,intercoil,3.69,False,source_target_min_cov_det,2402,40,40,1.0,942811.5644870093,947789.1199330132,3kW
3kW,3kW_coil_current_4p86pct,intercoil,4.86,False,source_target_min_cov_det,2402,40,40,1.0,946049.5244881753,951117.5984319613,3kW
3kW,3kW_coil_current_7p12pct,intercoil,7.12,False,source_target_min_cov_det,2402,40,40,1.0,943550.8501460368,948063.009839583,3kW
3kW,3kW_turn_current_17p86pct,interturn,17.86,False,source_target_min_cov_det,2402,40,38,0.95,5736.425497077068,22806.930275304323,3kW
3kW,3kW_turn_current_1p78pct,interturn,1.78,False,source_target_min_cov_det,2402,40,40,1.0,2533.7865729515242,2852.7518760177327,3kW
3kW,3kW_turn_current_2p13pct,interturn,2.13,False,source_target_min_cov_det,2402,40,40,1.0,2440.8875116995378,3046.9521540723913,3kW
3kW,3kW_turn_current_2p65pct,interturn,2.65,False,source_target_min_cov_det,2402,40,28,0.7,510.3680127397227,770.4940818100138,3kW
3kW,3kW_turn_current_3p5pct,interturn,3.5,False,source_target_min_cov_det,2402,40,40,1.0,2608.0006349569476,3273.1891576785792,3kW
3kW,3kW_turn_current_5p16pct,interturn,5.16,False,source_target_min_cov_det,2402,40,27,0.675,518.0864779035849,823.3928742919355,3kW
3kW,3kW_turn_current_9p81pct,interturn,9.81,False,source_target_min_cov_det,2402,40,40,1.0,2687.3283353041397,2895.721949328766,3kW
3kW,3kW_coil_current_0pct,intercoil,0.0,True,source_target_min_cov_det,3603,14,1,0.07142857142857142,145.25359351795245,228.36707181122318,3kW
3kW,3kW_coil_current_13p3pct,intercoil,13.3,False,source_target_min_cov_det,3603,40,40,1.0,1215647.2753466193,1221932.0296980154,3kW
3kW,3kW_coil_current_23p48pct,intercoil,23.48,False,source_target_min_cov_det,3603,40,40,1.0,1217090.2658904153,1224654.8372800616,3kW
3kW,3kW_coil_current_2p49pct,intercoil,2.49,False,source_target_min_cov_det,3603,40,40,1.0,1121272.0501619312,1127358.0220176445,3kW
3kW,3kW_coil_current_2p98pct,intercoil,2.98,False,source_target_min_cov_det,3603,40,40,1.0,1211243.7109650574,1217040.5985063193,3kW
3kW,3kW_coil_current_3p69pct,intercoil,3.69,False,source_target_min_cov_det,3603,40,40,1.0,1213367.8413069223,1220292.0647452858,3kW
3kW,3kW_coil_current_4p86pct,intercoil,4.86,False,source_target_min_cov_det,3603,40,40,1.0,1217438.5306267121,1223465.9632315543,3kW
3kW,3kW_coil_current_7p12pct,intercoil,7.12,False,source_target_min_cov_det,3603,40,40,1.0,1214185.6441544525,1221325.6391034916,3kW
3kW,3kW_turn_current_17p86pct,interturn,17.86,False,source_target_min_cov_det,3603,40,38,0.95,6685.062298357606,27637.543715408476,3kW
3kW,3kW_turn_current_1p78pct,interturn,1.78,False,source_target_min_cov_det,3603,40,40,1.0,1950.4280856301016,2150.771319231253,3kW
3kW,3kW_turn_current_2p13pct,interturn,2.13,False,source_target_min_cov_det,3603,40,40,1.0,1921.1049267038823,2235.7214099252724,3kW
3kW,3kW_turn_current_2p65pct,interturn,2.65,False,source_target_min_cov_det,3603,40,26,0.65,241.30819802297592,316.6338465158036,3kW
3kW,3kW_turn_current_3p5pct,interturn,3.5,False,source_target_min_cov_det,3603,40,40,1.0,1982.822365432209,2195.4370809105912,3kW
3kW,3kW_turn_current_5p16pct,interturn,5.16,False,source_target_min_cov_det,3603,40,20,0.5,215.88866474980173,363.23149199711565,3kW
3kW,3kW_turn_current_9p81pct,interturn,9.81,False,source_target_min_cov_det,3603,40,40,1.0,2056.9974754413242,2425.6688984506027,3kW
3kW,3kW_coil_current_0pct,intercoil,0.0,True,source_target_min_cov_det,4804,14,2,0.14285714285714285,150.1518973033602,238.97204993822567,3kW
3kW,3kW_coil_current_13p3pct,intercoil,13.3,False,source_target_min_cov_det,4804,40,40,1.0,1372925.2058261202,1379770.487505738,3kW
3kW,3kW_coil_current_23p48pct,intercoil,23.48,False,source_target_min_cov_det,4804,40,40,1.0,1377418.2588986186,1385589.9876780207,3kW
3kW,3kW_coil_current_2p49pct,intercoil,2.49,False,source_target_min_cov_det,4804,40,40,1.0,1258097.889211869,1265311.594977862,3kW
3kW,3kW_coil_current_2p98pct,intercoil,2.98,False,source_target_min_cov_det,4804,40,40,1.0,1367664.389195993,1374067.791466769,3kW
3kW,3kW_coil_current_3p69pct,intercoil,3.69,False,source_target_min_cov_det,4804,40,40,1.0,1370108.0573310284,1378836.170773793,3kW
3kW,3kW_coil_current_4p86pct,intercoil,4.86,False,source_target_min_cov_det,4804,40,40,1.0,1374599.7815133827,1381040.136312266,3kW
3kW,3kW_coil_current_7p12pct,intercoil,7.12,False,source_target_min_cov_det,4804,40,40,1.0,1370759.643463552,1379999.1554318757,3kW
3kW,3kW_turn_current_17p86pct,interturn,17.86,False,source_target_min_cov_det,4804,40,39,0.975,6395.428279422265,26145.83327370544,3kW
3kW,3kW_turn_current_1p78pct,interturn,1.78,False,source_target_min_cov_det,4804,40,40,1.0,2207.6385754218695,2423.4563002840814,3kW
3kW,3kW_turn_current_2p13pct,interturn,2.13,False,source_target_min_cov_det,4804,40,40,1.0,2192.6597971512683,2498.137483562158,3kW
3kW,3kW_turn_current_2p65pct,interturn,2.65,False,source_target_min_cov_det,4804,40,35,0.875,262.36255460799595,360.5855702475145,3kW
3kW,3kW_turn_current_3p5pct,interturn,3.5,False,source_target_min_cov_det,4804,40,40,1.0,2245.6973006176204,2499.553316309296,3kW
3kW,3kW_turn_current_5p16pct,interturn,5.16,False,source_target_min_cov_det,4804,40,22,0.55,223.6211778498328,377.00845616409975,3kW
3kW,3kW_turn_current_9p81pct,interturn,9.81,False,source_target_min_cov_det,4804,40,40,1.0,2291.400558129268,2678.6271841775915,3kW
