motor_id,record_id,fault_family,severity_percent,is_healthy,method,seed,blocks,alarms,block_alarm_rate,mean_score,max_score,target_motor
1kW,1kW_coil_current_0p68pct,intercoil,0.68,False,target_isolation_forest,20260820,40,40,1.0,0.6675068410342679,0.6728761674840901,1kW
1kW,1kW_coil_current_0p81pct,intercoil,0.81,False,target_isolation_forest,20260820,40,40,1.0,0.6708448915115569,0.6777996407379177,1kW
1kW,1kW_coil_current_0pct,intercoil,0.0,True,target_isolation_forest,20260820,14,0,0.0,0.528804621966783,0.5655120759233955,1kW
1kW,1kW_coil_current_1p01pct,intercoil,1.01,False,target_isolation_forest,20260820,40,40,1.0,0.6154204625422102,0.6429017230967045,1kW
1kW,1kW_coil_current_1p34pct,intercoil,1.34,False,target_isolation_forest,20260820,40,40,1.0,0.6688542474053369,0.6764255500524973,1kW
1kW,1kW_coil_current_2pct,intercoil,2.0,False,target_isolation_forest,20260820,40,40,1.0,0.6619306732071301,0.6724554489692458,1kW
1kW,1kW_coil_current_3p93pct,intercoil,3.93,False,target_isolation_forest,20260820,40,40,1.0,0.6674518422602393,0.674728466444339,1kW
1kW,1kW_coil_current_7p56pct,intercoil,7.56,False,target_isolation_forest,20260820,40,40,1.0,0.6203098677704728,0.6391128162785682,1kW
1kW,1kW_turn_current_12p17pct,interturn,12.17,False,target_isolation_forest,20260820,40,40,1.0,0.665952297497189,0.6733141549741442,1kW
1kW,1kW_turn_current_21p69pct,interturn,21.69,False,target_isolation_forest,20260820,40,40,1.0,0.6646512539393215,0.6719554597868616,1kW
1kW,1kW_turn_current_2p26pct,interturn,2.26,False,target_isolation_forest,20260820,40,40,1.0,0.6683437837274998,0.6808266809312884,1kW
1kW,1kW_turn_current_2p7pct,interturn,2.7,False,target_isolation_forest,20260820,40,40,1.0,0.6697941294958079,0.675043490583735,1kW
1kW,1kW_turn_current_3p35pct,interturn,3.35,False,target_isolation_forest,20260820,40,40,1.0,0.6510671027137419,0.6659901244640234,1kW
1kW,1kW_turn_current_4p41pct,interturn,4.41,False,target_isolation_forest,20260820,40,40,1.0,0.6655616858971622,0.6722731594035596,1kW
1kW,1kW_turn_current_6p48pct,interturn,6.48,False,target_isolation_forest,20260820,40,40,1.0,0.6565936387205482,0.6698423639286204,1kW
1kW,1kW_coil_current_0p68pct,intercoil,0.68,False,target_isolation_forest,1201,40,40,1.0,0.6831673894712778,0.6905783699113944,1kW
1kW,1kW_coil_current_0p81pct,intercoil,0.81,False,target_isolation_forest,1201,40,40,1.0,0.6894940470892477,0.692172789440026,1kW
1kW,1kW_coil_current_0pct,intercoil,0.0,True,target_isolation_forest,1201,14,0,0.0,0.5285534022184847,0.5604289329110965,1kW
1kW,1kW_coil_current_1p01pct,intercoil,1.01,False,target_isolation_forest,1201,40,40,1.0,0.620238659444855,0.6597409984865116,1kW
1kW,1kW_coil_current_1p34pct,intercoil,1.34,False,target_isolation_forest,1201,40,40,1.0,0.6834926375349013,0.6929110925938614,1kW
1kW,1kW_coil_current_2pct,intercoil,2.0,False,target_isolation_forest,1201,40,40,1.0,0.6744385615026739,0.6878979060263152,1kW
1kW,1kW_coil_current_3p93pct,intercoil,3.93,False,target_isolation_forest,1201,40,40,1.0,0.6828838588793552,0.6913340205804378,1kW
1kW,1kW_coil_current_7p56pct,intercoil,7.56,False,target_isolation_forest,1201,40,40,1.0,0.6128973346521621,0.6372187753931293,1kW
1kW,1kW_turn_current_12p17pct,interturn,12.17,False,target_isolation_forest,1201,40,40,1.0,0.6852100435345188,0.6929110925938614,1kW
1kW,1kW_turn_current_21p69pct,interturn,21.69,False,target_isolation_forest,1201,40,40,1.0,0.6828233060472562,0.6928173749853971,1kW
1kW,1kW_turn_current_2p26pct,interturn,2.26,False,target_isolation_forest,1201,40,40,1.0,0.6870814546075786,0.6920995269132232,1kW
1kW,1kW_turn_current_2p7pct,interturn,2.7,False,target_isolation_forest,1201,40,40,1.0,0.6861863044106601,0.6923880164082303,1kW
1kW,1kW_turn_current_3p35pct,interturn,3.35,False,target_isolation_forest,1201,40,40,1.0,0.6664929225811613,0.6799032263743011,1kW
1kW,1kW_turn_current_4p41pct,interturn,4.41,False,target_isolation_forest,1201,40,40,1.0,0.6838468648105842,0.6921266264097011,1kW
1kW,1kW_turn_current_6p48pct,interturn,6.48,False,target_isolation_forest,1201,40,40,1.0,0.6717713653465477,0.6858503667486341,1kW
1kW,1kW_coil_current_0p68pct,intercoil,0.68,False,target_isolation_forest,2402,40,40,1.0,0.6717117430601441,0.6811318941015067,1kW
1kW,1kW_coil_current_0p81pct,intercoil,0.81,False,target_isolation_forest,2402,40,40,1.0,0.678783431442651,0.6842674117527976,1kW
1kW,1kW_coil_current_0pct,intercoil,0.0,True,target_isolation_forest,2402,14,0,0.0,0.531565502573782,0.5661212913293852,1kW
1kW,1kW_coil_current_1p01pct,intercoil,1.01,False,target_isolation_forest,2402,40,40,1.0,0.6177982207788059,0.643017885257637,1kW
1kW,1kW_coil_current_1p34pct,intercoil,1.34,False,target_isolation_forest,2402,40,40,1.0,0.6721553458225024,0.681817264547808,1kW
1kW,1kW_coil_current_2pct,intercoil,2.0,False,target_isolation_forest,2402,40,40,1.0,0.6631954643275433,0.6735355283828567,1kW
1kW,1kW_coil_current_3p93pct,intercoil,3.93,False,target_isolation_forest,2402,40,40,1.0,0.6724749602101932,0.6790928226727878,1kW
1kW,1kW_coil_current_7p56pct,intercoil,7.56,False,target_isolation_forest,2402,40,40,1.0,0.6077205119650684,0.622586002448346,1kW
1kW,1kW_turn_current_12p17pct,interturn,12.17,False,target_isolation_forest,2402,40,40,1.0,0.6714258060772709,0.6791748440846793,1kW
1kW,1kW_turn_current_21p69pct,interturn,21.69,False,target_isolation_forest,2402,40,40,1.0,0.6730911074684254,0.682337073234759,1kW
1kW,1kW_turn_current_2p26pct,interturn,2.26,False,target_isolation_forest,2402,40,40,1.0,0.6756254837560565,0.6841526453419221,1kW
1kW,1kW_turn_current_2p7pct,interturn,2.7,False,target_isolation_forest,2402,40,40,1.0,0.6740879915188505,0.6791748440846793,1kW
1kW,1kW_turn_current_3p35pct,interturn,3.35,False,target_isolation_forest,2402,40,40,1.0,0.6585737798190956,0.6691737033632476,1kW
1kW,1kW_turn_current_4p41pct,interturn,4.41,False,target_isolation_forest,2402,40,40,1.0,0.6709876097370572,0.6791748440846793,1kW
1kW,1kW_turn_current_6p48pct,interturn,6.48,False,target_isolation_forest,2402,40,40,1.0,0.6580316627879148,0.6715563272691403,1kW
1kW,1kW_coil_current_0p68pct,intercoil,0.68,False,target_isolation_forest,3603,40,40,1.0,0.6835440446368874,0.6880615443211139,1kW
1kW,1kW_coil_current_0p81pct,intercoil,0.81,False,target_isolation_forest,3603,40,40,1.0,0.6861891137213691,0.6904826241703975,1kW
1kW,1kW_coil_current_0pct,intercoil,0.0,True,target_isolation_forest,3603,14,0,0.0,0.5327645296224077,0.5698574329808221,1kW
1kW,1kW_coil_current_1p01pct,intercoil,1.01,False,target_isolation_forest,3603,40,40,1.0,0.6227361546527707,0.657734792570265,1kW
1kW,1kW_coil_current_1p34pct,intercoil,1.34,False,target_isolation_forest,3603,40,40,1.0,0.6827474236322005,0.688361510329467,1kW
1kW,1kW_coil_current_2pct,intercoil,2.0,False,target_isolation_forest,3603,40,40,1.0,0.6692724198261499,0.6853601549545261,1kW
1kW,1kW_coil_current_3p93pct,intercoil,3.93,False,target_isolation_forest,3603,40,40,1.0,0.6821794768520206,0.6869135351090732,1kW
1kW,1kW_coil_current_7p56pct,intercoil,7.56,False,target_isolation_forest,3603,40,40,1.0,0.6091667418365337,0.6294213592464442,1kW
1kW,1kW_turn_current_12p17pct,interturn,12.17,False,target_isolation_forest,3603,40,40,1.0,0.6830557382378177,0.6880615443211139,1kW
1kW,1kW_turn_current_21p69pct,interturn,21.69,False,target_isolation_forest,3603,40,40,1.0,0.6770690107124956,0.6854468318392269,1kW
1kW,1kW_turn_current_2p26pct,interturn,2.26,False,target_isolation_forest,3603,40,40,1.0,0.6834682255811119,0.6904826241703975,1kW
1kW,1kW_turn_current_2p7pct,interturn,2.7,False,target_isolation_forest,3603,40,40,1.0,0.6848730931609814,0.6880615443211139,1kW
1kW,1kW_turn_current_3p35pct,interturn,3.35,False,target_isolation_forest,3603,40,40,1.0,0.6649987275904197,0.6764612884515294,1kW
1kW,1kW_turn_current_4p41pct,interturn,4.41,False,target_isolation_forest,3603,40,40,1.0,0.6836863721315347,0.6880615443211139,1kW
1kW,1kW_turn_current_6p48pct,interturn,6.48,False,target_isolation_forest,3603,40,40,1.0,0.6684996491044866,0.6806860049652478,1kW
1kW,1kW_coil_current_0p68pct,intercoil,0.68,False,target_isolation_forest,4804,40,40,1.0,0.6708789407316955,0.6781429386074328,1kW
1kW,1kW_coil_current_0p81pct,intercoil,0.81,False,target_isolation_forest,4804,40,40,1.0,0.6753462844941772,0.683838471085771,1kW
1kW,1kW_coil_current_0pct,intercoil,0.0,True,target_isolation_forest,4804,14,0,0.0,0.5293202847198664,0.5603135752119085,1kW
1kW,1kW_coil_current_1p01pct,intercoil,1.01,False,target_isolation_forest,4804,40,40,1.0,0.6116057018719293,0.6474346911337217,1kW
1kW,1kW_coil_current_1p34pct,intercoil,1.34,False,target_isolation_forest,4804,40,40,1.0,0.6711505066639071,0.6819046272259314,1kW
1kW,1kW_coil_current_2pct,intercoil,2.0,False,target_isolation_forest,4804,40,40,1.0,0.6579283503948372,0.670721924238975,1kW
1kW,1kW_coil_current_3p93pct,intercoil,3.93,False,target_isolation_forest,4804,40,40,1.0,0.670955067890276,0.6840859165576667,1kW
1kW,1kW_coil_current_7p56pct,intercoil,7.56,False,target_isolation_forest,4804,40,40,1.0,0.6060794616359064,0.6298343918603653,1kW
1kW,1kW_turn_current_12p17pct,interturn,12.17,False,target_isolation_forest,4804,40,40,1.0,0.6655369831948263,0.6703159972753228,1kW
1kW,1kW_turn_current_21p69pct,interturn,21.69,False,target_isolation_forest,4804,40,40,1.0,0.6622183116300484,0.6721481030074983,1kW
1kW,1kW_turn_current_2p26pct,interturn,2.26,False,target_isolation_forest,4804,40,40,1.0,0.6703979499217863,0.6849804848469464,1kW
1kW,1kW_turn_current_2p7pct,interturn,2.7,False,target_isolation_forest,4804,40,40,1.0,0.6723082514972691,0.6813356296453593,1kW
1kW,1kW_turn_current_3p35pct,interturn,3.35,False,target_isolation_forest,4804,40,40,1.0,0.6491034349011462,0.6624726754220249,1kW
1kW,1kW_turn_current_4p41pct,interturn,4.41,False,target_isolation_forest,4804,40,40,1.0,0.6674318343488764,0.6784737495439244,1kW
1kW,1kW_turn_current_6p48pct,interturn,6.48,False,target_isolation_forest,4804,40,40,1.0,0.6537238709717978,0.6739471725387329,1kW
1kW,1kW_coil_current_0p68pct,intercoil,0.68,False,source_target_isolation_forest,20260820,40,40,1.0,0.7161826166203935,0.7256756847391141,1kW
1kW,1kW_coil_current_0p81pct,intercoil,0.81,False,source_target_isolation_forest,20260820,40,40,1.0,0.7221274100052552,0.725514684191631,1kW
1kW,1kW_coil_current_0pct,intercoil,0.0,True,source_target_isolation_forest,20260820,14,0,0.0,0.5120493209094448,0.5470557660527291,1kW
1kW,1kW_coil_current_1p01pct,intercoil,1.01,False,source_target_isolation_forest,20260820,40,40,1.0,0.6221468005166986,0.6551253499640167,1kW
1kW,1kW_coil_current_1p34pct,intercoil,1.34,False,source_target_isolation_forest,20260820,40,40,1.0,0.7147499753927351,0.7256756847391141,1kW
1kW,1kW_coil_current_2pct,intercoil,2.0,False,source_target_isolation_forest,20260820,40,40,1.0,0.7001714562465421,0.7162323058281778,1kW
1kW,1kW_coil_current_3p93pct,intercoil,3.93,False,source_target_isolation_forest,20260820,40,40,1.0,0.7161480980464354,0.7271626039107374,1kW
1kW,1kW_coil_current_7p56pct,intercoil,7.56,False,source_target_isolation_forest,20260820,40,40,1.0,0.6398653013549886,0.6589344447517904,1kW
1kW,1kW_turn_current_12p17pct,interturn,12.17,False,source_target_isolation_forest,20260820,40,40,1.0,0.7129553604307473,0.725514684191631,1kW
1kW,1kW_turn_current_21p69pct,interturn,21.69,False,source_target_isolation_forest,20260820,40,40,1.0,0.706664709939335,0.7196370525961416,1kW
1kW,1kW_turn_current_2p26pct,interturn,2.26,False,source_target_isolation_forest,20260820,40,40,1.0,0.7191232246146951,0.7277479326444501,1kW
1kW,1kW_turn_current_2p7pct,interturn,2.7,False,source_target_isolation_forest,20260820,40,40,1.0,0.7189593232960477,0.7256756847391141,1kW
1kW,1kW_turn_current_3p35pct,interturn,3.35,False,source_target_isolation_forest,20260820,40,40,1.0,0.6859070769717811,0.7020788267272545,1kW
1kW,1kW_turn_current_4p41pct,interturn,4.41,False,source_target_isolation_forest,20260820,40,40,1.0,0.7122949011728781,0.7223576212792183,1kW
1kW,1kW_turn_current_6p48pct,interturn,6.48,False,source_target_isolation_forest,20260820,40,40,1.0,0.6930647140714382,0.7079932904907726,1kW
1kW,1kW_coil_current_0p68pct,intercoil,0.68,False,source_target_isolation_forest,1201,40,40,1.0,0.7277212889076929,0.7391883507102427,1kW
1kW,1kW_coil_current_0p81pct,intercoil,0.81,False,source_target_isolation_forest,1201,40,40,1.0,0.7334659922693884,0.7404784045689301,1kW
1kW,1kW_coil_current_0pct,intercoil,0.0,True,source_target_isolation_forest,1201,14,0,0.0,0.5134030988921727,0.5435088511189364,1kW
1kW,1kW_coil_current_1p01pct,intercoil,1.01,False,source_target_isolation_forest,1201,40,40,1.0,0.6228609137450325,0.6670116039589045,1kW
1kW,1kW_coil_current_1p34pct,intercoil,1.34,False,source_target_isolation_forest,1201,40,40,1.0,0.7256376321246721,0.7374259978254389,1kW
1kW,1kW_coil_current_2pct,intercoil,2.0,False,source_target_isolation_forest,1201,40,40,1.0,0.7073388828799512,0.7296518679723955,1kW
1kW,1kW_coil_current_3p93pct,intercoil,3.93,False,source_target_isolation_forest,1201,40,40,1.0,0.7277965434320023,0.7346341145028649,1kW
1kW,1kW_coil_current_7p56pct,intercoil,7.56,False,source_target_isolation_forest,1201,40,40,1.0,0.6409691067321515,0.669636795370696,1kW
1kW,1kW_turn_current_12p17pct,interturn,12.17,False,source_target_isolation_forest,1201,40,40,1.0,0.7209097740949557,0.7379624177544147,1kW
1kW,1kW_turn_current_21p69pct,interturn,21.69,False,source_target_isolation_forest,1201,40,40,1.0,0.717050533055682,0.7297093290909615,1kW
1kW,1kW_turn_current_2p26pct,interturn,2.26,False,source_target_isolation_forest,1201,40,40,1.0,0.7289582889996642,0.7379624177544147,1kW
1kW,1kW_turn_current_2p7pct,interturn,2.7,False,source_target_isolation_forest,1201,40,40,1.0,0.7309660257356184,0.7404784045689301,1kW
1kW,1kW_turn_current_3p35pct,interturn,3.35,False,source_target_isolation_forest,1201,40,40,1.0,0.6926992408070126,0.7115759594646051,1kW
1kW,1kW_turn_current_4p41pct,interturn,4.41,False,source_target_isolation_forest,1201,40,40,1.0,0.7234768722210386,0.7330461649048501,1kW
1kW,1kW_turn_current_6p48pct,interturn,6.48,False,source_target_isolation_forest,1201,40,40,1.0,0.7031140741985864,0.7231820834027022,1kW
1kW,1kW_coil_current_0p68pct,intercoil,0.68,False,source_target_isolation_forest,2402,40,40,1.0,0.714892931004369,0.7302460505121987,1kW
1kW,1kW_coil_current_0p81pct,intercoil,0.81,False,source_target_isolation_forest,2402,40,40,1.0,0.7260020524354538,0.7316268022999981,1kW
1kW,1kW_coil_current_0pct,intercoil,0.0,True,source_target_isolation_forest,2402,14,0,0.0,0.513581880478194,0.5487615636501818,1kW
1kW,1kW_coil_current_1p01pct,intercoil,1.01,False,source_target_isolation_forest,2402,40,40,1.0,0.6243542915739602,0.655580369880134,1kW
1kW,1kW_coil_current_1p34pct,intercoil,1.34,False,source_target_isolation_forest,2402,40,40,1.0,0.7143192428685403,0.7277654062441199,1kW
1kW,1kW_coil_current_2pct,intercoil,2.0,False,source_target_isolation_forest,2402,40,40,1.0,0.6925620056187625,0.7119477574785744,1kW
1kW,1kW_coil_current_3p93pct,intercoil,3.93,False,source_target_isolation_forest,2402,40,40,1.0,0.7156875337315433,0.7259794075954389,1kW
1kW,1kW_coil_current_7p56pct,intercoil,7.56,False,source_target_isolation_forest,2402,40,40,1.0,0.6255810319959494,0.6463157747171556,1kW
1kW,1kW_turn_current_12p17pct,interturn,12.17,False,source_target_isolation_forest,2402,40,40,1.0,0.7134441436557856,0.7311669326219621,1kW
1kW,1kW_turn_current_21p69pct,interturn,21.69,False,source_target_isolation_forest,2402,40,40,1.0,0.7082904454333329,0.7180750461201226,1kW
1kW,1kW_turn_current_2p26pct,interturn,2.26,False,source_target_isolation_forest,2402,40,40,1.0,0.7216601278115415,0.7311669326219621,1kW
1kW,1kW_turn_current_2p7pct,interturn,2.7,False,source_target_isolation_forest,2402,40,40,1.0,0.7210483699592332,0.7316268022999981,1kW
1kW,1kW_turn_current_3p35pct,interturn,3.35,False,source_target_isolation_forest,2402,40,40,1.0,0.6862104714502815,0.7031674930444384,1kW
1kW,1kW_turn_current_4p41pct,interturn,4.41,False,source_target_isolation_forest,2402,40,40,1.0,0.7134188701271308,0.7274577905503689,1kW
1kW,1kW_turn_current_6p48pct,interturn,6.48,False,source_target_isolation_forest,2402,40,40,1.0,0.6901454776065493,0.7099947854976831,1kW
1kW,1kW_coil_current_0p68pct,intercoil,0.68,False,source_target_isolation_forest,3603,40,40,1.0,0.7211809455508931,0.7334341678937051,1kW
1kW,1kW_coil_current_0p81pct,intercoil,0.81,False,source_target_isolation_forest,3603,40,40,1.0,0.7281550212371733,0.7345006891033102,1kW
1kW,1kW_coil_current_0pct,intercoil,0.0,True,source_target_isolation_forest,3603,14,0,0.0,0.5148843214227602,0.550181846511406,1kW
1kW,1kW_coil_current_1p01pct,intercoil,1.01,False,source_target_isolation_forest,3603,40,40,1.0,0.6211087931052419,0.6602006405337232,1kW
1kW,1kW_coil_current_1p34pct,intercoil,1.34,False,source_target_isolation_forest,3603,40,40,1.0,0.7198991572787645,0.7319298108949094,1kW
1kW,1kW_coil_current_2pct,intercoil,2.0,False,source_target_isolation_forest,3603,40,40,1.0,0.6955482439415996,0.7149147309120816,1kW
1kW,1kW_coil_current_3p93pct,intercoil,3.93,False,source_target_isolation_forest,3603,40,40,1.0,0.721086983291017,0.7312919526629221,1kW
1kW,1kW_coil_current_7p56pct,intercoil,7.56,False,source_target_isolation_forest,3603,40,40,1.0,0.632762626945025,0.654089000216694,1kW
1kW,1kW_turn_current_12p17pct,interturn,12.17,False,source_target_isolation_forest,3603,40,40,1.0,0.7160765877044457,0.7312015329204705,1kW
1kW,1kW_turn_current_21p69pct,interturn,21.69,False,source_target_isolation_forest,3603,40,40,1.0,0.7085587243223828,0.7207848427953787,1kW
1kW,1kW_turn_current_2p26pct,interturn,2.26,False,source_target_isolation_forest,3603,40,40,1.0,0.723660537591123,0.7312015329204705,1kW
1kW,1kW_turn_current_2p7pct,interturn,2.7,False,source_target_isolation_forest,3603,40,40,1.0,0.7251211562558433,0.7345006891033102,1kW
1kW,1kW_turn_current_3p35pct,interturn,3.35,False,source_target_isolation_forest,3603,40,40,1.0,0.6877633077498084,0.703818732930115,1kW
1kW,1kW_turn_current_4p41pct,interturn,4.41,False,source_target_isolation_forest,3603,40,40,1.0,0.717266127517451,0.7284401190260404,1kW
1kW,1kW_turn_current_6p48pct,interturn,6.48,False,source_target_isolation_forest,3603,40,40,1.0,0.690427910606944,0.7104371618791266,1kW
1kW,1kW_coil_current_0p68pct,intercoil,0.68,False,source_target_isolation_forest,4804,40,40,1.0,0.7088757358327196,0.720261990801947,1kW
1kW,1kW_coil_current_0p81pct,intercoil,0.81,False,source_target_isolation_forest,4804,40,40,1.0,0.7150296930423974,0.7230663675601481,1kW
1kW,1kW_coil_current_0pct,intercoil,0.0,True,source_target_isolation_forest,4804,14,0,0.0,0.5181243125661535,0.553334083251916,1kW
1kW,1kW_coil_current_1p01pct,intercoil,1.01,False,source_target_isolation_forest,4804,40,40,1.0,0.6194171243175496,0.6516813340169406,1kW
1kW,1kW_coil_current_1p34pct,intercoil,1.34,False,source_target_isolation_forest,4804,40,40,1.0,0.7079685271744324,0.7184581177862568,1kW
1kW,1kW_coil_current_2pct,intercoil,2.0,False,source_target_isolation_forest,4804,40,40,1.0,0.6877136676736167,0.7123593703839463,1kW
1kW,1kW_coil_current_3p93pct,intercoil,3.93,False,source_target_isolation_forest,4804,40,40,1.0,0.7082612120616857,0.7201304369926365,1kW
1kW,1kW_coil_current_7p56pct,intercoil,7.56,False,source_target_isolation_forest,4804,40,40,1.0,0.6346404596416749,0.6577579748998892,1kW
1kW,1kW_turn_current_12p17pct,interturn,12.17,False,source_target_isolation_forest,4804,40,40,1.0,0.7045988240531224,0.7179085821077592,1kW
1kW,1kW_turn_current_21p69pct,interturn,21.69,False,source_target_isolation_forest,4804,40,40,1.0,0.7062107831543998,0.7158190803878386,1kW
1kW,1kW_turn_current_2p26pct,interturn,2.26,False,source_target_isolation_forest,4804,40,40,1.0,0.7104061974466125,0.7179085821077592,1kW
1kW,1kW_turn_current_2p7pct,interturn,2.7,False,source_target_isolation_forest,4804,40,40,1.0,0.7127851052353149,0.7230663675601481,1kW
1kW,1kW_turn_current_3p35pct,interturn,3.35,False,source_target_isolation_forest,4804,40,40,1.0,0.68255530165481,0.6954842645638462,1kW
1kW,1kW_turn_current_4p41pct,interturn,4.41,False,source_target_isolation_forest,4804,40,40,1.0,0.7069382763004055,0.7175056179135686,1kW
1kW,1kW_turn_current_6p48pct,interturn,6.48,False,source_target_isolation_forest,4804,40,40,1.0,0.6882645359893534,0.7081970260366213,1kW
1kW,1kW_coil_current_0p68pct,intercoil,0.68,False,target_min_cov_det,20260820,40,40,1.0,28236887.278446954,35500470.681603655,1kW
1kW,1kW_coil_current_0p81pct,intercoil,0.81,False,target_min_cov_det,20260820,40,40,1.0,28106298.24894113,34319904.891006,1kW
1kW,1kW_coil_current_0pct,intercoil,0.0,True,target_min_cov_det,20260820,14,1,0.07142857142857142,153.95405667081104,292.92282306567006,1kW
1kW,1kW_coil_current_1p01pct,intercoil,1.01,False,target_min_cov_det,20260820,40,40,1.0,409.6292374122542,635.637222904182,1kW
1kW,1kW_coil_current_1p34pct,intercoil,1.34,False,target_min_cov_det,20260820,40,40,1.0,26594049.13004729,34040096.52062699,1kW
1kW,1kW_coil_current_2pct,intercoil,2.0,False,target_min_cov_det,20260820,40,40,1.0,66308.94956902898,108709.57808243996,1kW
1kW,1kW_coil_current_3p93pct,intercoil,3.93,False,target_min_cov_det,20260820,40,40,1.0,27075389.594402622,34593051.434336945,1kW
1kW,1kW_coil_current_7p56pct,intercoil,7.56,False,target_min_cov_det,20260820,40,40,1.0,800.1383136780869,1162.4353033551893,1kW
1kW,1kW_turn_current_12p17pct,interturn,12.17,False,target_min_cov_det,20260820,40,40,1.0,10827786.978718182,13431128.912137378,1kW
1kW,1kW_turn_current_21p69pct,interturn,21.69,False,target_min_cov_det,20260820,40,40,1.0,51437.910766392975,113923.50663036834,1kW
1kW,1kW_turn_current_2p26pct,interturn,2.26,False,target_min_cov_det,20260820,40,40,1.0,25710084.588581268,32844586.38967469,1kW
1kW,1kW_turn_current_2p7pct,interturn,2.7,False,target_min_cov_det,20260820,40,40,1.0,21628897.62899284,34173239.96764244,1kW
1kW,1kW_turn_current_3p35pct,interturn,3.35,False,target_min_cov_det,20260820,40,40,1.0,54448.81249869933,80558.27004572134,1kW
1kW,1kW_turn_current_4p41pct,interturn,4.41,False,target_min_cov_det,20260820,40,40,1.0,17997931.475868654,22970131.21775375,1kW
1kW,1kW_turn_current_6p48pct,interturn,6.48,False,target_min_cov_det,20260820,40,40,1.0,37600.60588810197,98282.18362539644,1kW
1kW,1kW_coil_current_0p68pct,intercoil,0.68,False,target_min_cov_det,1201,40,40,1.0,23053128.118839864,29989249.113885835,1kW
1kW,1kW_coil_current_0p81pct,intercoil,0.81,False,target_min_cov_det,1201,40,40,1.0,24644745.832336586,30648286.69967084,1kW
1kW,1kW_coil_current_0pct,intercoil,0.0,True,target_min_cov_det,1201,14,1,0.07142857142857142,198.39648835259322,443.77289891195716,1kW
1kW,1kW_coil_current_1p01pct,intercoil,1.01,False,target_min_cov_det,1201,40,40,1.0,494.2285905163484,917.7480231806447,1kW
1kW,1kW_coil_current_1p34pct,intercoil,1.34,False,target_min_cov_det,1201,40,40,1.0,21998883.1015559,29734190.209836517,1kW
1kW,1kW_coil_current_2pct,intercoil,2.0,False,target_min_cov_det,1201,40,40,1.0,48538.34339805306,74253.09666989122,1kW
1kW,1kW_coil_current_3p93pct,intercoil,3.93,False,target_min_cov_det,1201,40,40,1.0,22441130.432687126,29593644.511319607,1kW
1kW,1kW_coil_current_7p56pct,intercoil,7.56,False,target_min_cov_det,1201,40,40,1.0,565.6806364241595,905.3775121171636,1kW
1kW,1kW_turn_current_12p17pct,interturn,12.17,False,target_min_cov_det,1201,40,40,1.0,9218004.498756183,12604034.185237482,1kW
1kW,1kW_turn_current_21p69pct,interturn,21.69,False,target_min_cov_det,1201,40,40,1.0,87131.75026555869,270312.8506465305,1kW
1kW,1kW_turn_current_2p26pct,interturn,2.26,False,target_min_cov_det,1201,40,40,1.0,21701937.58482518,28865556.94997401,1kW
1kW,1kW_turn_current_2p7pct,interturn,2.7,False,target_min_cov_det,1201,40,40,1.0,17179281.86477288,30768802.442083724,1kW
1kW,1kW_turn_current_3p35pct,interturn,3.35,False,target_min_cov_det,1201,40,40,1.0,42790.96597149031,60564.104159349445,1kW
1kW,1kW_turn_current_4p41pct,interturn,4.41,False,target_min_cov_det,1201,40,40,1.0,14552767.336918935,19000757.07370574,1kW
1kW,1kW_turn_current_6p48pct,interturn,6.48,False,target_min_cov_det,1201,40,40,1.0,32813.8735687196,161854.70043355576,1kW
1kW,1kW_coil_current_0p68pct,intercoil,0.68,False,target_min_cov_det,2402,40,40,1.0,34064925.69237379,43820523.41033555,1kW
1kW,1kW_coil_current_0p81pct,intercoil,0.81,False,target_min_cov_det,2402,40,40,1.0,35461811.44328675,43983731.28202519,1kW
1kW,1kW_coil_current_0pct,intercoil,0.0,True,target_min_cov_det,2402,14,0,0.0,157.1755620866779,309.1373433509406,1kW
1kW,1kW_coil_current_1p01pct,intercoil,1.01,False,target_min_cov_det,2402,40,40,1.0,495.4828303229062,882.7333629920736,1kW
1kW,1kW_coil_current_1p34pct,intercoil,1.34,False,target_min_cov_det,2402,40,40,1.0,32274590.793309547,42433811.2712507,1kW
1kW,1kW_coil_current_2pct,intercoil,2.0,False,target_min_cov_det,2402,40,40,1.0,63495.653786985145,98685.88901174805,1kW
1kW,1kW_coil_current_3p93pct,intercoil,3.93,False,target_min_cov_det,2402,40,40,1.0,32932014.223283768,42973095.35164841,1kW
1kW,1kW_coil_current_7p56pct,intercoil,7.56,False,target_min_cov_det,2402,40,40,1.0,699.5975764662774,1030.1952608604424,1kW
1kW,1kW_turn_current_12p17pct,interturn,12.17,False,target_min_cov_det,2402,40,40,1.0,13245660.691959342,17016946.89960507,1kW
1kW,1kW_turn_current_21p69pct,interturn,21.69,False,target_min_cov_det,2402,40,40,1.0,75041.67152834297,171988.87638055265,1kW
1kW,1kW_turn_current_2p26pct,interturn,2.26,False,target_min_cov_det,2402,40,40,1.0,31382706.904346276,41062444.11475296,1kW
1kW,1kW_turn_current_2p7pct,interturn,2.7,False,target_min_cov_det,2402,40,40,1.0,25170084.830213334,42128074.11679033,1kW
1kW,1kW_turn_current_3p35pct,interturn,3.35,False,target_min_cov_det,2402,40,40,1.0,55431.56327251139,79877.21749351126,1kW
1kW,1kW_turn_current_4p41pct,interturn,4.41,False,target_min_cov_det,2402,40,40,1.0,21436650.089340005,27847033.089509223,1kW
1kW,1kW_turn_current_6p48pct,interturn,6.48,False,target_min_cov_det,2402,40,40,1.0,38581.11607071042,127159.54903230407,1kW
1kW,1kW_coil_current_0p68pct,intercoil,0.68,False,target_min_cov_det,3603,40,40,1.0,38208724.72917664,50360880.84349205,1kW
1kW,1kW_coil_current_0p81pct,intercoil,0.81,False,target_min_cov_det,3603,40,40,1.0,41405037.098035276,51924150.78643401,1kW
1kW,1kW_coil_current_0pct,intercoil,0.0,True,target_min_cov_det,3603,14,1,0.07142857142857142,246.0763217906224,730.9337688327813,1kW
1kW,1kW_coil_current_1p01pct,intercoil,1.01,False,target_min_cov_det,3603,40,33,0.825,647.8356898470397,1195.4603981589657,1kW
1kW,1kW_coil_current_1p34pct,intercoil,1.34,False,target_min_cov_det,3603,40,40,1.0,36553444.85301806,49760160.64976637,1kW
1kW,1kW_coil_current_2pct,intercoil,2.0,False,target_min_cov_det,3603,40,40,1.0,60706.68891293854,97928.17741567983,1kW
1kW,1kW_coil_current_3p93pct,intercoil,3.93,False,target_min_cov_det,3603,40,40,1.0,37257934.20473765,49935192.398100495,1kW
1kW,1kW_coil_current_7p56pct,intercoil,7.56,False,target_min_cov_det,3603,40,27,0.675,567.6237324394497,1025.6039486556897,1kW
1kW,1kW_turn_current_12p17pct,interturn,12.17,False,target_min_cov_det,3603,40,40,1.0,14925605.591936383,20591549.570690215,1kW
1kW,1kW_turn_current_21p69pct,interturn,21.69,False,target_min_cov_det,3603,40,40,1.0,116985.91674419392,389157.6091621258,1kW
1kW,1kW_turn_current_2p26pct,interturn,2.26,False,target_min_cov_det,3603,40,40,1.0,36229161.19369083,48627058.84765288,1kW
1kW,1kW_turn_current_2p7pct,interturn,2.7,False,target_min_cov_det,3603,40,40,1.0,28142297.916256666,49562435.91132082,1kW
1kW,1kW_turn_current_3p35pct,interturn,3.35,False,target_min_cov_det,3603,40,40,1.0,51231.69342074201,72160.09461408787,1kW
1kW,1kW_turn_current_4p41pct,interturn,4.41,False,target_min_cov_det,3603,40,40,1.0,23723520.020263184,31482355.57776323,1kW
1kW,1kW_turn_current_6p48pct,interturn,6.48,False,target_min_cov_det,3603,40,40,1.0,39650.74010988064,234711.38670088447,1kW
1kW,1kW_coil_current_0p68pct,intercoil,0.68,False,target_min_cov_det,4804,40,40,1.0,43124037.515603974,55459748.25748307,1kW
1kW,1kW_coil_current_0p81pct,intercoil,0.81,False,target_min_cov_det,4804,40,40,1.0,42341247.19251569,52959044.106344834,1kW
1kW,1kW_coil_current_0pct,intercoil,0.0,True,target_min_cov_det,4804,14,4,0.2857142857142857,193.37031133825843,273.77440016668453,1kW
1kW,1kW_coil_current_1p01pct,intercoil,1.01,False,target_min_cov_det,4804,40,40,1.0,403.20865713913463,601.8143795887212,1kW
1kW,1kW_coil_current_1p34pct,intercoil,1.34,False,target_min_cov_det,4804,40,40,1.0,40589203.945889354,55014697.8371068,1kW
1kW,1kW_coil_current_2pct,intercoil,2.0,False,target_min_cov_det,4804,40,40,1.0,62331.943637477176,94078.7596308764,1kW
1kW,1kW_coil_current_3p93pct,intercoil,3.93,False,target_min_cov_det,4804,40,40,1.0,41041717.09626286,55451779.57835695,1kW
1kW,1kW_coil_current_7p56pct,intercoil,7.56,False,target_min_cov_det,4804,40,40,1.0,719.5749175171854,1117.505341110756,1kW
1kW,1kW_turn_current_12p17pct,interturn,12.17,False,target_min_cov_det,4804,40,40,1.0,15855945.59385043,21139636.62394517,1kW
1kW,1kW_turn_current_21p69pct,interturn,21.69,False,target_min_cov_det,4804,40,40,1.0,61911.035492861716,163494.51756532435,1kW
1kW,1kW_turn_current_2p26pct,interturn,2.26,False,target_min_cov_det,4804,40,40,1.0,37283432.22039626,49565254.988106504,1kW
1kW,1kW_turn_current_2p7pct,interturn,2.7,False,target_min_cov_det,4804,40,40,1.0,32261454.90619559,58654577.700767666,1kW
1kW,1kW_turn_current_3p35pct,interturn,3.35,False,target_min_cov_det,4804,40,40,1.0,54900.94912862727,79443.25266837933,1kW
1kW,1kW_turn_current_4p41pct,interturn,4.41,False,target_min_cov_det,4804,40,40,1.0,27277908.95040346,35481994.42984832,1kW
1kW,1kW_turn_current_6p48pct,interturn,6.48,False,target_min_cov_det,4804,40,40,1.0,38936.579314481874,99905.07882990327,1kW
1kW,1kW_coil_current_0p68pct,intercoil,0.68,False,source_target_min_cov_det,20260820,40,40,1.0,27842555.72995479,34866389.82564659,1kW
1kW,1kW_coil_current_0p81pct,intercoil,0.81,False,source_target_min_cov_det,20260820,40,40,1.0,28406943.40641532,33044272.75307613,1kW
1kW,1kW_coil_current_0pct,intercoil,0.0,True,source_target_min_cov_det,20260820,14,1,0.07142857142857142,460.6563427607903,1124.9707254906716,1kW
1kW,1kW_coil_current_1p01pct,intercoil,1.01,False,source_target_min_cov_det,20260820,40,40,1.0,2687.9422514782045,3937.7271324048074,1kW
1kW,1kW_coil_current_1p34pct,intercoil,1.34,False,source_target_min_cov_det,20260820,40,40,1.0,26669747.413613405,33620564.05076584,1kW
1kW,1kW_coil_current_2pct,intercoil,2.0,False,source_target_min_cov_det,20260820,40,40,1.0,21146.711898062105,67283.39912386754,1kW
1kW,1kW_coil_current_3p93pct,intercoil,3.93,False,source_target_min_cov_det,20260820,40,40,1.0,27523375.618826944,36410708.3317986,1kW
1kW,1kW_coil_current_7p56pct,intercoil,7.56,False,source_target_min_cov_det,20260820,40,40,1.0,1563.2161381681512,1911.40126464629,1kW
1kW,1kW_turn_current_12p17pct,interturn,12.17,False,source_target_min_cov_det,20260820,40,40,1.0,9993798.931051204,12486667.87308255,1kW
1kW,1kW_turn_current_21p69pct,interturn,21.69,False,source_target_min_cov_det,20260820,40,40,1.0,126458.24790912692,241297.8987805681,1kW
1kW,1kW_turn_current_2p26pct,interturn,2.26,False,source_target_min_cov_det,20260820,40,40,1.0,24526403.424616028,31644579.20802928,1kW
1kW,1kW_turn_current_2p7pct,interturn,2.7,False,source_target_min_cov_det,20260820,40,40,1.0,21262632.17227133,27841633.544499423,1kW
1kW,1kW_turn_current_3p35pct,interturn,3.35,False,source_target_min_cov_det,20260820,40,40,1.0,21389.617402311625,26529.571401155365,1kW
1kW,1kW_turn_current_4p41pct,interturn,4.41,False,source_target_min_cov_det,20260820,40,40,1.0,16694211.434633922,21280356.150912546,1kW
1kW,1kW_turn_current_6p48pct,interturn,6.48,False,source_target_min_cov_det,20260820,40,40,1.0,17101.259706882447,42925.6843080485,1kW
1kW,1kW_coil_current_0p68pct,intercoil,0.68,False,source_target_min_cov_det,1201,40,40,1.0,36129499.4630722,44879335.737396136,1kW
1kW,1kW_coil_current_0p81pct,intercoil,0.81,False,source_target_min_cov_det,1201,40,40,1.0,36840384.802316315,43287203.43106313,1kW
1kW,1kW_coil_current_0pct,intercoil,0.0,True,source_target_min_cov_det,1201,14,0,0.0,7384.32912618765,18249.85372585511,1kW
1kW,1kW_coil_current_1p01pct,intercoil,1.01,False,source_target_min_cov_det,1201,40,40,1.0,42826.817801034624,68984.58950660628,1kW
1kW,1kW_coil_current_1p34pct,intercoil,1.34,False,source_target_min_cov_det,1201,40,40,1.0,34333398.471387774,43187163.43481773,1kW
1kW,1kW_coil_current_2pct,intercoil,2.0,False,source_target_min_cov_det,1201,40,40,1.0,116916.73340548978,1122698.9105177724,1kW
1kW,1kW_coil_current_3p93pct,intercoil,3.93,False,source_target_min_cov_det,1201,40,40,1.0,35502877.46697513,46652270.187343374,1kW
1kW,1kW_coil_current_7p56pct,intercoil,7.56,False,source_target_min_cov_det,1201,40,0,0.0,9832.744961674798,15993.201721795534,1kW
1kW,1kW_turn_current_12p17pct,interturn,12.17,False,source_target_min_cov_det,1201,40,40,1.0,12500298.521335112,15603676.338060776,1kW
1kW,1kW_turn_current_21p69pct,interturn,21.69,False,source_target_min_cov_det,1201,40,40,1.0,2505675.5087159877,5132845.814055574,1kW
1kW,1kW_turn_current_2p26pct,interturn,2.26,False,source_target_min_cov_det,1201,40,40,1.0,31489806.960700918,40850187.88146967,1kW
1kW,1kW_turn_current_2p7pct,interturn,2.7,False,source_target_min_cov_det,1201,40,40,1.0,27308290.999117255,36537213.5804931,1kW
1kW,1kW_turn_current_3p35pct,interturn,3.35,False,source_target_min_cov_det,1201,40,40,1.0,119193.40013882806,213445.18940693722,1kW
1kW,1kW_turn_current_4p41pct,interturn,4.41,False,source_target_min_cov_det,1201,40,40,1.0,21450614.900575817,27479004.760068934,1kW
1kW,1kW_turn_current_6p48pct,interturn,6.48,False,source_target_min_cov_det,1201,40,40,1.0,129236.235536466,835428.6877290944,1kW
1kW,1kW_coil_current_0p68pct,intercoil,0.68,False,source_target_min_cov_det,2402,40,40,1.0,33012413.02737067,41553312.58097567,1kW
1kW,1kW_coil_current_0p81pct,intercoil,0.81,False,source_target_min_cov_det,2402,40,40,1.0,33579517.85400031,39069828.505524114,1kW
1kW,1kW_coil_current_0pct,intercoil,0.0,True,source_target_min_cov_det,2402,14,1,0.07142857142857142,653.6051701223256,1662.3054476644872,1kW
1kW,1kW_coil_current_1p01pct,intercoil,1.01,False,source_target_min_cov_det,2402,40,40,1.0,3910.202151676116,5838.468681579366,1kW
1kW,1kW_coil_current_1p34pct,intercoil,1.34,False,source_target_min_cov_det,2402,40,40,1.0,31468420.704326857,39457689.96905905,1kW
1kW,1kW_coil_current_2pct,intercoil,2.0,False,source_target_min_cov_det,2402,40,40,1.0,25367.455686977548,94750.12616411221,1kW
1kW,1kW_coil_current_3p93pct,intercoil,3.93,False,source_target_min_cov_det,2402,40,40,1.0,32601725.243114363,43136486.702279724,1kW
1kW,1kW_coil_current_7p56pct,intercoil,7.56,False,source_target_min_cov_det,2402,40,40,1.0,2523.981486521067,3301.6038932200618,1kW
1kW,1kW_turn_current_12p17pct,interturn,12.17,False,source_target_min_cov_det,2402,40,40,1.0,11453416.729412327,14393743.406584797,1kW
1kW,1kW_turn_current_21p69pct,interturn,21.69,False,source_target_min_cov_det,2402,40,40,1.0,186662.48718708204,366476.7163294265,1kW
1kW,1kW_turn_current_2p26pct,interturn,2.26,False,source_target_min_cov_det,2402,40,40,1.0,28873647.478232592,37459047.38040965,1kW
1kW,1kW_turn_current_2p7pct,interturn,2.7,False,source_target_min_cov_det,2402,40,40,1.0,25051796.75342907,32286426.2820345,1kW
1kW,1kW_turn_current_3p35pct,interturn,3.35,False,source_target_min_cov_det,2402,40,40,1.0,26483.048116012484,33557.38467947628,1kW
1kW,1kW_turn_current_4p41pct,interturn,4.41,False,source_target_min_cov_det,2402,40,40,1.0,19596707.292697478,25035482.685328927,1kW
1kW,1kW_turn_current_6p48pct,interturn,6.48,False,source_target_min_cov_det,2402,40,40,1.0,21123.75822261665,64199.51425061261,1kW
1kW,1kW_coil_current_0p68pct,intercoil,0.68,False,source_target_min_cov_det,3603,40,40,1.0,34475926.144051865,43003567.50171624,1kW
1kW,1kW_coil_current_0p81pct,intercoil,0.81,False,source_target_min_cov_det,3603,40,40,1.0,35026363.100637235,41252853.31528981,1kW
1kW,1kW_coil_current_0pct,intercoil,0.0,True,source_target_min_cov_det,3603,14,1,0.07142857142857142,3390.3511660308113,8706.183243508152,1kW
1kW,1kW_coil_current_1p01pct,intercoil,1.01,False,source_target_min_cov_det,3603,40,40,1.0,19505.240734968378,30659.609819499474,1kW
1kW,1kW_coil_current_1p34pct,intercoil,1.34,False,source_target_min_cov_det,3603,40,40,1.0,32677145.537008177,41074350.37349691,1kW
1kW,1kW_coil_current_2pct,intercoil,2.0,False,source_target_min_cov_det,3603,40,40,1.0,59705.15141587716,510851.993952185,1kW
1kW,1kW_coil_current_3p93pct,intercoil,3.93,False,source_target_min_cov_det,3603,40,40,1.0,33840273.41863409,44648824.17984127,1kW
1kW,1kW_coil_current_7p56pct,intercoil,7.56,False,source_target_min_cov_det,3603,40,1,0.025,5349.292580689734,8313.232590023374,1kW
1kW,1kW_turn_current_12p17pct,interturn,12.17,False,source_target_min_cov_det,3603,40,40,1.0,11626450.612918071,14615413.256455332,1kW
1kW,1kW_turn_current_21p69pct,interturn,21.69,False,source_target_min_cov_det,3603,40,40,1.0,1123952.5920440303,2315850.833487649,1kW
1kW,1kW_turn_current_2p26pct,interturn,2.26,False,source_target_min_cov_det,3603,40,40,1.0,29911036.815526992,38849920.05372329,1kW
1kW,1kW_turn_current_2p7pct,interturn,2.7,False,source_target_min_cov_det,3603,40,40,1.0,25952134.049640715,34487410.30692249,1kW
1kW,1kW_turn_current_3p35pct,interturn,3.35,False,source_target_min_cov_det,3603,40,40,1.0,60063.224723664855,100005.94469941554,1kW
1kW,1kW_turn_current_4p41pct,interturn,4.41,False,source_target_min_cov_det,3603,40,40,1.0,20306550.210922997,26126419.082187247,1kW
1kW,1kW_turn_current_6p48pct,interturn,6.48,False,source_target_min_cov_det,3603,40,40,1.0,62369.60358814045,380312.56342950335,1kW
1kW,1kW_coil_current_0p68pct,intercoil,0.68,False,source_target_min_cov_det,4804,40,40,1.0,36427250.61975453,45677380.07880594,1kW
1kW,1kW_coil_current_0p81pct,intercoil,0.81,False,source_target_min_cov_det,4804,40,40,1.0,37121861.91336714,42824879.63858874,1kW
1kW,1kW_coil_current_0pct,intercoil,0.0,True,source_target_min_cov_det,4804,14,1,0.07142857142857142,557.2593485204791,1494.8967730817512,1kW
1kW,1kW_coil_current_1p01pct,intercoil,1.01,False,source_target_min_cov_det,4804,40,40,1.0,3262.2180152858086,4770.918570056855,1kW
1kW,1kW_coil_current_1p34pct,intercoil,1.34,False,source_target_min_cov_det,4804,40,40,1.0,34843727.896435,43568889.38097063,1kW
1kW,1kW_coil_current_2pct,intercoil,2.0,False,source_target_min_cov_det,4804,40,40,1.0,25447.20973837503,79086.15220104875,1kW
1kW,1kW_coil_current_3p93pct,intercoil,3.93,False,source_target_min_cov_det,4804,40,40,1.0,36026222.42847781,47408364.61255152,1kW
1kW,1kW_coil_current_7p56pct,intercoil,7.56,False,source_target_min_cov_det,4804,40,40,1.0,1935.5702079471291,2440.5808674580903,1kW
1kW,1kW_turn_current_12p17pct,interturn,12.17,False,source_target_min_cov_det,4804,40,40,1.0,12982463.904674659,16239689.329452643,1kW
1kW,1kW_turn_current_21p69pct,interturn,21.69,False,source_target_min_cov_det,4804,40,40,1.0,148143.99859687523,288695.97667397396,1kW
1kW,1kW_turn_current_2p26pct,interturn,2.26,False,source_target_min_cov_det,4804,40,40,1.0,31870322.86768093,41106855.23440237,1kW
1kW,1kW_turn_current_2p7pct,interturn,2.7,False,source_target_min_cov_det,4804,40,40,1.0,27767684.17624817,35700351.380986236,1kW
1kW,1kW_turn_current_3p35pct,interturn,3.35,False,source_target_min_cov_det,4804,40,40,1.0,25305.666975480628,31324.408778174107,1kW
1kW,1kW_turn_current_4p41pct,interturn,4.41,False,source_target_min_cov_det,4804,40,40,1.0,21814223.403873313,27639589.250552535,1kW
1kW,1kW_turn_current_6p48pct,interturn,6.48,False,source_target_min_cov_det,4804,40,40,1.0,20121.88102141954,50137.85220739275,1kW
1.5kW,1.5kW_coil_current_0pct,intercoil,0.0,True,target_isolation_forest,20260820,14,1,0.07142857142857142,0.5408467203024089,0.5704130342622545,1.5kW
1.5kW,1.5kW_coil_current_13p12pct,intercoil,13.12,False,target_isolation_forest,20260820,40,40,1.0,0.6140531092054093,0.6499959448168668,1.5kW
1.5kW,1.5kW_coil_current_23p2pct,intercoil,23.2,False,target_isolation_forest,20260820,40,40,1.0,0.6349807388113997,0.65959582639817,1.5kW
1.5kW,1.5kW_coil_current_37p66pct,intercoil,37.66,False,target_isolation_forest,20260820,40,40,1.0,0.6223276982974257,0.640873382821339,1.5kW
1.5kW,1.5kW_coil_current_4p79pct,intercoil,4.79,False,target_isolation_forest,20260820,40,40,1.0,0.6454977887422702,0.6642533515343001,1.5kW
1.5kW,1.5kW_coil_current_5p7pct,intercoil,5.7,False,target_isolation_forest,20260820,40,40,1.0,0.6415902231856864,0.6766200073397656,1.5kW
1.5kW,1.5kW_coil_current_7p02pct,intercoil,7.02,False,target_isolation_forest,20260820,40,40,1.0,0.5969042815052699,0.6236259488751098,1.5kW
1.5kW,1.5kW_coil_current_9p15pct,intercoil,9.15,False,target_isolation_forest,20260820,40,40,1.0,0.6282803633232892,0.646894167655473,1.5kW
1.5kW,1.5kW_turn_current_16p08pct,interturn,16.08,False,target_isolation_forest,20260820,40,40,1.0,0.6438785678926717,0.6543293840931249,1.5kW
1.5kW,1.5kW_turn_current_1p57pct,interturn,1.57,False,target_isolation_forest,20260820,40,40,1.0,0.5962060830917122,0.6082680456131658,1.5kW
1.5kW,1.5kW_turn_current_1p88pct,interturn,1.88,False,target_isolation_forest,20260820,40,40,1.0,0.5915559150498246,0.6253956472252539,1.5kW
1.5kW,1.5kW_turn_current_2p34pct,interturn,2.34,False,target_isolation_forest,20260820,40,14,0.35,0.5542575034740785,0.587631581698978,1.5kW
1.5kW,1.5kW_turn_current_3p1pct,interturn,3.1,False,target_isolation_forest,20260820,40,40,1.0,0.5872141589581695,0.6143769897085568,1.5kW
1.5kW,1.5kW_turn_current_4p57pct,interturn,4.57,False,target_isolation_forest,20260820,40,40,1.0,0.5912269220620912,0.6213360145229309,1.5kW
1.5kW,1.5kW_turn_current_8p74pct,interturn,8.74,False,target_isolation_forest,20260820,40,40,1.0,0.610769447821575,0.6225527689908796,1.5kW
1.5kW,1.5kW_coil_current_0pct,intercoil,0.0,True,target_isolation_forest,1201,14,0,0.0,0.5355619885861957,0.5628132268317716,1.5kW
1.5kW,1.5kW_coil_current_13p12pct,intercoil,13.12,False,target_isolation_forest,1201,40,40,1.0,0.6224560605951053,0.6645534874905329,1.5kW
1.5kW,1.5kW_coil_current_23p2pct,intercoil,23.2,False,target_isolation_forest,1201,40,40,1.0,0.6414344774015669,0.6735048925474407,1.5kW
1.5kW,1.5kW_coil_current_37p66pct,intercoil,37.66,False,target_isolation_forest,1201,40,40,1.0,0.6373363346447662,0.6555116999824264,1.5kW
1.5kW,1.5kW_coil_current_4p79pct,intercoil,4.79,False,target_isolation_forest,1201,40,40,1.0,0.6523541752587174,0.6747775549392051,1.5kW
1.5kW,1.5kW_coil_current_5p7pct,intercoil,5.7,False,target_isolation_forest,1201,40,40,1.0,0.648492335887757,0.6849320020232113,1.5kW
1.5kW,1.5kW_coil_current_7p02pct,intercoil,7.02,False,target_isolation_forest,1201,40,40,1.0,0.6090011348399157,0.6413291286852159,1.5kW
1.5kW,1.5kW_coil_current_9p15pct,intercoil,9.15,False,target_isolation_forest,1201,40,40,1.0,0.6344952808933102,0.6624855815837497,1.5kW
1.5kW,1.5kW_turn_current_16p08pct,interturn,16.08,False,target_isolation_forest,1201,40,40,1.0,0.6487057641329937,0.6607830669936938,1.5kW
1.5kW,1.5kW_turn_current_1p57pct,interturn,1.57,False,target_isolation_forest,1201,40,40,1.0,0.6111570692457399,0.6230299657086511,1.5kW
1.5kW,1.5kW_turn_current_1p88pct,interturn,1.88,False,target_isolation_forest,1201,40,40,1.0,0.6024432558112782,0.6385038871844487,1.5kW
1.5kW,1.5kW_turn_current_2p34pct,interturn,2.34,False,target_isolation_forest,1201,40,5,0.125,0.5572065708854078,0.5901644075640392,1.5kW
1.5kW,1.5kW_turn_current_3p1pct,interturn,3.1,False,target_isolation_forest,1201,40,40,1.0,0.5984832573815213,0.6280750793266704,1.5kW
1.5kW,1.5kW_turn_current_4p57pct,interturn,4.57,False,target_isolation_forest,1201,40,40,1.0,0.5990495269168968,0.6253390456623179,1.5kW
1.5kW,1.5kW_turn_current_8p74pct,interturn,8.74,False,target_isolation_forest,1201,40,40,1.0,0.6248491398229127,0.6352815410263851,1.5kW
1.5kW,1.5kW_coil_current_0pct,intercoil,0.0,True,target_isolation_forest,2402,14,0,0.0,0.5436738296582586,0.5617111791795646,1.5kW
1.5kW,1.5kW_coil_current_13p12pct,intercoil,13.12,False,target_isolation_forest,2402,40,40,1.0,0.6263861455823998,0.665464682324037,1.5kW
1.5kW,1.5kW_coil_current_23p2pct,intercoil,23.2,False,target_isolation_forest,2402,40,40,1.0,0.6517616489004567,0.6785916388073286,1.5kW
1.5kW,1.5kW_coil_current_37p66pct,intercoil,37.66,False,target_isolation_forest,2402,40,40,1.0,0.6352836831217566,0.6542554036065946,1.5kW
1.5kW,1.5kW_coil_current_4p79pct,intercoil,4.79,False,target_isolation_forest,2402,40,40,1.0,0.661434610755782,0.6816765760907368,1.5kW
1.5kW,1.5kW_coil_current_5p7pct,intercoil,5.7,False,target_isolation_forest,2402,40,40,1.0,0.657919485040175,0.6895674933698535,1.5kW
1.5kW,1.5kW_coil_current_7p02pct,intercoil,7.02,False,target_isolation_forest,2402,40,40,1.0,0.6151539524245466,0.6410204342152734,1.5kW
1.5kW,1.5kW_coil_current_9p15pct,intercoil,9.15,False,target_isolation_forest,2402,40,40,1.0,0.6464142122245013,0.6715028374338396,1.5kW
1.5kW,1.5kW_turn_current_16p08pct,interturn,16.08,False,target_isolation_forest,2402,40,40,1.0,0.6449970813310967,0.65578520605395,1.5kW
1.5kW,1.5kW_turn_current_1p57pct,interturn,1.57,False,target_isolation_forest,2402,40,40,1.0,0.6070784475377297,0.6181162832595544,1.5kW
1.5kW,1.5kW_turn_current_1p88pct,interturn,1.88,False,target_isolation_forest,2402,40,40,1.0,0.6020440268379631,0.634620212546773,1.5kW
1.5kW,1.5kW_turn_current_2p34pct,interturn,2.34,False,target_isolation_forest,2402,40,8,0.2,0.5613658135730305,0.5832829502032261,1.5kW
1.5kW,1.5kW_turn_current_3p1pct,interturn,3.1,False,target_isolation_forest,2402,40,40,1.0,0.5990034812195417,0.6247614932697346,1.5kW
1.5kW,1.5kW_turn_current_4p57pct,interturn,4.57,False,target_isolation_forest,2402,40,40,1.0,0.5996707733878418,0.6247908266991821,1.5kW
1.5kW,1.5kW_turn_current_8p74pct,interturn,8.74,False,target_isolation_forest,2402,40,40,1.0,0.6227681362398888,0.635897080907409,1.5kW
1.5kW,1.5kW_coil_current_0pct,intercoil,0.0,True,target_isolation_forest,3603,14,0,0.0,0.5352801042935608,0.5647501148619453,1.5kW
1.5kW,1.5kW_coil_current_13p12pct,intercoil,13.12,False,target_isolation_forest,3603,40,40,1.0,0.6165515275831212,0.6462613229226043,1.5kW
1.5kW,1.5kW_coil_current_23p2pct,intercoil,23.2,False,target_isolation_forest,3603,40,40,1.0,0.6480467820426843,0.6704951368204413,1.5kW
1.5kW,1.5kW_coil_current_37p66pct,intercoil,37.66,False,target_isolation_forest,3603,40,40,1.0,0.6265271424598551,0.6489382062967322,1.5kW
1.5kW,1.5kW_coil_current_4p79pct,intercoil,4.79,False,target_isolation_forest,3603,40,40,1.0,0.6543058690921579,0.6751547551329485,1.5kW
1.5kW,1.5kW_coil_current_5p7pct,intercoil,5.7,False,target_isolation_forest,3603,40,40,1.0,0.6495486690564874,0.6796125552426138,1.5kW
1.5kW,1.5kW_coil_current_7p02pct,intercoil,7.02,False,target_isolation_forest,3603,40,39,0.975,0.6001891114964162,0.6272356631716905,1.5kW
1.5kW,1.5kW_coil_current_9p15pct,intercoil,9.15,False,target_isolation_forest,3603,40,40,1.0,0.6431456263165982,0.6693714099212488,1.5kW
1.5kW,1.5kW_turn_current_16p08pct,interturn,16.08,False,target_isolation_forest,3603,40,40,1.0,0.6428991603577283,0.6540947228542437,1.5kW
1.5kW,1.5kW_turn_current_1p57pct,interturn,1.57,False,target_isolation_forest,3603,40,40,1.0,0.6138501438648432,0.6256861230758558,1.5kW
1.5kW,1.5kW_turn_current_1p88pct,interturn,1.88,False,target_isolation_forest,3603,40,40,1.0,0.6052280535266673,0.6420555600955917,1.5kW
1.5kW,1.5kW_turn_current_2p34pct,interturn,2.34,False,target_isolation_forest,3603,40,5,0.125,0.5608743181950565,0.5938916435261812,1.5kW
1.5kW,1.5kW_turn_current_3p1pct,interturn,3.1,False,target_isolation_forest,3603,40,40,1.0,0.6017932705855304,0.6289047007268171,1.5kW
1.5kW,1.5kW_turn_current_4p57pct,interturn,4.57,False,target_isolation_forest,3603,40,40,1.0,0.5975657939012493,0.6223923676552903,1.5kW
1.5kW,1.5kW_turn_current_8p74pct,interturn,8.74,False,target_isolation_forest,3603,40,40,1.0,0.6242998097924175,0.6318095137359339,1.5kW
1.5kW,1.5kW_coil_current_0pct,intercoil,0.0,True,target_isolation_forest,4804,14,0,0.0,0.5405929831494267,0.5647159068701182,1.5kW
1.5kW,1.5kW_coil_current_13p12pct,intercoil,13.12,False,target_isolation_forest,4804,40,40,1.0,0.618335641245553,0.6556982579263337,1.5kW
1.5kW,1.5kW_coil_current_23p2pct,intercoil,23.2,False,target_isolation_forest,4804,40,40,1.0,0.647176517301508,0.6756319625012587,1.5kW
1.5kW,1.5kW_coil_current_37p66pct,intercoil,37.66,False,target_isolation_forest,4804,40,40,1.0,0.6294306133726735,0.6523083798496152,1.5kW
1.5kW,1.5kW_coil_current_4p79pct,intercoil,4.79,False,target_isolation_forest,4804,40,40,1.0,0.6560447957595319,0.6753387203989708,1.5kW
1.5kW,1.5kW_coil_current_5p7pct,intercoil,5.7,False,target_isolation_forest,4804,40,40,1.0,0.6513853112451222,0.6800759333052758,1.5kW
1.5kW,1.5kW_coil_current_7p02pct,intercoil,7.02,False,target_isolation_forest,4804,40,39,0.975,0.6028244265148279,0.6358574912367256,1.5kW
1.5kW,1.5kW_coil_current_9p15pct,intercoil,9.15,False,target_isolation_forest,4804,40,40,1.0,0.6401646567921451,0.6692932832386478,1.5kW
1.5kW,1.5kW_turn_current_16p08pct,interturn,16.08,False,target_isolation_forest,4804,40,40,1.0,0.6460074197269924,0.6589755865124021,1.5kW
1.5kW,1.5kW_turn_current_1p57pct,interturn,1.57,False,target_isolation_forest,4804,40,40,1.0,0.6070891683860467,0.6191617837043663,1.5kW
1.5kW,1.5kW_turn_current_1p88pct,interturn,1.88,False,target_isolation_forest,4804,40,40,1.0,0.6006565836894705,0.6341941468171356,1.5kW
1.5kW,1.5kW_turn_current_2p34pct,interturn,2.34,False,target_isolation_forest,4804,40,12,0.3,0.5618088912607943,0.5932037267817007,1.5kW
1.5kW,1.5kW_turn_current_3p1pct,interturn,3.1,False,target_isolation_forest,4804,40,40,1.0,0.5962366282519027,0.6242696764337624,1.5kW
1.5kW,1.5kW_turn_current_4p57pct,interturn,4.57,False,target_isolation_forest,4804,40,40,1.0,0.6021451425662921,0.627424222050328,1.5kW
1.5kW,1.5kW_turn_current_8p74pct,interturn,8.74,False,target_isolation_forest,4804,40,40,1.0,0.619748335275158,0.6292699941594084,1.5kW
1.5kW,1.5kW_coil_current_0pct,intercoil,0.0,True,source_target_isolation_forest,20260820,14,0,0.0,0.5095346629506939,0.5321944940427742,1.5kW
1.5kW,1.5kW_coil_current_13p12pct,intercoil,13.12,False,source_target_isolation_forest,20260820,40,39,0.975,0.6020758317718646,0.6500479987448233,1.5kW
1.5kW,1.5kW_coil_current_23p2pct,intercoil,23.2,False,source_target_isolation_forest,20260820,40,40,1.0,0.639091856115494,0.6666863923957985,1.5kW
1.5kW,1.5kW_coil_current_37p66pct,intercoil,37.66,False,source_target_isolation_forest,20260820,40,40,1.0,0.6195521122900509,0.6409761584138493,1.5kW
1.5kW,1.5kW_coil_current_4p79pct,intercoil,4.79,False,source_target_isolation_forest,20260820,40,40,1.0,0.6507582297809955,0.6696299050132474,1.5kW
1.5kW,1.5kW_coil_current_5p7pct,intercoil,5.7,False,source_target_isolation_forest,20260820,40,40,1.0,0.6460733873050561,0.683624923807034,1.5kW
1.5kW,1.5kW_coil_current_7p02pct,intercoil,7.02,False,source_target_isolation_forest,20260820,40,38,0.95,0.5857069257646632,0.6132421633323112,1.5kW
1.5kW,1.5kW_coil_current_9p15pct,intercoil,9.15,False,source_target_isolation_forest,20260820,40,40,1.0,0.6313285712910371,0.6721399056964713,1.5kW
1.5kW,1.5kW_turn_current_16p08pct,interturn,16.08,False,source_target_isolation_forest,20260820,40,40,1.0,0.6673629037144315,0.6769433399504451,1.5kW
1.5kW,1.5kW_turn_current_1p57pct,interturn,1.57,False,source_target_isolation_forest,20260820,40,40,1.0,0.6114838077647182,0.6298711042845369,1.5kW
1.5kW,1.5kW_turn_current_1p88pct,interturn,1.88,False,source_target_isolation_forest,20260820,40,40,1.0,0.605523805206601,0.6379902223623953,1.5kW
1.5kW,1.5kW_turn_current_2p34pct,interturn,2.34,False,source_target_isolation_forest,20260820,40,1,0.025,0.5321998583789513,0.5689351806831765,1.5kW
1.5kW,1.5kW_turn_current_3p1pct,interturn,3.1,False,source_target_isolation_forest,20260820,40,40,1.0,0.6035539006236216,0.6286547985636737,1.5kW
1.5kW,1.5kW_turn_current_4p57pct,interturn,4.57,False,source_target_isolation_forest,20260820,40,30,0.75,0.5765698580160048,0.6054154002446699,1.5kW
1.5kW,1.5kW_turn_current_8p74pct,interturn,8.74,False,source_target_isolation_forest,20260820,40,40,1.0,0.6402765838248714,0.6549281267179877,1.5kW
1.5kW,1.5kW_coil_current_0pct,intercoil,0.0,True,source_target_isolation_forest,1201,14,0,0.0,0.5045670978527964,0.5438321104958015,1.5kW
1.5kW,1.5kW_coil_current_13p12pct,intercoil,13.12,False,source_target_isolation_forest,1201,40,39,0.975,0.5992666932812992,0.6474151874199052,1.5kW
1.5kW,1.5kW_coil_current_23p2pct,intercoil,23.2,False,source_target_isolation_forest,1201,40,40,1.0,0.6410869499428519,0.666939809468654,1.5kW
1.5kW,1.5kW_coil_current_37p66pct,intercoil,37.66,False,source_target_isolation_forest,1201,40,40,1.0,0.6179660078076339,0.6464710848266791,1.5kW
1.5kW,1.5kW_coil_current_4p79pct,intercoil,4.79,False,source_target_isolation_forest,1201,40,40,1.0,0.6494803307755821,0.6743273076807923,1.5kW
1.5kW,1.5kW_coil_current_5p7pct,intercoil,5.7,False,source_target_isolation_forest,1201,40,40,1.0,0.6452571414459457,0.6799561750256965,1.5kW
1.5kW,1.5kW_coil_current_7p02pct,intercoil,7.02,False,source_target_isolation_forest,1201,40,25,0.625,0.5800442819493828,0.6128789754169921,1.5kW
1.5kW,1.5kW_coil_current_9p15pct,intercoil,9.15,False,source_target_isolation_forest,1201,40,40,1.0,0.6358012271675284,0.6844813214481221,1.5kW
1.5kW,1.5kW_turn_current_16p08pct,interturn,16.08,False,source_target_isolation_forest,1201,40,40,1.0,0.6835725343249396,0.6902008544781426,1.5kW
1.5kW,1.5kW_turn_current_1p57pct,interturn,1.57,False,source_target_isolation_forest,1201,40,40,1.0,0.6253267434476341,0.6457140696496166,1.5kW
1.5kW,1.5kW_turn_current_1p88pct,interturn,1.88,False,source_target_isolation_forest,1201,40,40,1.0,0.6181604635521354,0.6516826637729379,1.5kW
1.5kW,1.5kW_turn_current_2p34pct,interturn,2.34,False,source_target_isolation_forest,1201,40,1,0.025,0.5339135207718451,0.5731546233968365,1.5kW
1.5kW,1.5kW_turn_current_3p1pct,interturn,3.1,False,source_target_isolation_forest,1201,40,40,1.0,0.6147993631554114,0.640084195978087,1.5kW
1.5kW,1.5kW_turn_current_4p57pct,interturn,4.57,False,source_target_isolation_forest,1201,40,31,0.775,0.5861163783710278,0.6189636312354049,1.5kW
1.5kW,1.5kW_turn_current_8p74pct,interturn,8.74,False,source_target_isolation_forest,1201,40,40,1.0,0.6552165669632308,0.6715846052748413,1.5kW
1.5kW,1.5kW_coil_current_0pct,intercoil,0.0,True,source_target_isolation_forest,2402,14,0,0.0,0.5156227812182093,0.5438917410992686,1.5kW
1.5kW,1.5kW_coil_current_13p12pct,intercoil,13.12,False,source_target_isolation_forest,2402,40,39,0.975,0.6105189224648429,0.6531551727725671,1.5kW
1.5kW,1.5kW_coil_current_23p2pct,intercoil,23.2,False,source_target_isolation_forest,2402,40,40,1.0,0.6477291651119819,0.6706994473360679,1.5kW
1.5kW,1.5kW_coil_current_37p66pct,intercoil,37.66,False,source_target_isolation_forest,2402,40,40,1.0,0.6294665737298308,0.6541452068486908,1.5kW
1.5kW,1.5kW_coil_current_4p79pct,intercoil,4.79,False,source_target_isolation_forest,2402,40,40,1.0,0.6537943297133888,0.6772587351023251,1.5kW
1.5kW,1.5kW_coil_current_5p7pct,intercoil,5.7,False,source_target_isolation_forest,2402,40,40,1.0,0.6500665079270698,0.687416505161287,1.5kW
1.5kW,1.5kW_coil_current_7p02pct,intercoil,7.02,False,source_target_isolation_forest,2402,40,38,0.95,0.592660670714067,0.6159474667308452,1.5kW
1.5kW,1.5kW_coil_current_9p15pct,intercoil,9.15,False,source_target_isolation_forest,2402,40,40,1.0,0.6410416503930427,0.6873084002785904,1.5kW
1.5kW,1.5kW_turn_current_16p08pct,interturn,16.08,False,source_target_isolation_forest,2402,40,40,1.0,0.6727997097593243,0.6791786386708804,1.5kW
1.5kW,1.5kW_turn_current_1p57pct,interturn,1.57,False,source_target_isolation_forest,2402,40,40,1.0,0.6266338572850897,0.6474124855122129,1.5kW
1.5kW,1.5kW_turn_current_1p88pct,interturn,1.88,False,source_target_isolation_forest,2402,40,40,1.0,0.6166919758914295,0.6416009274487682,1.5kW
1.5kW,1.5kW_turn_current_2p34pct,interturn,2.34,False,source_target_isolation_forest,2402,40,0,0.0,0.5450155332662935,0.5738190742352349,1.5kW
1.5kW,1.5kW_turn_current_3p1pct,interturn,3.1,False,source_target_isolation_forest,2402,40,40,1.0,0.6165859713870316,0.6420493712765468,1.5kW
1.5kW,1.5kW_turn_current_4p57pct,interturn,4.57,False,source_target_isolation_forest,2402,40,38,0.95,0.5960495792870937,0.6282756813704565,1.5kW
1.5kW,1.5kW_turn_current_8p74pct,interturn,8.74,False,source_target_isolation_forest,2402,40,40,1.0,0.6525425922884269,0.6652613133391759,1.5kW
1.5kW,1.5kW_coil_current_0pct,intercoil,0.0,True,source_target_isolation_forest,3603,14,0,0.0,0.5095090963784966,0.5330491973472004,1.5kW
1.5kW,1.5kW_coil_current_13p12pct,intercoil,13.12,False,source_target_isolation_forest,3603,40,40,1.0,0.6038166024678275,0.6437373306610812,1.5kW
1.5kW,1.5kW_coil_current_23p2pct,intercoil,23.2,False,source_target_isolation_forest,3603,40,40,1.0,0.6504524135147804,0.6829012884902745,1.5kW
1.5kW,1.5kW_coil_current_37p66pct,intercoil,37.66,False,source_target_isolation_forest,3603,40,40,1.0,0.618889944100352,0.6441919899104002,1.5kW
1.5kW,1.5kW_coil_current_4p79pct,intercoil,4.79,False,source_target_isolation_forest,3603,40,40,1.0,0.6574426871581001,0.6805866336865282,1.5kW
1.5kW,1.5kW_coil_current_5p7pct,intercoil,5.7,False,source_target_isolation_forest,3603,40,40,1.0,0.6529723570863611,0.6850314189251552,1.5kW
1.5kW,1.5kW_coil_current_7p02pct,intercoil,7.02,False,source_target_isolation_forest,3603,40,36,0.9,0.5859277909623848,0.6143663568389702,1.5kW
1.5kW,1.5kW_coil_current_9p15pct,intercoil,9.15,False,source_target_isolation_forest,3603,40,40,1.0,0.6429681474623365,0.688822616111838,1.5kW
1.5kW,1.5kW_turn_current_16p08pct,interturn,16.08,False,source_target_isolation_forest,3603,40,40,1.0,0.6743822045846716,0.6818302839461543,1.5kW
1.5kW,1.5kW_turn_current_1p57pct,interturn,1.57,False,source_target_isolation_forest,3603,40,40,1.0,0.6295523414842914,0.6425563843343881,1.5kW
1.5kW,1.5kW_turn_current_1p88pct,interturn,1.88,False,source_target_isolation_forest,3603,40,40,1.0,0.6233395246541489,0.6581814819554936,1.5kW
1.5kW,1.5kW_turn_current_2p34pct,interturn,2.34,False,source_target_isolation_forest,3603,40,5,0.125,0.5457166218415155,0.5871435931119547,1.5kW
1.5kW,1.5kW_turn_current_3p1pct,interturn,3.1,False,source_target_isolation_forest,3603,40,40,1.0,0.6212733226551885,0.6471396430389205,1.5kW
1.5kW,1.5kW_turn_current_4p57pct,interturn,4.57,False,source_target_isolation_forest,3603,40,40,1.0,0.5928393756514557,0.6236383376228063,1.5kW
1.5kW,1.5kW_turn_current_8p74pct,interturn,8.74,False,source_target_isolation_forest,3603,40,40,1.0,0.6542794260936737,0.6657303739611906,1.5kW
1.5kW,1.5kW_coil_current_0pct,intercoil,0.0,True,source_target_isolation_forest,4804,14,0,0.0,0.5093102051845236,0.5424722655785047,1.5kW
1.5kW,1.5kW_coil_current_13p12pct,intercoil,13.12,False,source_target_isolation_forest,4804,40,39,0.975,0.600475178690969,0.6477990690638152,1.5kW
1.5kW,1.5kW_coil_current_23p2pct,intercoil,23.2,False,source_target_isolation_forest,4804,40,40,1.0,0.6407536722800031,0.6668341073096314,1.5kW
1.5kW,1.5kW_coil_current_37p66pct,intercoil,37.66,False,source_target_isolation_forest,4804,40,40,1.0,0.6213320196341874,0.6456042255085697,1.5kW
1.5kW,1.5kW_coil_current_4p79pct,intercoil,4.79,False,source_target_isolation_forest,4804,40,40,1.0,0.6462766050399218,0.6662123082990427,1.5kW
1.5kW,1.5kW_coil_current_5p7pct,intercoil,5.7,False,source_target_isolation_forest,4804,40,40,1.0,0.6418622931963074,0.6658978374439591,1.5kW
1.5kW,1.5kW_coil_current_7p02pct,intercoil,7.02,False,source_target_isolation_forest,4804,40,36,0.9,0.5795707114811364,0.6097009653411765,1.5kW
1.5kW,1.5kW_coil_current_9p15pct,intercoil,9.15,False,source_target_isolation_forest,4804,40,40,1.0,0.6345673771749545,0.6771738868454136,1.5kW
1.5kW,1.5kW_turn_current_16p08pct,interturn,16.08,False,source_target_isolation_forest,4804,40,40,1.0,0.684544086102037,0.6919978769424718,1.5kW
1.5kW,1.5kW_turn_current_1p57pct,interturn,1.57,False,source_target_isolation_forest,4804,40,40,1.0,0.6271217101583182,0.642176285713641,1.5kW
1.5kW,1.5kW_turn_current_1p88pct,interturn,1.88,False,source_target_isolation_forest,4804,40,40,1.0,0.6168512368241126,0.6488150349489404,1.5kW
1.5kW,1.5kW_turn_current_2p34pct,interturn,2.34,False,source_target_isolation_forest,4804,40,6,0.15,0.5435420895463909,0.589589774828815,1.5kW
1.5kW,1.5kW_turn_current_3p1pct,interturn,3.1,False,source_target_isolation_forest,4804,40,40,1.0,0.6134603929135907,0.6360016726253205,1.5kW
1.5kW,1.5kW_turn_current_4p57pct,interturn,4.57,False,source_target_isolation_forest,4804,40,40,1.0,0.5941833301643935,0.6247666064363446,1.5kW
1.5kW,1.5kW_turn_current_8p74pct,interturn,8.74,False,source_target_isolation_forest,4804,40,40,1.0,0.6574443109446828,0.667237863476638,1.5kW
1.5kW,1.5kW_coil_current_0pct,intercoil,0.0,True,target_min_cov_det,20260820,14,0,0.0,185.042161200593,279.0901936964666,1.5kW
1.5kW,1.5kW_coil_current_13p12pct,intercoil,13.12,False,target_min_cov_det,20260820,40,25,0.625,653.0934388367575,1080.1437487016321,1.5kW
1.5kW,1.5kW_coil_current_23p2pct,intercoil,23.2,False,target_min_cov_det,20260820,40,40,1.0,5093.582568394515,8083.645778992576,1.5kW
1.5kW,1.5kW_coil_current_37p66pct,intercoil,37.66,False,target_min_cov_det,20260820,40,36,0.9,845.0405910172361,1321.938881706383,1.5kW
1.5kW,1.5kW_coil_current_4p79pct,intercoil,4.79,False,target_min_cov_det,20260820,40,40,1.0,5396.897549580013,11272.731324436634,1.5kW
1.5kW,1.5kW_coil_current_5p7pct,intercoil,5.7,False,target_min_cov_det,20260820,40,40,1.0,5964.103893738191,9196.050424359652,1.5kW
1.5kW,1.5kW_coil_current_7p02pct,intercoil,7.02,False,target_min_cov_det,20260820,40,30,0.75,802.471399368312,1413.8342225792385,1.5kW
1.5kW,1.5kW_coil_current_9p15pct,intercoil,9.15,False,target_min_cov_det,20260820,40,40,1.0,4698.951840470682,6659.914869697215,1.5kW
1.5kW,1.5kW_turn_current_16p08pct,interturn,16.08,False,target_min_cov_det,20260820,40,40,1.0,1221.468516198489,1484.6873342347153,1.5kW
1.5kW,1.5kW_turn_current_1p57pct,interturn,1.57,False,target_min_cov_det,20260820,40,40,1.0,2207.3772413926954,2709.3907930308683,1.5kW
1.5kW,1.5kW_turn_current_1p88pct,interturn,1.88,False,target_min_cov_det,20260820,40,40,1.0,2651.171603591104,3255.8238576823887,1.5kW
1.5kW,1.5kW_turn_current_2p34pct,interturn,2.34,False,target_min_cov_det,20260820,40,4,0.1,425.31813526851374,989.0425861543536,1.5kW
1.5kW,1.5kW_turn_current_3p1pct,interturn,3.1,False,target_min_cov_det,20260820,40,40,1.0,2796.1531141037863,3147.7864478288147,1.5kW
1.5kW,1.5kW_turn_current_4p57pct,interturn,4.57,False,target_min_cov_det,20260820,40,23,0.575,595.578848829742,829.5563794299667,1.5kW
1.5kW,1.5kW_turn_current_8p74pct,interturn,8.74,False,target_min_cov_det,20260820,40,40,1.0,3786.268038967769,4274.111013534433,1.5kW
1.5kW,1.5kW_coil_current_0pct,intercoil,0.0,True,target_min_cov_det,1201,14,0,0.0,238.0688430783029,386.58700969636465,1.5kW
1.5kW,1.5kW_coil_current_13p12pct,intercoil,13.12,False,target_min_cov_det,1201,40,38,0.95,1055.1626928587962,1955.922374670315,1.5kW
1.5kW,1.5kW_coil_current_23p2pct,intercoil,23.2,False,target_min_cov_det,1201,40,40,1.0,6753.050941921293,9692.18779902037,1.5kW
1.5kW,1.5kW_coil_current_37p66pct,intercoil,37.66,False,target_min_cov_det,1201,40,40,1.0,1528.6806856678045,2007.6331769736182,1.5kW
1.5kW,1.5kW_coil_current_4p79pct,intercoil,4.79,False,target_min_cov_det,1201,40,40,1.0,7088.508236801897,13867.18390795255,1.5kW
1.5kW,1.5kW_coil_current_5p7pct,intercoil,5.7,False,target_min_cov_det,1201,40,40,1.0,7867.479816325661,11149.330892940503,1.5kW
1.5kW,1.5kW_coil_current_7p02pct,intercoil,7.02,False,target_min_cov_det,1201,40,39,0.975,853.9509955358377,1492.3084503208922,1.5kW
1.5kW,1.5kW_coil_current_9p15pct,intercoil,9.15,False,target_min_cov_det,1201,40,40,1.0,6283.100671884715,8135.900159750001,1.5kW
1.5kW,1.5kW_turn_current_16p08pct,interturn,16.08,False,target_min_cov_det,1201,40,40,1.0,3095.836617224752,4441.4657014174245,1.5kW
1.5kW,1.5kW_turn_current_1p57pct,interturn,1.57,False,target_min_cov_det,1201,40,40,1.0,2979.1351543083974,3922.2346757072423,1.5kW
1.5kW,1.5kW_turn_current_1p88pct,interturn,1.88,False,target_min_cov_det,1201,40,40,1.0,3591.6777908268787,5575.107669247323,1.5kW
1.5kW,1.5kW_turn_current_2p34pct,interturn,2.34,False,target_min_cov_det,1201,40,23,0.575,613.3157187106083,1392.6709550101257,1.5kW
1.5kW,1.5kW_turn_current_3p1pct,interturn,3.1,False,target_min_cov_det,1201,40,40,1.0,3834.8106664943057,4518.307622916804,1.5kW
1.5kW,1.5kW_turn_current_4p57pct,interturn,4.57,False,target_min_cov_det,1201,40,40,1.0,927.5075956301413,2075.8594092565386,1.5kW
1.5kW,1.5kW_turn_current_8p74pct,interturn,8.74,False,target_min_cov_det,1201,40,40,1.0,5224.718575357978,6647.969083985057,1.5kW
1.5kW,1.5kW_coil_current_0pct,intercoil,0.0,True,target_min_cov_det,2402,14,0,0.0,249.58142880895744,440.8061847792081,1.5kW
1.5kW,1.5kW_coil_current_13p12pct,intercoil,13.12,False,target_min_cov_det,2402,40,37,0.925,1318.9780001220756,2586.608251750559,1.5kW
1.5kW,1.5kW_coil_current_23p2pct,intercoil,23.2,False,target_min_cov_det,2402,40,40,1.0,6458.04872985939,9178.467613252762,1.5kW
1.5kW,1.5kW_coil_current_37p66pct,intercoil,37.66,False,target_min_cov_det,2402,40,39,0.975,1623.5283583258176,2793.1532330853324,1.5kW
1.5kW,1.5kW_coil_current_4p79pct,intercoil,4.79,False,target_min_cov_det,2402,40,40,1.0,7074.448006071182,13232.411742374912,1.5kW
1.5kW,1.5kW_coil_current_5p7pct,intercoil,5.7,False,target_min_cov_det,2402,40,40,1.0,8110.257331035709,10668.784465691442,1.5kW
1.5kW,1.5kW_coil_current_7p02pct,intercoil,7.02,False,target_min_cov_det,2402,40,40,1.0,1700.8307560074268,2731.2208610290495,1.5kW
1.5kW,1.5kW_coil_current_9p15pct,intercoil,9.15,False,target_min_cov_det,2402,40,40,1.0,5890.243469066823,7625.397108055285,1.5kW
1.5kW,1.5kW_turn_current_16p08pct,interturn,16.08,False,target_min_cov_det,2402,40,40,1.0,3374.11596299561,4485.928357952641,1.5kW
1.5kW,1.5kW_turn_current_1p57pct,interturn,1.57,False,target_min_cov_det,2402,40,40,1.0,2500.4866072713558,3333.925948817627,1.5kW
1.5kW,1.5kW_turn_current_1p88pct,interturn,1.88,False,target_min_cov_det,2402,40,40,1.0,2883.3690009796505,4673.639339724678,1.5kW
1.5kW,1.5kW_turn_current_2p34pct,interturn,2.34,False,target_min_cov_det,2402,40,19,0.475,779.5163886213694,2104.7185366800095,1.5kW
1.5kW,1.5kW_turn_current_3p1pct,interturn,3.1,False,target_min_cov_det,2402,40,40,1.0,2992.518811186806,3667.9924490594744,1.5kW
1.5kW,1.5kW_turn_current_4p57pct,interturn,4.57,False,target_min_cov_det,2402,40,40,1.0,1426.8447173336945,2985.922924381003,1.5kW
1.5kW,1.5kW_turn_current_8p74pct,interturn,8.74,False,target_min_cov_det,2402,40,40,1.0,4477.838561335392,5653.257580292419,1.5kW
1.5kW,1.5kW_coil_current_0pct,intercoil,0.0,True,target_min_cov_det,3603,14,0,0.0,230.5233281660474,436.7518636986735,1.5kW
1.5kW,1.5kW_coil_current_13p12pct,intercoil,13.12,False,target_min_cov_det,3603,40,29,0.725,842.7379130362854,1449.6201430628796,1.5kW
1.5kW,1.5kW_coil_current_23p2pct,intercoil,23.2,False,target_min_cov_det,3603,40,40,1.0,7321.599889632246,11084.980675030098,1.5kW
1.5kW,1.5kW_coil_current_37p66pct,intercoil,37.66,False,target_min_cov_det,3603,40,39,0.975,1125.7124687215137,1761.3135108369124,1.5kW
1.5kW,1.5kW_coil_current_4p79pct,intercoil,4.79,False,target_min_cov_det,3603,40,40,1.0,7704.922664186849,14524.600358554684,1.5kW
1.5kW,1.5kW_coil_current_5p7pct,intercoil,5.7,False,target_min_cov_det,3603,40,40,1.0,8501.229182753708,11416.514999217676,1.5kW
1.5kW,1.5kW_coil_current_7p02pct,intercoil,7.02,False,target_min_cov_det,3603,40,31,0.775,860.7793310007677,1408.0314016954828,1.5kW
1.5kW,1.5kW_coil_current_9p15pct,intercoil,9.15,False,target_min_cov_det,3603,40,40,1.0,6891.567122512361,9220.586716547921,1.5kW
1.5kW,1.5kW_turn_current_16p08pct,interturn,16.08,False,target_min_cov_det,3603,40,40,1.0,2131.036236090232,2563.5473216979,1.5kW
1.5kW,1.5kW_turn_current_1p57pct,interturn,1.57,False,target_min_cov_det,3603,40,40,1.0,2783.6033805411107,3571.82420450653,1.5kW
1.5kW,1.5kW_turn_current_1p88pct,interturn,1.88,False,target_min_cov_det,3603,40,40,1.0,3370.8992974248276,4211.4525225284115,1.5kW
1.5kW,1.5kW_turn_current_2p34pct,interturn,2.34,False,target_min_cov_det,3603,40,24,0.6,757.9209870248135,1872.2719175703223,1.5kW
1.5kW,1.5kW_turn_current_3p1pct,interturn,3.1,False,target_min_cov_det,3603,40,40,1.0,3353.2416230023055,4032.6995902807407,1.5kW
1.5kW,1.5kW_turn_current_4p57pct,interturn,4.57,False,target_min_cov_det,3603,40,40,1.0,962.2903709024768,1221.8246093825553,1.5kW
1.5kW,1.5kW_turn_current_8p74pct,interturn,8.74,False,target_min_cov_det,3603,40,40,1.0,4474.9971924025085,5359.503784435626,1.5kW
1.5kW,1.5kW_coil_current_0pct,intercoil,0.0,True,target_min_cov_det,4804,14,0,0.0,202.09602491451602,378.35183372949274,1.5kW
1.5kW,1.5kW_coil_current_13p12pct,intercoil,13.12,False,target_min_cov_det,4804,40,24,0.6,618.4718488216928,1368.5463131925926,1.5kW
1.5kW,1.5kW_coil_current_23p2pct,intercoil,23.2,False,target_min_cov_det,4804,40,40,1.0,7931.463856580279,12038.30870191989,1.5kW
1.5kW,1.5kW_coil_current_37p66pct,intercoil,37.66,False,target_min_cov_det,4804,40,36,0.9,760.3897430349364,1656.6226526018334,1.5kW
1.5kW,1.5kW_coil_current_4p79pct,intercoil,4.79,False,target_min_cov_det,4804,40,40,1.0,8252.344869512315,16501.74820757613,1.5kW
1.5kW,1.5kW_coil_current_5p7pct,intercoil,5.7,False,target_min_cov_det,4804,40,40,1.0,8982.22696117742,13374.261403276018,1.5kW
1.5kW,1.5kW_coil_current_7p02pct,intercoil,7.02,False,target_min_cov_det,4804,40,40,1.0,1034.6703470765096,1814.9253065804003,1.5kW
1.5kW,1.5kW_coil_current_9p15pct,intercoil,9.15,False,target_min_cov_det,4804,40,40,1.0,7386.169806476844,9680.38838220143,1.5kW
1.5kW,1.5kW_turn_current_16p08pct,interturn,16.08,False,target_min_cov_det,4804,40,40,1.0,1354.7951261270025,1618.6966477274907,1.5kW
1.5kW,1.5kW_turn_current_1p57pct,interturn,1.57,False,target_min_cov_det,4804,40,40,1.0,2878.5842904718297,3531.4446356260155,1.5kW
1.5kW,1.5kW_turn_current_1p88pct,interturn,1.88,False,target_min_cov_det,4804,40,40,1.0,3646.674710422376,4281.518328826779,1.5kW
1.5kW,1.5kW_turn_current_2p34pct,interturn,2.34,False,target_min_cov_det,4804,40,17,0.425,528.6486708740193,1040.1966375982697,1.5kW
1.5kW,1.5kW_turn_current_3p1pct,interturn,3.1,False,target_min_cov_det,4804,40,40,1.0,3498.151808676438,4147.159433879992,1.5kW
1.5kW,1.5kW_turn_current_4p57pct,interturn,4.57,False,target_min_cov_det,4804,40,40,1.0,717.3328621004091,873.5088724007471,1.5kW
1.5kW,1.5kW_turn_current_8p74pct,interturn,8.74,False,target_min_cov_det,4804,40,40,1.0,4296.1505474819505,5010.528984442972,1.5kW
1.5kW,1.5kW_coil_current_0pct,intercoil,0.0,True,source_target_min_cov_det,20260820,14,0,0.0,99.54389952685149,163.6880248539494,1.5kW
1.5kW,1.5kW_coil_current_13p12pct,intercoil,13.12,False,source_target_min_cov_det,20260820,40,22,0.55,268.3481940899354,502.7110220001744,1.5kW
1.5kW,1.5kW_coil_current_23p2pct,intercoil,23.2,False,source_target_min_cov_det,20260820,40,40,1.0,1373.4536106888527,1667.4116642575646,1.5kW
1.5kW,1.5kW_coil_current_37p66pct,intercoil,37.66,False,source_target_min_cov_det,20260820,40,29,0.725,298.16155611447147,426.00559627046397,1.5kW
1.5kW,1.5kW_coil_current_4p79pct,intercoil,4.79,False,source_target_min_cov_det,20260820,40,40,1.0,1579.6491987771765,1852.3304081023268,1.5kW
1.5kW,1.5kW_coil_current_5p7pct,intercoil,5.7,False,source_target_min_cov_det,20260820,40,40,1.0,1787.032152169364,2183.5717627935537,1.5kW
1.5kW,1.5kW_coil_current_7p02pct,intercoil,7.02,False,source_target_min_cov_det,20260820,40,31,0.775,358.09524485674075,594.905501528022,1.5kW
1.5kW,1.5kW_coil_current_9p15pct,intercoil,9.15,False,source_target_min_cov_det,20260820,40,40,1.0,1238.9511734891832,1516.2796704469836,1.5kW
1.5kW,1.5kW_turn_current_16p08pct,interturn,16.08,False,source_target_min_cov_det,20260820,40,40,1.0,862.395971564242,986.4222067488075,1.5kW
1.5kW,1.5kW_turn_current_1p57pct,interturn,1.57,False,source_target_min_cov_det,20260820,40,40,1.0,606.0508660226344,680.5077743449215,1.5kW
1.5kW,1.5kW_turn_current_1p88pct,interturn,1.88,False,source_target_min_cov_det,20260820,40,40,1.0,755.255894458483,934.0056673642398,1.5kW
1.5kW,1.5kW_turn_current_2p34pct,interturn,2.34,False,source_target_min_cov_det,20260820,40,7,0.175,217.90799687434819,389.7801907940252,1.5kW
1.5kW,1.5kW_turn_current_3p1pct,interturn,3.1,False,source_target_min_cov_det,20260820,40,40,1.0,849.9773397798017,934.6045679470777,1.5kW
1.5kW,1.5kW_turn_current_4p57pct,interturn,4.57,False,source_target_min_cov_det,20260820,40,40,1.0,324.52737564703864,382.6278308105488,1.5kW
1.5kW,1.5kW_turn_current_8p74pct,interturn,8.74,False,source_target_min_cov_det,20260820,40,40,1.0,1275.0718859021767,1405.5442506619484,1.5kW
1.5kW,1.5kW_coil_current_0pct,intercoil,0.0,True,source_target_min_cov_det,1201,14,0,0.0,99.61705435868832,151.15712603862187,1.5kW
1.5kW,1.5kW_coil_current_13p12pct,intercoil,13.12,False,source_target_min_cov_det,1201,40,8,0.2,324.57343587092225,1106.3747948321138,1.5kW
1.5kW,1.5kW_coil_current_23p2pct,intercoil,23.2,False,source_target_min_cov_det,1201,40,40,1.0,5043.177997460525,8578.014306367993,1.5kW
1.5kW,1.5kW_coil_current_37p66pct,intercoil,37.66,False,source_target_min_cov_det,1201,40,7,0.175,315.36598529076196,476.0689216930865,1.5kW
1.5kW,1.5kW_coil_current_4p79pct,intercoil,4.79,False,source_target_min_cov_det,1201,40,40,1.0,5023.831165583978,15231.062337582376,1.5kW
1.5kW,1.5kW_coil_current_5p7pct,intercoil,5.7,False,source_target_min_cov_det,1201,40,40,1.0,5770.5607719271775,10376.468486449361,1.5kW
1.5kW,1.5kW_coil_current_7p02pct,intercoil,7.02,False,source_target_min_cov_det,1201,40,18,0.45,390.4355210272427,697.3048617824857,1.5kW
1.5kW,1.5kW_coil_current_9p15pct,intercoil,9.15,False,source_target_min_cov_det,1201,40,40,1.0,4697.451610213693,7589.7218136361835,1.5kW
1.5kW,1.5kW_turn_current_16p08pct,interturn,16.08,False,source_target_min_cov_det,1201,40,40,1.0,879.7083757652592,1070.951167527758,1.5kW
1.5kW,1.5kW_turn_current_1p57pct,interturn,1.57,False,source_target_min_cov_det,1201,40,40,1.0,1043.1285020370083,1387.5859121895155,1.5kW
1.5kW,1.5kW_turn_current_1p88pct,interturn,1.88,False,source_target_min_cov_det,1201,40,40,1.0,1382.8813656341963,2084.4159187813493,1.5kW
1.5kW,1.5kW_turn_current_2p34pct,interturn,2.34,False,source_target_min_cov_det,1201,40,1,0.025,253.77451417521274,544.454219730454,1.5kW
1.5kW,1.5kW_turn_current_3p1pct,interturn,3.1,False,source_target_min_cov_det,1201,40,40,1.0,1378.3985290485552,2019.6237720278043,1.5kW
1.5kW,1.5kW_turn_current_4p57pct,interturn,4.57,False,source_target_min_cov_det,1201,40,4,0.1,379.3266370753855,438.2677114467158,1.5kW
1.5kW,1.5kW_turn_current_8p74pct,interturn,8.74,False,source_target_min_cov_det,1201,40,40,1.0,1947.92566590815,2617.9946902266233,1.5kW
1.5kW,1.5kW_coil_current_0pct,intercoil,0.0,True,source_target_min_cov_det,2402,14,0,0.0,99.94472100684918,169.10004632252986,1.5kW
1.5kW,1.5kW_coil_current_13p12pct,intercoil,13.12,False,source_target_min_cov_det,2402,40,19,0.475,273.5780292543674,566.135463948426,1.5kW
1.5kW,1.5kW_coil_current_23p2pct,intercoil,23.2,False,source_target_min_cov_det,2402,40,40,1.0,1701.6208840999777,2333.137135902878,1.5kW
1.5kW,1.5kW_coil_current_37p66pct,intercoil,37.66,False,source_target_min_cov_det,2402,40,26,0.65,316.51718405591794,478.6742311178252,1.5kW
1.5kW,1.5kW_coil_current_4p79pct,intercoil,4.79,False,source_target_min_cov_det,2402,40,40,1.0,1847.4202970290414,2974.4459925331125,1.5kW
1.5kW,1.5kW_coil_current_5p7pct,intercoil,5.7,False,source_target_min_cov_det,2402,40,40,1.0,2170.340105438916,2807.248683621308,1.5kW
1.5kW,1.5kW_coil_current_7p02pct,intercoil,7.02,False,source_target_min_cov_det,2402,40,26,0.65,367.3437611859138,596.1986451254917,1.5kW
1.5kW,1.5kW_coil_current_9p15pct,intercoil,9.15,False,source_target_min_cov_det,2402,40,40,1.0,1539.5377738264306,2016.1450632084282,1.5kW
1.5kW,1.5kW_turn_current_16p08pct,interturn,16.08,False,source_target_min_cov_det,2402,40,40,1.0,895.9760970737738,1039.1768825618876,1.5kW
1.5kW,1.5kW_turn_current_1p57pct,interturn,1.57,False,source_target_min_cov_det,2402,40,40,1.0,663.4869281176925,761.844594318351,1.5kW
1.5kW,1.5kW_turn_current_1p88pct,interturn,1.88,False,source_target_min_cov_det,2402,40,40,1.0,816.6262702384607,1074.9179064352502,1.5kW
1.5kW,1.5kW_turn_current_2p34pct,interturn,2.34,False,source_target_min_cov_det,2402,40,6,0.15,233.48383779808418,440.9451568122142,1.5kW
1.5kW,1.5kW_turn_current_3p1pct,interturn,3.1,False,source_target_min_cov_det,2402,40,40,1.0,888.6514234954093,1001.9205566504626,1.5kW
1.5kW,1.5kW_turn_current_4p57pct,interturn,4.57,False,source_target_min_cov_det,2402,40,40,1.0,351.8529828304948,454.1169605972816,1.5kW
1.5kW,1.5kW_turn_current_8p74pct,interturn,8.74,False,source_target_min_cov_det,2402,40,40,1.0,1348.5445319151181,1504.2941744496375,1.5kW
1.5kW,1.5kW_coil_current_0pct,intercoil,0.0,True,source_target_min_cov_det,3603,14,0,0.0,104.3361286833273,154.56237825570946,1.5kW
1.5kW,1.5kW_coil_current_13p12pct,intercoil,13.12,False,source_target_min_cov_det,3603,40,15,0.375,262.6777187483913,571.8373752350675,1.5kW
1.5kW,1.5kW_coil_current_23p2pct,intercoil,23.2,False,source_target_min_cov_det,3603,40,40,1.0,1853.7476866218408,2558.128725268174,1.5kW
1.5kW,1.5kW_coil_current_37p66pct,intercoil,37.66,False,source_target_min_cov_det,3603,40,21,0.525,300.0194730114497,465.2627566287634,1.5kW
1.5kW,1.5kW_coil_current_4p79pct,intercoil,4.79,False,source_target_min_cov_det,3603,40,40,1.0,1976.7989813797208,3204.1961175034685,1.5kW
1.5kW,1.5kW_coil_current_5p7pct,intercoil,5.7,False,source_target_min_cov_det,3603,40,40,1.0,2322.774438619367,3055.0875338340825,1.5kW
1.5kW,1.5kW_coil_current_7p02pct,intercoil,7.02,False,source_target_min_cov_det,3603,40,25,0.625,351.20401503540745,587.2722854907296,1.5kW
1.5kW,1.5kW_coil_current_9p15pct,intercoil,9.15,False,source_target_min_cov_det,3603,40,40,1.0,1710.9842861316051,2295.6004683815668,1.5kW
1.5kW,1.5kW_turn_current_16p08pct,interturn,16.08,False,source_target_min_cov_det,3603,40,40,1.0,907.6520880809592,1026.529095176193,1.5kW
1.5kW,1.5kW_turn_current_1p57pct,interturn,1.57,False,source_target_min_cov_det,3603,40,40,1.0,842.2162335587545,948.0418132368114,1.5kW
1.5kW,1.5kW_turn_current_1p88pct,interturn,1.88,False,source_target_min_cov_det,3603,40,40,1.0,1027.0878736661348,1328.3936624441615,1.5kW
1.5kW,1.5kW_turn_current_2p34pct,interturn,2.34,False,source_target_min_cov_det,3603,40,7,0.175,239.8779236221977,474.50382083789094,1.5kW
1.5kW,1.5kW_turn_current_3p1pct,interturn,3.1,False,source_target_min_cov_det,3603,40,40,1.0,1129.9284028781226,1290.775443277459,1.5kW
1.5kW,1.5kW_turn_current_4p57pct,interturn,4.57,False,source_target_min_cov_det,3603,40,40,1.0,364.0340220722952,440.7334609115862,1.5kW
1.5kW,1.5kW_turn_current_8p74pct,interturn,8.74,False,source_target_min_cov_det,3603,40,40,1.0,1671.5919826590803,1858.7711283708315,1.5kW
1.5kW,1.5kW_coil_current_0pct,intercoil,0.0,True,source_target_min_cov_det,4804,14,0,0.0,105.03024383828743,158.8741423892159,1.5kW
1.5kW,1.5kW_coil_current_13p12pct,intercoil,13.12,False,source_target_min_cov_det,4804,40,23,0.575,274.3943668286367,530.0347222257187,1.5kW
1.5kW,1.5kW_coil_current_23p2pct,intercoil,23.2,False,source_target_min_cov_det,4804,40,40,1.0,1397.540647561424,1672.3966054768118,1.5kW
1.5kW,1.5kW_coil_current_37p66pct,intercoil,37.66,False,source_target_min_cov_det,4804,40,29,0.725,308.1520923780471,456.3264853585197,1.5kW
1.5kW,1.5kW_coil_current_4p79pct,intercoil,4.79,False,source_target_min_cov_det,4804,40,40,1.0,1572.6635683665006,1823.887067859435,1.5kW
1.5kW,1.5kW_coil_current_5p7pct,intercoil,5.7,False,source_target_min_cov_det,4804,40,40,1.0,1784.3401968388152,2188.540127805031,1.5kW
1.5kW,1.5kW_coil_current_7p02pct,intercoil,7.02,False,source_target_min_cov_det,4804,40,30,0.75,358.1728699297903,583.5322842958313,1.5kW
1.5kW,1.5kW_coil_current_9p15pct,intercoil,9.15,False,source_target_min_cov_det,4804,40,40,1.0,1265.1184275632934,1473.162730669068,1.5kW
1.5kW,1.5kW_turn_current_16p08pct,interturn,16.08,False,source_target_min_cov_det,4804,40,40,1.0,924.3531285424058,1073.2156219185315,1.5kW
1.5kW,1.5kW_turn_current_1p57pct,interturn,1.57,False,source_target_min_cov_det,4804,40,40,1.0,639.1595397760086,733.0396937353629,1.5kW
1.5kW,1.5kW_turn_current_1p88pct,interturn,1.88,False,source_target_min_cov_det,4804,40,40,1.0,789.514472249138,1037.2304659016288,1.5kW
1.5kW,1.5kW_turn_current_2p34pct,interturn,2.34,False,source_target_min_cov_det,4804,40,7,0.175,230.6646712412732,425.1678307931956,1.5kW
1.5kW,1.5kW_turn_current_3p1pct,interturn,3.1,False,source_target_min_cov_det,4804,40,40,1.0,894.6661184505256,1016.2054369356318,1.5kW
1.5kW,1.5kW_turn_current_4p57pct,interturn,4.57,False,source_target_min_cov_det,4804,40,40,1.0,359.2543723328696,479.0713859173636,1.5kW
1.5kW,1.5kW_turn_current_8p74pct,interturn,8.74,False,source_target_min_cov_det,4804,40,40,1.0,1313.0694013073637,1475.4899539185706,1.5kW
3kW,3kW_coil_current_0pct,intercoil,0.0,True,target_isolation_forest,20260820,14,0,0.0,0.5441342256075751,0.564733526262511,3kW
3kW,3kW_coil_current_13p3pct,intercoil,13.3,False,target_isolation_forest,20260820,40,40,1.0,0.6447376178438664,0.6518573854998337,3kW
3kW,3kW_coil_current_23p48pct,intercoil,23.48,False,target_isolation_forest,20260820,40,40,1.0,0.6460914765940854,0.6513769771457311,3kW
3kW,3kW_coil_current_2p49pct,intercoil,2.49,False,target_isolation_forest,20260820,40,40,1.0,0.6379437188605026,0.6431826460143235,3kW
3kW,3kW_coil_current_2p98pct,intercoil,2.98,False,target_isolation_forest,20260820,40,40,1.0,0.6398636139499156,0.6478474771526123,3kW
3kW,3kW_coil_current_3p69pct,intercoil,3.69,False,target_isolation_forest,20260820,40,40,1.0,0.6432597394376777,0.6496530115417647,3kW
3kW,3kW_coil_current_4p86pct,intercoil,4.86,False,target_isolation_forest,20260820,40,40,1.0,0.6424671789775716,0.6504221344201909,3kW
3kW,3kW_coil_current_7p12pct,intercoil,7.12,False,target_isolation_forest,20260820,40,40,1.0,0.645132015422793,0.651214143817221,3kW
3kW,3kW_turn_current_17p86pct,interturn,17.86,False,target_isolation_forest,20260820,40,40,1.0,0.6071152427438677,0.6725593539407984,3kW
3kW,3kW_turn_current_1p78pct,interturn,1.78,False,target_isolation_forest,20260820,40,40,1.0,0.6017836809471999,0.6220604417013985,3kW
3kW,3kW_turn_current_2p13pct,interturn,2.13,False,target_isolation_forest,20260820,40,40,1.0,0.6246422859107368,0.643509469579408,3kW
3kW,3kW_turn_current_2p65pct,interturn,2.65,False,target_isolation_forest,20260820,40,39,0.975,0.5876752313932792,0.6059766865155036,3kW
3kW,3kW_turn_current_3p5pct,interturn,3.5,False,target_isolation_forest,20260820,40,40,1.0,0.6063961495197833,0.6302881717953237,3kW
3kW,3kW_turn_current_5p16pct,interturn,5.16,False,target_isolation_forest,20260820,40,26,0.65,0.5734560734781757,0.6042282757925821,3kW
3kW,3kW_turn_current_9p81pct,interturn,9.81,False,target_isolation_forest,20260820,40,40,1.0,0.5924850244091588,0.6196392110172574,3kW
3kW,3kW_coil_current_0pct,intercoil,0.0,True,target_isolation_forest,1201,14,1,0.07142857142857142,0.5408678133621848,0.5631539517150177,3kW
3kW,3kW_coil_current_13p3pct,intercoil,13.3,False,target_isolation_forest,1201,40,40,1.0,0.6368912698886173,0.6424458487106856,3kW
3kW,3kW_coil_current_23p48pct,intercoil,23.48,False,target_isolation_forest,1201,40,40,1.0,0.6357203865986631,0.6407716870453549,3kW
3kW,3kW_coil_current_2p49pct,intercoil,2.49,False,target_isolation_forest,1201,40,40,1.0,0.6267522222498079,0.6369125185530338,3kW
3kW,3kW_coil_current_2p98pct,intercoil,2.98,False,target_isolation_forest,1201,40,40,1.0,0.633554489671646,0.6393392087275631,3kW
3kW,3kW_coil_current_3p69pct,intercoil,3.69,False,target_isolation_forest,1201,40,40,1.0,0.6355027225911989,0.6421157320820984,3kW
3kW,3kW_coil_current_4p86pct,intercoil,4.86,False,target_isolation_forest,1201,40,40,1.0,0.635286897843843,0.640886086990083,3kW
3kW,3kW_coil_current_7p12pct,intercoil,7.12,False,target_isolation_forest,1201,40,40,1.0,0.6361407557982885,0.6423575942343924,3kW
3kW,3kW_turn_current_17p86pct,interturn,17.86,False,target_isolation_forest,1201,40,38,0.95,0.599367073158457,0.6754308237043691,3kW
3kW,3kW_turn_current_1p78pct,interturn,1.78,False,target_isolation_forest,1201,40,40,1.0,0.5980349566660347,0.628028686594282,3kW
3kW,3kW_turn_current_2p13pct,interturn,2.13,False,target_isolation_forest,1201,40,40,1.0,0.6231809187143501,0.6486102242617365,3kW
3kW,3kW_turn_current_2p65pct,interturn,2.65,False,target_isolation_forest,1201,40,39,0.975,0.5751628693847326,0.5927004267223694,3kW
3kW,3kW_turn_current_3p5pct,interturn,3.5,False,target_isolation_forest,1201,40,40,1.0,0.6052633378282858,0.6310285029963592,3kW
3kW,3kW_turn_current_5p16pct,interturn,5.16,False,target_isolation_forest,1201,40,34,0.85,0.5757425472951339,0.6065465141023828,3kW
3kW,3kW_turn_current_9p81pct,interturn,9.81,False,target_isolation_forest,1201,40,40,1.0,0.5956846773977781,0.6268692435737623,3kW
3kW,3kW_coil_current_0pct,intercoil,0.0,True,target_isolation_forest,2402,14,0,0.0,0.547182845774203,0.5671200746991001,3kW
3kW,3kW_coil_current_13p3pct,intercoil,13.3,False,target_isolation_forest,2402,40,40,1.0,0.6380175396227814,0.6422108873745677,3kW
3kW,3kW_coil_current_23p48pct,intercoil,23.48,False,target_isolation_forest,2402,40,40,1.0,0.6357290699627136,0.6418149083882075,3kW
3kW,3kW_coil_current_2p49pct,intercoil,2.49,False,target_isolation_forest,2402,40,40,1.0,0.6288354959904476,0.636441268648475,3kW
3kW,3kW_coil_current_2p98pct,intercoil,2.98,False,target_isolation_forest,2402,40,40,1.0,0.6336160191403029,0.6384200212904853,3kW
3kW,3kW_coil_current_3p69pct,intercoil,3.69,False,target_isolation_forest,2402,40,40,1.0,0.6367004026120855,0.6442469730190136,3kW
3kW,3kW_coil_current_4p86pct,intercoil,4.86,False,target_isolation_forest,2402,40,40,1.0,0.6359537472074315,0.6400566047196448,3kW
3kW,3kW_coil_current_7p12pct,intercoil,7.12,False,target_isolation_forest,2402,40,40,1.0,0.6373003268917337,0.6425339229917661,3kW
3kW,3kW_turn_current_17p86pct,interturn,17.86,False,target_isolation_forest,2402,40,35,0.875,0.5967755272498636,0.6668415447273777,3kW
3kW,3kW_turn_current_1p78pct,interturn,1.78,False,target_isolation_forest,2402,40,40,1.0,0.6016415260374128,0.6242955128724815,3kW
3kW,3kW_turn_current_2p13pct,interturn,2.13,False,target_isolation_forest,2402,40,40,1.0,0.6205358877432057,0.6368014085749446,3kW
3kW,3kW_turn_current_2p65pct,interturn,2.65,False,target_isolation_forest,2402,40,27,0.675,0.5763334811633112,0.5916472691564381,3kW
3kW,3kW_turn_current_3p5pct,interturn,3.5,False,target_isolation_forest,2402,40,40,1.0,0.6076359722059309,0.6310506345811419,3kW
3kW,3kW_turn_current_5p16pct,interturn,5.16,False,target_isolation_forest,2402,40,31,0.775,0.5786266986625261,0.6113307492380228,3kW
3kW,3kW_turn_current_9p81pct,interturn,9.81,False,target_isolation_forest,2402,40,40,1.0,0.5938872990387394,0.6149477584924017,3kW
3kW,3kW_coil_current_0pct,intercoil,0.0,True,target_isolation_forest,3603,14,0,0.0,0.5406196192389643,0.5545383339060206,3kW
3kW,3kW_coil_current_13p3pct,intercoil,13.3,False,target_isolation_forest,3603,40,40,1.0,0.6435872366931708,0.6494584103402833,3kW
3kW,3kW_coil_current_23p48pct,intercoil,23.48,False,target_isolation_forest,3603,40,40,1.0,0.6430593154553653,0.6503470321430868,3kW
3kW,3kW_coil_current_2p49pct,intercoil,2.49,False,target_isolation_forest,3603,40,40,1.0,0.6357799674616559,0.6458424965935865,3kW
3kW,3kW_coil_current_2p98pct,intercoil,2.98,False,target_isolation_forest,3603,40,40,1.0,0.6402172563089109,0.6476947539825715,3kW
3kW,3kW_coil_current_3p69pct,intercoil,3.69,False,target_isolation_forest,3603,40,40,1.0,0.642665166336955,0.6495812341168595,3kW
3kW,3kW_coil_current_4p86pct,intercoil,4.86,False,target_isolation_forest,3603,40,40,1.0,0.6422948513662352,0.6488309716814439,3kW
3kW,3kW_coil_current_7p12pct,intercoil,7.12,False,target_isolation_forest,3603,40,40,1.0,0.6434569674452739,0.6516118383936987,3kW
3kW,3kW_turn_current_17p86pct,interturn,17.86,False,target_isolation_forest,3603,40,39,0.975,0.6004465766806237,0.6738931780806076,3kW
3kW,3kW_turn_current_1p78pct,interturn,1.78,False,target_isolation_forest,3603,40,40,1.0,0.6103296863368409,0.6420570122187496,3kW
3kW,3kW_turn_current_2p13pct,interturn,2.13,False,target_isolation_forest,3603,40,40,1.0,0.628545328647202,0.6474639275820859,3kW
3kW,3kW_turn_current_2p65pct,interturn,2.65,False,target_isolation_forest,3603,40,34,0.85,0.5768199930731062,0.5974419363824561,3kW
3kW,3kW_turn_current_3p5pct,interturn,3.5,False,target_isolation_forest,3603,40,40,1.0,0.6148912534836799,0.6516464881457826,3kW
3kW,3kW_turn_current_5p16pct,interturn,5.16,False,target_isolation_forest,3603,40,29,0.725,0.5749269459193231,0.6146421016628111,3kW
3kW,3kW_turn_current_9p81pct,interturn,9.81,False,target_isolation_forest,3603,40,40,1.0,0.599854642961074,0.6200994876518227,3kW
3kW,3kW_coil_current_0pct,intercoil,0.0,True,target_isolation_forest,4804,14,0,0.0,0.5419370084570245,0.5591268599330622,3kW
3kW,3kW_coil_current_13p3pct,intercoil,13.3,False,target_isolation_forest,4804,40,40,1.0,0.6255455037974337,0.6294961444439029,3kW
3kW,3kW_coil_current_23p48pct,intercoil,23.48,False,target_isolation_forest,4804,40,40,1.0,0.6252625577427287,0.6306085364017537,3kW
3kW,3kW_coil_current_2p49pct,intercoil,2.49,False,target_isolation_forest,4804,40,40,1.0,0.6183377845692524,0.6226065226312594,3kW
3kW,3kW_coil_current_2p98pct,intercoil,2.98,False,target_isolation_forest,4804,40,40,1.0,0.621461411934746,0.6303036731777123,3kW
3kW,3kW_coil_current_3p69pct,intercoil,3.69,False,target_isolation_forest,4804,40,40,1.0,0.6243842688823104,0.6299827656150342,3kW
3kW,3kW_coil_current_4p86pct,intercoil,4.86,False,target_isolation_forest,4804,40,40,1.0,0.6236947475090766,0.6310232455599345,3kW
3kW,3kW_coil_current_7p12pct,intercoil,7.12,False,target_isolation_forest,4804,40,40,1.0,0.6251311459722808,0.6298062574680278,3kW
3kW,3kW_turn_current_17p86pct,interturn,17.86,False,target_isolation_forest,4804,40,39,0.975,0.5997794856479894,0.6742221060943078,3kW
3kW,3kW_turn_current_1p78pct,interturn,1.78,False,target_isolation_forest,4804,40,40,1.0,0.5937451167093257,0.6195372233181564,3kW
3kW,3kW_turn_current_2p13pct,interturn,2.13,False,target_isolation_forest,4804,40,40,1.0,0.6169313526951967,0.6419249982307482,3kW
3kW,3kW_turn_current_2p65pct,interturn,2.65,False,target_isolation_forest,4804,40,38,0.95,0.5784638905983639,0.6019409211551959,3kW
3kW,3kW_turn_current_3p5pct,interturn,3.5,False,target_isolation_forest,4804,40,40,1.0,0.6027744704013884,0.6355571436689202,3kW
3kW,3kW_turn_current_5p16pct,interturn,5.16,False,target_isolation_forest,4804,40,24,0.6,0.5713276391303518,0.596768381844502,3kW
3kW,3kW_turn_current_9p81pct,interturn,9.81,False,target_isolation_forest,4804,40,39,0.975,0.5928028142481242,0.6207407715664519,3kW
3kW,3kW_coil_current_0pct,intercoil,0.0,True,source_target_isolation_forest,20260820,14,0,0.0,0.5232877884697317,0.5468507805285353,3kW
3kW,3kW_coil_current_13p3pct,intercoil,13.3,False,source_target_isolation_forest,20260820,40,40,1.0,0.6763804685380376,0.6851684876010025,3kW
3kW,3kW_coil_current_23p48pct,intercoil,23.48,False,source_target_isolation_forest,20260820,40,40,1.0,0.6742445255282525,0.6821910071419806,3kW
3kW,3kW_coil_current_2p49pct,intercoil,2.49,False,source_target_isolation_forest,20260820,40,40,1.0,0.6612636529132366,0.6716469698637926,3kW
3kW,3kW_coil_current_2p98pct,intercoil,2.98,False,source_target_isolation_forest,20260820,40,40,1.0,0.6739864607599092,0.6803475205069273,3kW
3kW,3kW_coil_current_3p69pct,intercoil,3.69,False,source_target_isolation_forest,20260820,40,40,1.0,0.6751398059364198,0.6834102550749858,3kW
3kW,3kW_coil_current_4p86pct,intercoil,4.86,False,source_target_isolation_forest,20260820,40,40,1.0,0.6754136257779926,0.6834900518284209,3kW
3kW,3kW_coil_current_7p12pct,intercoil,7.12,False,source_target_isolation_forest,20260820,40,40,1.0,0.6758642041032484,0.6840861538143408,3kW
3kW,3kW_turn_current_17p86pct,interturn,17.86,False,source_target_isolation_forest,20260820,40,39,0.975,0.6071398159567888,0.7060447869093177,3kW
3kW,3kW_turn_current_1p78pct,interturn,1.78,False,source_target_isolation_forest,20260820,40,40,1.0,0.6173513956291915,0.6443621586797788,3kW
3kW,3kW_turn_current_2p13pct,interturn,2.13,False,source_target_isolation_forest,20260820,40,40,1.0,0.6538230155765015,0.6744816211479989,3kW
3kW,3kW_turn_current_2p65pct,interturn,2.65,False,source_target_isolation_forest,20260820,40,38,0.95,0.5755810370056719,0.5958949925563104,3kW
3kW,3kW_turn_current_3p5pct,interturn,3.5,False,source_target_isolation_forest,20260820,40,40,1.0,0.6266134558543016,0.6618307301662656,3kW
3kW,3kW_turn_current_5p16pct,interturn,5.16,False,source_target_isolation_forest,20260820,40,29,0.725,0.5685753941421429,0.610899211037147,3kW
3kW,3kW_turn_current_9p81pct,interturn,9.81,False,source_target_isolation_forest,20260820,40,40,1.0,0.6111506658003363,0.6521065208882387,3kW
3kW,3kW_coil_current_0pct,intercoil,0.0,True,source_target_isolation_forest,1201,14,2,0.14285714285714285,0.5138633918762398,0.5434465874459573,3kW
3kW,3kW_coil_current_13p3pct,intercoil,13.3,False,source_target_isolation_forest,1201,40,40,1.0,0.6704219881224547,0.6782168725927429,3kW
3kW,3kW_coil_current_23p48pct,intercoil,23.48,False,source_target_isolation_forest,1201,40,40,1.0,0.6662778427275237,0.6747294194998787,3kW
3kW,3kW_coil_current_2p49pct,intercoil,2.49,False,source_target_isolation_forest,1201,40,40,1.0,0.6476464501257151,0.6578659997647044,3kW
3kW,3kW_coil_current_2p98pct,intercoil,2.98,False,source_target_isolation_forest,1201,40,40,1.0,0.6663968996832079,0.6730164144357663,3kW
3kW,3kW_coil_current_3p69pct,intercoil,3.69,False,source_target_isolation_forest,1201,40,40,1.0,0.6699141725668007,0.677035760761294,3kW
3kW,3kW_coil_current_4p86pct,intercoil,4.86,False,source_target_isolation_forest,1201,40,40,1.0,0.6703207037045835,0.6778013859386387,3kW
3kW,3kW_coil_current_7p12pct,intercoil,7.12,False,source_target_isolation_forest,1201,40,40,1.0,0.6706994047845944,0.6776461989783539,3kW
3kW,3kW_turn_current_17p86pct,interturn,17.86,False,source_target_isolation_forest,1201,40,40,1.0,0.601588426280259,0.7098655475535511,3kW
3kW,3kW_turn_current_1p78pct,interturn,1.78,False,source_target_isolation_forest,1201,40,40,1.0,0.6209813761762661,0.6513770132259847,3kW
3kW,3kW_turn_current_2p13pct,interturn,2.13,False,source_target_isolation_forest,1201,40,40,1.0,0.6509524791166752,0.6723309156388078,3kW
3kW,3kW_turn_current_2p65pct,interturn,2.65,False,source_target_isolation_forest,1201,40,39,0.975,0.5645949645962118,0.5856456926434048,3kW
3kW,3kW_turn_current_3p5pct,interturn,3.5,False,source_target_isolation_forest,1201,40,40,1.0,0.6292910488947708,0.6687072949182568,3kW
3kW,3kW_turn_current_5p16pct,interturn,5.16,False,source_target_isolation_forest,1201,40,38,0.95,0.5608153744851958,0.5956282252742411,3kW
3kW,3kW_turn_current_9p81pct,interturn,9.81,False,source_target_isolation_forest,1201,40,40,1.0,0.6181159404422137,0.6621283535309058,3kW
3kW,3kW_coil_current_0pct,intercoil,0.0,True,source_target_isolation_forest,2402,14,0,0.0,0.5212169607655304,0.5501921151069753,3kW
3kW,3kW_coil_current_13p3pct,intercoil,13.3,False,source_target_isolation_forest,2402,40,40,1.0,0.6662068537427003,0.6756595272021452,3kW
3kW,3kW_coil_current_23p48pct,intercoil,23.48,False,source_target_isolation_forest,2402,40,40,1.0,0.6637506932238229,0.6729384296367318,3kW
3kW,3kW_coil_current_2p49pct,intercoil,2.49,False,source_target_isolation_forest,2402,40,40,1.0,0.6470909683732196,0.6557310009909508,3kW
3kW,3kW_coil_current_2p98pct,intercoil,2.98,False,source_target_isolation_forest,2402,40,40,1.0,0.6626372440314608,0.6735106128811252,3kW
3kW,3kW_coil_current_3p69pct,intercoil,3.69,False,source_target_isolation_forest,2402,40,40,1.0,0.6648717996781539,0.6749722690785394,3kW
3kW,3kW_coil_current_4p86pct,intercoil,4.86,False,source_target_isolation_forest,2402,40,40,1.0,0.6655907723414775,0.6743297498001625,3kW
3kW,3kW_coil_current_7p12pct,intercoil,7.12,False,source_target_isolation_forest,2402,40,40,1.0,0.6663830875683558,0.6747534861555465,3kW
3kW,3kW_turn_current_17p86pct,interturn,17.86,False,source_target_isolation_forest,2402,40,38,0.95,0.5963028965183259,0.702821121511373,3kW
3kW,3kW_turn_current_1p78pct,interturn,1.78,False,source_target_isolation_forest,2402,40,40,1.0,0.6207454219962478,0.6488206743907455,3kW
3kW,3kW_turn_current_2p13pct,interturn,2.13,False,source_target_isolation_forest,2402,40,40,1.0,0.6461779763147145,0.666682785186203,3kW
3kW,3kW_turn_current_2p65pct,interturn,2.65,False,source_target_isolation_forest,2402,40,33,0.825,0.5616775818873896,0.5857830244592825,3kW
3kW,3kW_turn_current_3p5pct,interturn,3.5,False,source_target_isolation_forest,2402,40,40,1.0,0.6281410339970721,0.6647186166654779,3kW
3kW,3kW_turn_current_5p16pct,interturn,5.16,False,source_target_isolation_forest,2402,40,31,0.775,0.5676107028484142,0.6077066595820989,3kW
3kW,3kW_turn_current_9p81pct,interturn,9.81,False,source_target_isolation_forest,2402,40,40,1.0,0.6116217506823871,0.646121045952647,3kW
3kW,3kW_coil_current_0pct,intercoil,0.0,True,source_target_isolation_forest,3603,14,0,0.0,0.5215124175746633,0.5458900732299123,3kW
3kW,3kW_coil_current_13p3pct,intercoil,13.3,False,source_target_isolation_forest,3603,40,40,1.0,0.672965548433996,0.6812107305943098,3kW
3kW,3kW_coil_current_23p48pct,intercoil,23.48,False,source_target_isolation_forest,3603,40,40,1.0,0.6706943111586763,0.6788197637726437,3kW
3kW,3kW_coil_current_2p49pct,intercoil,2.49,False,source_target_isolation_forest,3603,40,40,1.0,0.6537401353233572,0.6651474046540565,3kW
3kW,3kW_coil_current_2p98pct,intercoil,2.98,False,source_target_isolation_forest,3603,40,40,1.0,0.669235703321446,0.6768393548502325,3kW
3kW,3kW_coil_current_3p69pct,intercoil,3.69,False,source_target_isolation_forest,3603,40,40,1.0,0.671571928157356,0.6783364627658005,3kW
3kW,3kW_coil_current_4p86pct,intercoil,4.86,False,source_target_isolation_forest,3603,40,40,1.0,0.6717712469220702,0.6779501187909498,3kW
3kW,3kW_coil_current_7p12pct,intercoil,7.12,False,source_target_isolation_forest,3603,40,40,1.0,0.6724300604684932,0.6812672102441777,3kW
3kW,3kW_turn_current_17p86pct,interturn,17.86,False,source_target_isolation_forest,3603,40,38,0.95,0.5998287937462374,0.7060284489031775,3kW
3kW,3kW_turn_current_1p78pct,interturn,1.78,False,source_target_isolation_forest,3603,40,40,1.0,0.63420867360245,0.6598884084467954,3kW
3kW,3kW_turn_current_2p13pct,interturn,2.13,False,source_target_isolation_forest,3603,40,40,1.0,0.655281131649036,0.6778138926753723,3kW
3kW,3kW_turn_current_2p65pct,interturn,2.65,False,source_target_isolation_forest,3603,40,37,0.925,0.5664970570620722,0.589699463741496,3kW
3kW,3kW_turn_current_3p5pct,interturn,3.5,False,source_target_isolation_forest,3603,40,40,1.0,0.6395990364807591,0.6753584526315084,3kW
3kW,3kW_turn_current_5p16pct,interturn,5.16,False,source_target_isolation_forest,3603,40,31,0.775,0.566354543480997,0.6066780095545838,3kW
3kW,3kW_turn_current_9p81pct,interturn,9.81,False,source_target_isolation_forest,3603,40,40,1.0,0.6229640813486423,0.6534208156792417,3kW
3kW,3kW_coil_current_0pct,intercoil,0.0,True,source_target_isolation_forest,4804,14,0,0.0,0.5211632917846536,0.5455450141746945,3kW
3kW,3kW_coil_current_13p3pct,intercoil,13.3,False,source_target_isolation_forest,4804,40,40,1.0,0.660059426232166,0.6669362437302223,3kW
3kW,3kW_coil_current_23p48pct,intercoil,23.48,False,source_target_isolation_forest,4804,40,40,1.0,0.6601818109625175,0.6655101107840315,3kW
3kW,3kW_coil_current_2p49pct,intercoil,2.49,False,source_target_isolation_forest,4804,40,40,1.0,0.6448547142764459,0.6560287883067778,3kW
3kW,3kW_coil_current_2p98pct,intercoil,2.98,False,source_target_isolation_forest,4804,40,40,1.0,0.6553025562731984,0.6624727990907979,3kW
3kW,3kW_coil_current_3p69pct,intercoil,3.69,False,source_target_isolation_forest,4804,40,40,1.0,0.6585558432075965,0.6643044306059439,3kW
3kW,3kW_coil_current_4p86pct,intercoil,4.86,False,source_target_isolation_forest,4804,40,40,1.0,0.6582015915660611,0.6660352868339426,3kW
3kW,3kW_coil_current_7p12pct,intercoil,7.12,False,source_target_isolation_forest,4804,40,40,1.0,0.6609399721962077,0.6674986021829964,3kW
3kW,3kW_turn_current_17p86pct,interturn,17.86,False,source_target_isolation_forest,4804,40,36,0.9,0.5991296053541649,0.714069227343529,3kW
3kW,3kW_turn_current_1p78pct,interturn,1.78,False,source_target_isolation_forest,4804,40,40,1.0,0.6288744139190089,0.6604196308290571,3kW
3kW,3kW_turn_current_2p13pct,interturn,2.13,False,source_target_isolation_forest,4804,40,40,1.0,0.6506459399877271,0.6725827653880461,3kW
3kW,3kW_turn_current_2p65pct,interturn,2.65,False,source_target_isolation_forest,4804,40,32,0.8,0.5625598840084877,0.5860044499772828,3kW
3kW,3kW_turn_current_3p5pct,interturn,3.5,False,source_target_isolation_forest,4804,40,40,1.0,0.6342705130146421,0.6708593222320782,3kW
3kW,3kW_turn_current_5p16pct,interturn,5.16,False,source_target_isolation_forest,4804,40,29,0.725,0.5663758473167053,0.6047039593953102,3kW
3kW,3kW_turn_current_9p81pct,interturn,9.81,False,source_target_isolation_forest,4804,40,40,1.0,0.6196438326470053,0.6567273294365508,3kW
3kW,3kW_coil_current_0pct,intercoil,0.0,True,target_min_cov_det,20260820,14,0,0.0,317.4258044102967,533.364243489942,3kW
3kW,3kW_coil_current_13p3pct,intercoil,13.3,False,target_min_cov_det,20260820,40,40,1.0,4162034.813805421,4224944.056089319,3kW
3kW,3kW_coil_current_23p48pct,intercoil,23.48,False,target_min_cov_det,20260820,40,40,1.0,4270150.066936211,4359414.547171856,3kW
3kW,3kW_coil_current_2p49pct,intercoil,2.49,False,target_min_cov_det,20260820,40,40,1.0,3903766.553792154,3958274.7169141257,3kW
3kW,3kW_coil_current_2p98pct,intercoil,2.98,False,target_min_cov_det,20260820,40,40,1.0,4164514.7295271554,4254196.319511404,3kW
3kW,3kW_coil_current_3p69pct,intercoil,3.69,False,target_min_cov_det,20260820,40,40,1.0,4129870.9320139885,4213627.67116571,3kW
3kW,3kW_coil_current_4p86pct,intercoil,4.86,False,target_min_cov_det,20260820,40,40,1.0,4134440.372814941,4225174.991641855,3kW
3kW,3kW_coil_current_7p12pct,intercoil,7.12,False,target_min_cov_det,20260820,40,40,1.0,4143340.953904775,4240328.169186791,3kW
3kW,3kW_turn_current_17p86pct,interturn,17.86,False,target_min_cov_det,20260820,40,21,0.525,245246.16226072243,1238289.3164634046,3kW
3kW,3kW_turn_current_1p78pct,interturn,1.78,False,target_min_cov_det,20260820,40,40,1.0,2272.825029744613,4510.109489956765,3kW
3kW,3kW_turn_current_2p13pct,interturn,2.13,False,target_min_cov_det,20260820,40,40,1.0,1731.783089768155,2665.305693525458,3kW
3kW,3kW_turn_current_2p65pct,interturn,2.65,False,target_min_cov_det,20260820,40,2,0.05,637.426966970189,1319.2349103392235,3kW
3kW,3kW_turn_current_3p5pct,interturn,3.5,False,target_min_cov_det,20260820,40,40,1.0,1889.8314535946258,3155.9772908286377,3kW
3kW,3kW_turn_current_5p16pct,interturn,5.16,False,target_min_cov_det,20260820,40,8,0.2,632.174779885904,1750.139673862964,3kW
3kW,3kW_turn_current_9p81pct,interturn,9.81,False,target_min_cov_det,20260820,40,40,1.0,2482.0966977626604,4170.348337496464,3kW
3kW,3kW_coil_current_0pct,intercoil,0.0,True,target_min_cov_det,1201,14,0,0.0,293.5878043255161,495.12200238945104,3kW
3kW,3kW_coil_current_13p3pct,intercoil,13.3,False,target_min_cov_det,1201,40,40,1.0,3973647.273138909,4030544.871021303,3kW
3kW,3kW_coil_current_23p48pct,intercoil,23.48,False,target_min_cov_det,1201,40,40,1.0,4077718.039802847,4156500.859612897,3kW
3kW,3kW_coil_current_2p49pct,intercoil,2.49,False,target_min_cov_det,1201,40,40,1.0,3774457.612999079,3824782.8410749137,3kW
3kW,3kW_coil_current_2p98pct,intercoil,2.98,False,target_min_cov_det,1201,40,40,1.0,3977321.7417027345,4052426.6641039043,3kW
3kW,3kW_coil_current_3p69pct,intercoil,3.69,False,target_min_cov_det,1201,40,40,1.0,3948422.3947871616,4019861.0959382113,3kW
3kW,3kW_coil_current_4p86pct,intercoil,4.86,False,target_min_cov_det,1201,40,40,1.0,3952394.8189887106,4023819.5828443007,3kW
3kW,3kW_coil_current_7p12pct,intercoil,7.12,False,target_min_cov_det,1201,40,40,1.0,3958812.3651439054,4035165.1030653236,3kW
3kW,3kW_turn_current_17p86pct,interturn,17.86,False,target_min_cov_det,1201,40,17,0.425,194755.9647406195,972753.8609008822,3kW
3kW,3kW_turn_current_1p78pct,interturn,1.78,False,target_min_cov_det,1201,40,40,1.0,2943.1135731099225,5207.24182753621,3kW
3kW,3kW_turn_current_2p13pct,interturn,2.13,False,target_min_cov_det,1201,40,40,1.0,2279.1421345319222,3508.3566905113876,3kW
3kW,3kW_turn_current_2p65pct,interturn,2.65,False,target_min_cov_det,1201,40,7,0.175,531.7666568425541,926.0426379866723,3kW
3kW,3kW_turn_current_3p5pct,interturn,3.5,False,target_min_cov_det,1201,40,40,1.0,2585.1533181406494,4513.789029787913,3kW
3kW,3kW_turn_current_5p16pct,interturn,5.16,False,target_min_cov_det,1201,40,13,0.325,556.376241101101,1021.5370315452328,3kW
3kW,3kW_turn_current_9p81pct,interturn,9.81,False,target_min_cov_det,1201,40,40,1.0,3381.2237849250114,5257.6770261459715,3kW
3kW,3kW_coil_current_0pct,intercoil,0.0,True,target_min_cov_det,2402,14,0,0.0,484.6275419928389,783.9596619944438,3kW
3kW,3kW_coil_current_13p3pct,intercoil,13.3,False,target_min_cov_det,2402,40,40,1.0,4300389.601469571,4360676.876800837,3kW
3kW,3kW_coil_current_23p48pct,intercoil,23.48,False,target_min_cov_det,2402,40,40,1.0,4394307.881527111,4477461.6055749785,3kW
3kW,3kW_coil_current_2p49pct,intercoil,2.49,False,target_min_cov_det,2402,40,40,1.0,4062143.6095265327,4122575.647535972,3kW
3kW,3kW_coil_current_2p98pct,intercoil,2.98,False,target_min_cov_det,2402,40,40,1.0,4303646.715979199,4390893.466389734,3kW
3kW,3kW_coil_current_3p69pct,intercoil,3.69,False,target_min_cov_det,2402,40,40,1.0,4271506.545209095,4348604.40205214,3kW
3kW,3kW_coil_current_4p86pct,intercoil,4.86,False,target_min_cov_det,2402,40,40,1.0,4275912.574038762,4346780.69603705,3kW
3kW,3kW_coil_current_7p12pct,intercoil,7.12,False,target_min_cov_det,2402,40,40,1.0,4282865.260224428,4354322.933822638,3kW
3kW,3kW_turn_current_17p86pct,interturn,17.86,False,target_min_cov_det,2402,40,13,0.325,405673.4108633463,1952766.9396608742,3kW
3kW,3kW_turn_current_1p78pct,interturn,1.78,False,target_min_cov_det,2402,40,40,1.0,3056.248690293115,5902.323563426712,3kW
3kW,3kW_turn_current_2p13pct,interturn,2.13,False,target_min_cov_det,2402,40,37,0.925,2489.053993686269,4053.002959620385,3kW
3kW,3kW_turn_current_2p65pct,interturn,2.65,False,target_min_cov_det,2402,40,1,0.025,1084.270377137467,1989.7734386801117,3kW
3kW,3kW_turn_current_3p5pct,interturn,3.5,False,target_min_cov_det,2402,40,38,0.95,2755.5001913057213,5613.973374766472,3kW
3kW,3kW_turn_current_5p16pct,interturn,5.16,False,target_min_cov_det,2402,40,1,0.025,940.16505551856,2181.75404372687,3kW
3kW,3kW_turn_current_9p81pct,interturn,9.81,False,target_min_cov_det,2402,40,40,1.0,3498.9233800431707,5961.233005773503,3kW
3kW,3kW_coil_current_0pct,intercoil,0.0,True,target_min_cov_det,3603,14,1,0.07142857142857142,307.2893308405992,575.2259992764399,3kW
3kW,3kW_coil_current_13p3pct,intercoil,13.3,False,target_min_cov_det,3603,40,40,1.0,4569245.870366434,4632663.444036385,3kW
3kW,3kW_coil_current_23p48pct,intercoil,23.48,False,target_min_cov_det,3603,40,40,1.0,4671996.397898707,4768536.926436153,3kW
3kW,3kW_coil_current_2p49pct,intercoil,2.49,False,target_min_cov_det,3603,40,40,1.0,4283834.720462291,4346934.965963457,3kW
3kW,3kW_coil_current_2p98pct,intercoil,2.98,False,target_min_cov_det,3603,40,40,1.0,4569985.953192277,4662940.998018702,3kW
3kW,3kW_coil_current_3p69pct,intercoil,3.69,False,target_min_cov_det,3603,40,40,1.0,4536540.724428056,4627238.187834176,3kW
3kW,3kW_coil_current_4p86pct,intercoil,4.86,False,target_min_cov_det,3603,40,40,1.0,4543586.301845288,4621811.638520979,3kW
3kW,3kW_coil_current_7p12pct,intercoil,7.12,False,target_min_cov_det,3603,40,40,1.0,4549082.42674285,4640030.628045315,3kW
3kW,3kW_turn_current_17p86pct,interturn,17.86,False,target_min_cov_det,3603,40,24,0.6,153298.12398320553,789227.9757892181,3kW
3kW,3kW_turn_current_1p78pct,interturn,1.78,False,target_min_cov_det,3603,40,40,1.0,2091.460494905249,3677.603242514836,3kW
3kW,3kW_turn_current_2p13pct,interturn,2.13,False,target_min_cov_det,3603,40,40,1.0,1805.971749671799,2261.6186065963907,3kW
3kW,3kW_turn_current_2p65pct,interturn,2.65,False,target_min_cov_det,3603,40,27,0.675,558.2733612399118,961.0480776409028,3kW
3kW,3kW_turn_current_3p5pct,interturn,3.5,False,target_min_cov_det,3603,40,40,1.0,1866.6600301032631,2805.223918401174,3kW
3kW,3kW_turn_current_5p16pct,interturn,5.16,False,target_min_cov_det,3603,40,24,0.6,547.4995212752195,920.0182046618224,3kW
3kW,3kW_turn_current_9p81pct,interturn,9.81,False,target_min_cov_det,3603,40,40,1.0,2150.6212784836002,3114.117025246965,3kW
3kW,3kW_coil_current_0pct,intercoil,0.0,True,target_min_cov_det,4804,14,2,0.14285714285714285,391.04991239612355,606.8862005774104,3kW
3kW,3kW_coil_current_13p3pct,intercoil,13.3,False,target_min_cov_det,4804,40,40,1.0,3429253.282506922,3481902.463988451,3kW
3kW,3kW_coil_current_23p48pct,intercoil,23.48,False,target_min_cov_det,4804,40,40,1.0,3529193.0826959116,3602129.2953017894,3kW
3kW,3kW_coil_current_2p49pct,intercoil,2.49,False,target_min_cov_det,4804,40,40,1.0,3245723.5443149684,3289873.5025243163,3kW
3kW,3kW_coil_current_2p98pct,intercoil,2.98,False,target_min_cov_det,4804,40,40,1.0,3431904.6541625857,3498881.8663035873,3kW
3kW,3kW_coil_current_3p69pct,intercoil,3.69,False,target_min_cov_det,4804,40,40,1.0,3404380.581203068,3473527.0348744094,3kW
3kW,3kW_coil_current_4p86pct,intercoil,4.86,False,target_min_cov_det,4804,40,40,1.0,3405277.8879729593,3460889.812305163,3kW
3kW,3kW_coil_current_7p12pct,intercoil,7.12,False,target_min_cov_det,4804,40,40,1.0,3414146.296837232,3468847.5809835964,3kW
3kW,3kW_turn_current_17p86pct,interturn,17.86,False,target_min_cov_det,4804,40,40,1.0,183737.47272904834,929547.9753231758,3kW
3kW,3kW_turn_current_1p78pct,interturn,1.78,False,target_min_cov_det,4804,40,40,1.0,4219.333748729398,5576.337254262794,3kW
3kW,3kW_turn_current_2p13pct,interturn,2.13,False,target_min_cov_det,4804,40,40,1.0,3613.851851824437,6007.040424994262,3kW
3kW,3kW_turn_current_2p65pct,interturn,2.65,False,target_min_cov_det,4804,40,38,0.95,757.0390122122274,1618.6000318382462,3kW
3kW,3kW_turn_current_3p5pct,interturn,3.5,False,target_min_cov_det,4804,40,40,1.0,3785.3722755700283,6134.915656404842,3kW
3kW,3kW_turn_current_5p16pct,interturn,5.16,False,target_min_cov_det,4804,40,33,0.825,755.4671805604257,1975.0935339771638,3kW
3kW,3kW_turn_current_9p81pct,interturn,9.81,False,target_min_cov_det,4804,40,40,1.0,4701.683703541382,6122.252111563891,3kW
3kW,3kW_coil_current_0pct,intercoil,0.0,True,source_target_min_cov_det,20260820,14,0,0.0,139.3566879965887,202.59178899331118,3kW
3kW,3kW_coil_current_13p3pct,intercoil,13.3,False,source_target_min_cov_det,20260820,40,40,1.0,483573.1611859791,489005.9365010544,3kW
3kW,3kW_coil_current_23p48pct,intercoil,23.48,False,source_target_min_cov_det,20260820,40,40,1.0,484029.22109030915,490261.5246007574,3kW
3kW,3kW_coil_current_2p49pct,intercoil,2.49,False,source_target_min_cov_det,20260820,40,40,1.0,458748.5644107151,462939.7629970714,3kW
3kW,3kW_coil_current_2p98pct,intercoil,2.98,False,source_target_min_cov_det,20260820,40,40,1.0,483357.6887101635,491366.5001585451,3kW
3kW,3kW_coil_current_3p69pct,intercoil,3.69,False,source_target_min_cov_det,20260820,40,40,1.0,482048.8450125948,488287.37539280043,3kW
3kW,3kW_coil_current_4p86pct,intercoil,4.86,False,source_target_min_cov_det,20260820,40,40,1.0,483202.7580971361,489445.61135452765,3kW
3kW,3kW_coil_current_7p12pct,intercoil,7.12,False,source_target_min_cov_det,20260820,40,40,1.0,482325.24559529376,489307.145655931,3kW
3kW,3kW_turn_current_17p86pct,interturn,17.86,False,source_target_min_cov_det,20260820,40,25,0.625,3522.7969647929335,14379.229349267318,3kW
3kW,3kW_turn_current_1p78pct,interturn,1.78,False,source_target_min_cov_det,20260820,40,40,1.0,932.1193898866429,1114.615445867675,3kW
3kW,3kW_turn_current_2p13pct,interturn,2.13,False,source_target_min_cov_det,20260820,40,40,1.0,909.643700895375,1256.305864685757,3kW
3kW,3kW_turn_current_2p65pct,interturn,2.65,False,source_target_min_cov_det,20260820,40,19,0.475,211.22709816154557,308.64941170899607,3kW
3kW,3kW_turn_current_3p5pct,interturn,3.5,False,source_target_min_cov_det,20260820,40,40,1.0,938.3830662028831,1247.8350266796863,3kW
3kW,3kW_turn_current_5p16pct,interturn,5.16,False,source_target_min_cov_det,20260820,40,18,0.45,199.398751698735,289.92175970473687,3kW
3kW,3kW_turn_current_9p81pct,interturn,9.81,False,source_target_min_cov_det,20260820,40,40,1.0,988.4142440035384,1121.696088184279,3kW
3kW,3kW_coil_current_0pct,intercoil,0.0,True,source_target_min_cov_det,1201,14,0,0.0,135.5671155518857,199.344984192303,3kW
3kW,3kW_coil_current_13p3pct,intercoil,13.3,False,source_target_min_cov_det,1201,40,40,1.0,726023.6992507556,734840.430589599,3kW
3kW,3kW_coil_current_23p48pct,intercoil,23.48,False,source_target_min_cov_det,1201,40,40,1.0,729824.6240127438,739062.8319254296,3kW
3kW,3kW_coil_current_2p49pct,intercoil,2.49,False,source_target_min_cov_det,1201,40,40,1.0,680352.1830459677,687641.4519760454,3kW
3kW,3kW_coil_current_2p98pct,intercoil,2.98,False,source_target_min_cov_det,1201,40,40,1.0,726191.5009325658,739779.2200268493,3kW
3kW,3kW_coil_current_3p69pct,intercoil,3.69,False,source_target_min_cov_det,1201,40,40,1.0,723139.5128598947,734836.5030263155,3kW
3kW,3kW_coil_current_4p86pct,intercoil,4.86,False,source_target_min_cov_det,1201,40,40,1.0,724890.2378321181,734311.8425944045,3kW
3kW,3kW_coil_current_7p12pct,intercoil,7.12,False,source_target_min_cov_det,1201,40,40,1.0,724059.7118606751,735106.9556471364,3kW
3kW,3kW_turn_current_17p86pct,interturn,17.86,False,source_target_min_cov_det,1201,40,27,0.675,4166.232641179482,16775.639764542564,3kW
3kW,3kW_turn_current_1p78pct,interturn,1.78,False,source_target_min_cov_det,1201,40,40,1.0,951.6270140981112,1183.997400145484,3kW
3kW,3kW_turn_current_2p13pct,interturn,2.13,False,source_target_min_cov_det,1201,40,40,1.0,897.2841440003716,1154.5565041489983,3kW
3kW,3kW_turn_current_2p65pct,interturn,2.65,False,source_target_min_cov_det,1201,40,18,0.45,205.7529668352268,307.702062710207,3kW
3kW,3kW_turn_current_3p5pct,interturn,3.5,False,source_target_min_cov_det,1201,40,40,1.0,946.6584580298552,1261.4828934664145,3kW
3kW,3kW_turn_current_5p16pct,interturn,5.16,False,source_target_min_cov_det,1201,40,16,0.4,191.92149903865806,278.48181783081696,3kW
3kW,3kW_turn_current_9p81pct,interturn,9.81,False,source_target_min_cov_det,1201,40,40,1.0,1026.0644182043393,1190.287971869115,3kW
3kW,3kW_coil_current_0pct,intercoil,0.0,True,source_target_min_cov_det,2402,14,2,0.14285714285714285,186.46084359410693,286.01817291945,3kW
3kW,3kW_coil_current_13p3pct,intercoil,13.3,False,source_target_min_cov_det,2402,40,40,1.0,397955.3993610959,401915.8925048988,3kW
3kW,3kW_coil_current_23p48pct,intercoil,23.48,False,source_target_min_cov_det,2402,40,40,1.0,397274.94778838183,401499.1635463822,3kW
3kW,3kW_coil_current_2p49pct,intercoil,2.49,False,source_target_min_cov_det,2402,40,40,1.0,384114.83345499414,387909.33424455003,3kW
3kW,3kW_coil_current_2p98pct,intercoil,2.98,False,source_target_min_cov_det,2402,40,40,1.0,397722.0744623052,402738.6290805198,3kW
3kW,3kW_coil_current_3p69pct,intercoil,3.69,False,source_target_min_cov_det,2402,40,40,1.0,396882.638804837,400848.8006974314,3kW
3kW,3kW_coil_current_4p86pct,intercoil,4.86,False,source_target_min_cov_det,2402,40,40,1.0,397587.9124390855,402083.75529074756,3kW
3kW,3kW_coil_current_7p12pct,intercoil,7.12,False,source_target_min_cov_det,2402,40,40,1.0,397072.65960542083,401212.37720633234,3kW
3kW,3kW_turn_current_17p86pct,interturn,17.86,False,source_target_min_cov_det,2402,40,26,0.65,3016.332621172642,12147.87523801855,3kW
3kW,3kW_turn_current_1p78pct,interturn,1.78,False,source_target_min_cov_det,2402,40,40,1.0,1015.3651297830253,1296.9694373637726,3kW
3kW,3kW_turn_current_2p13pct,interturn,2.13,False,source_target_min_cov_det,2402,40,40,1.0,958.3603667466535,1265.8566997650707,3kW
3kW,3kW_turn_current_2p65pct,interturn,2.65,False,source_target_min_cov_det,2402,40,24,0.6,271.24096947020143,390.83172893176885,3kW
3kW,3kW_turn_current_3p5pct,interturn,3.5,False,source_target_min_cov_det,2402,40,40,1.0,1009.8985496428866,1479.765511802022,3kW
3kW,3kW_turn_current_5p16pct,interturn,5.16,False,source_target_min_cov_det,2402,40,29,0.725,297.3933786615411,408.6304836593462,3kW
3kW,3kW_turn_current_9p81pct,interturn,9.81,False,source_target_min_cov_det,2402,40,40,1.0,1016.2133361807134,1179.7131896480585,3kW
3kW,3kW_coil_current_0pct,intercoil,0.0,True,source_target_min_cov_det,3603,14,3,0.21428571428571427,225.1950352482314,332.7291563656325,3kW
3kW,3kW_coil_current_13p3pct,intercoil,13.3,False,source_target_min_cov_det,3603,40,40,1.0,465651.6064937273,470705.4268345239,3kW
3kW,3kW_coil_current_23p48pct,intercoil,23.48,False,source_target_min_cov_det,3603,40,40,1.0,465542.1604335822,471633.90245717065,3kW
3kW,3kW_coil_current_2p49pct,intercoil,2.49,False,source_target_min_cov_det,3603,40,40,1.0,442375.3096496238,446697.18027440016,3kW
3kW,3kW_coil_current_2p98pct,intercoil,2.98,False,source_target_min_cov_det,3603,40,40,1.0,465055.9684321863,471841.6913991125,3kW
3kW,3kW_coil_current_3p69pct,intercoil,3.69,False,source_target_min_cov_det,3603,40,40,1.0,464311.2892153246,470273.63036376203,3kW
3kW,3kW_coil_current_4p86pct,intercoil,4.86,False,source_target_min_cov_det,3603,40,40,1.0,465598.36605450214,471113.9608573153,3kW
3kW,3kW_coil_current_7p12pct,intercoil,7.12,False,source_target_min_cov_det,3603,40,40,1.0,464519.0328090242,470929.81023506675,3kW
3kW,3kW_turn_current_17p86pct,interturn,17.86,False,source_target_min_cov_det,3603,40,20,0.5,3226.1886404458137,13285.633280454784,3kW
3kW,3kW_turn_current_1p78pct,interturn,1.78,False,source_target_min_cov_det,3603,40,40,1.0,1331.5691573491576,1770.7026360025693,3kW
3kW,3kW_turn_current_2p13pct,interturn,2.13,False,source_target_min_cov_det,3603,40,40,1.0,1201.4517642353492,1527.5582512303436,3kW
3kW,3kW_turn_current_2p65pct,interturn,2.65,False,source_target_min_cov_det,3603,40,11,0.275,292.306306512812,396.5564009623022,3kW
3kW,3kW_turn_current_3p5pct,interturn,3.5,False,source_target_min_cov_det,3603,40,40,1.0,1330.723281188517,1869.4775996948688,3kW
3kW,3kW_turn_current_5p16pct,interturn,5.16,False,source_target_min_cov_det,3603,40,27,0.675,351.1799702483537,564.3738115730397,3kW
3kW,3kW_turn_current_9p81pct,interturn,9.81,False,source_target_min_cov_det,3603,40,40,1.0,1273.22539579512,1503.145828184876,3kW
3kW,3kW_coil_current_0pct,intercoil,0.0,True,source_target_min_cov_det,4804,14,1,0.07142857142857142,195.46539661887252,308.12563577903285,3kW
3kW,3kW_coil_current_13p3pct,intercoil,13.3,False,source_target_min_cov_det,4804,40,40,1.0,506362.774283727,512123.25455989223,3kW
3kW,3kW_coil_current_23p48pct,intercoil,23.48,False,source_target_min_cov_det,4804,40,40,1.0,506224.3518715586,512555.1142270116,3kW
3kW,3kW_coil_current_2p49pct,intercoil,2.49,False,source_target_min_cov_det,4804,40,40,1.0,480559.96447809675,485385.4686490632,3kW
3kW,3kW_coil_current_2p98pct,intercoil,2.98,False,source_target_min_cov_det,4804,40,40,1.0,506062.4539525941,513837.37421498244,3kW
3kW,3kW_coil_current_3p69pct,intercoil,3.69,False,source_target_min_cov_det,4804,40,40,1.0,504761.1494699316,510695.03875391296,3kW
3kW,3kW_coil_current_4p86pct,intercoil,4.86,False,source_target_min_cov_det,4804,40,40,1.0,505907.87992410985,512136.3256303006,3kW
3kW,3kW_coil_current_7p12pct,intercoil,7.12,False,source_target_min_cov_det,4804,40,40,1.0,505098.7466157874,511678.11471625575,3kW
3kW,3kW_turn_current_17p86pct,interturn,17.86,False,source_target_min_cov_det,4804,40,24,0.6,3160.178927786443,12927.590947226994,3kW
3kW,3kW_turn_current_1p78pct,interturn,1.78,False,source_target_min_cov_det,4804,40,40,1.0,1039.1581821995912,1308.2514465642057,3kW
3kW,3kW_turn_current_2p13pct,interturn,2.13,False,source_target_min_cov_det,4804,40,40,1.0,980.9581043555178,1276.1101672050868,3kW
3kW,3kW_turn_current_2p65pct,interturn,2.65,False,source_target_min_cov_det,4804,40,18,0.45,285.5334581948071,416.865442655893,3kW
3kW,3kW_turn_current_3p5pct,interturn,3.5,False,source_target_min_cov_det,4804,40,40,1.0,1051.6331357967579,1527.362751402033,3kW
3kW,3kW_turn_current_5p16pct,interturn,5.16,False,source_target_min_cov_det,4804,40,19,0.475,303.68081417637205,426.30347211202013,3kW
3kW,3kW_turn_current_9p81pct,interturn,9.81,False,source_target_min_cov_det,4804,40,40,1.0,1046.8024230042745,1197.6594579402513,3kW
