motor_id,record_id,fault_family,severity_percent,is_healthy,block_id,score,evaluation_role,p_value,alarm
1.5kW,1.5kW_coil_current_0pct,intercoil,0.0,True,0,43.99861795727897,adaptation,1.0,False
1.5kW,1.5kW_coil_current_0pct,intercoil,0.0,True,1,38.53073384533104,adaptation,1.0,False
1.5kW,1.5kW_coil_current_0pct,intercoil,0.0,True,2,49.61335927020623,adaptation,0.9508196721311475,False
1.5kW,1.5kW_coil_current_0pct,intercoil,0.0,True,3,45.980976441848775,adaptation,1.0,False
1.5kW,1.5kW_coil_current_0pct,intercoil,0.0,True,4,58.80602586691684,adaptation,0.8524590163934426,False
1.5kW,1.5kW_coil_current_0pct,intercoil,0.0,True,5,50.14868723011284,adaptation,0.9508196721311475,False
1.5kW,1.5kW_coil_current_0pct,intercoil,0.0,True,6,45.88485142864883,adaptation,1.0,False
1.5kW,1.5kW_coil_current_0pct,intercoil,0.0,True,7,36.711289876533314,adaptation,1.0,False
1.5kW,1.5kW_coil_current_0pct,intercoil,0.0,True,8,44.36588750858397,adaptation,1.0,False
1.5kW,1.5kW_coil_current_0pct,intercoil,0.0,True,9,37.35534309656799,adaptation,1.0,False
1.5kW,1.5kW_coil_current_0pct,intercoil,0.0,True,10,68.37763091143984,adaptation,0.6229508196721312,False
1.5kW,1.5kW_coil_current_0pct,intercoil,0.0,True,11,61.02567368025588,adaptation,0.7868852459016393,False
1.5kW,1.5kW_coil_current_0pct,intercoil,0.0,True,12,44.24011533716788,guard,1.0,False
1.5kW,1.5kW_coil_current_0pct,intercoil,0.0,True,13,59.40605066950633,calibration,0.819672131147541,False
1.5kW,1.5kW_coil_current_0pct,intercoil,0.0,True,14,53.21246681551395,calibration,0.9180327868852459,False
1.5kW,1.5kW_coil_current_0pct,intercoil,0.0,True,15,62.76487316631226,calibration,0.7049180327868853,False
1.5kW,1.5kW_coil_current_0pct,intercoil,0.0,True,16,48.35653944985062,calibration,0.9836065573770492,False
1.5kW,1.5kW_coil_current_0pct,intercoil,0.0,True,17,63.93761169965909,calibration,0.6721311475409836,False
1.5kW,1.5kW_coil_current_0pct,intercoil,0.0,True,18,52.21150549161184,calibration,0.9344262295081968,False
1.5kW,1.5kW_coil_current_0pct,intercoil,0.0,True,19,57.993446360050626,calibration,0.8852459016393442,False
1.5kW,1.5kW_coil_current_0pct,intercoil,0.0,True,20,48.03647384978784,calibration,1.0,False
1.5kW,1.5kW_coil_current_0pct,intercoil,0.0,True,21,72.89451363892762,calibration,0.6065573770491803,False
1.5kW,1.5kW_coil_current_0pct,intercoil,0.0,True,22,51.34585184471308,calibration,0.9508196721311475,False
1.5kW,1.5kW_coil_current_0pct,intercoil,0.0,True,23,58.9536840389524,calibration,0.8524590163934426,False
1.5kW,1.5kW_coil_current_0pct,intercoil,0.0,True,24,82.76257975386861,calibration,0.4426229508196721,False
1.5kW,1.5kW_coil_current_0pct,intercoil,0.0,True,25,59.06984506618295,calibration,0.8360655737704918,False
1.5kW,1.5kW_coil_current_0pct,intercoil,0.0,True,26,63.90403338269637,calibration,0.6885245901639344,False
1.5kW,1.5kW_coil_current_0pct,intercoil,0.0,True,27,76.14933673929806,calibration,0.4918032786885246,False
1.5kW,1.5kW_coil_current_0pct,intercoil,0.0,True,28,74.57478216667967,calibration,0.5409836065573771,False
1.5kW,1.5kW_coil_current_0pct,intercoil,0.0,True,29,143.70252135114566,calibration,0.14754098360655737,False
1.5kW,1.5kW_coil_current_0pct,intercoil,0.0,True,30,62.473212500444426,calibration,0.7377049180327869,False
1.5kW,1.5kW_coil_current_0pct,intercoil,0.0,True,31,61.38179445596175,calibration,0.7868852459016393,False
1.5kW,1.5kW_coil_current_0pct,intercoil,0.0,True,32,73.46102610757501,calibration,0.5901639344262295,False
1.5kW,1.5kW_coil_current_0pct,intercoil,0.0,True,33,70.42034836236557,calibration,0.6229508196721312,False
1.5kW,1.5kW_coil_current_0pct,intercoil,0.0,True,34,48.50195107047247,calibration,0.9672131147540983,False
1.5kW,1.5kW_coil_current_0pct,intercoil,0.0,True,35,78.97541204713734,calibration,0.47540983606557374,False
1.5kW,1.5kW_coil_current_0pct,intercoil,0.0,True,36,74.41470416048294,calibration,0.5573770491803278,False
1.5kW,1.5kW_coil_current_0pct,intercoil,0.0,True,37,75.36564151949894,calibration,0.5245901639344263,False
1.5kW,1.5kW_coil_current_0pct,intercoil,0.0,True,38,62.502222832760125,calibration,0.7213114754098361,False
1.5kW,1.5kW_coil_current_0pct,intercoil,0.0,True,39,83.93948756079104,calibration,0.4098360655737705,False
1.5kW,1.5kW_coil_current_0pct,intercoil,0.0,True,40,75.46487268161383,calibration,0.5081967213114754,False
1.5kW,1.5kW_coil_current_0pct,intercoil,0.0,True,41,140.3570668990355,calibration,0.16393442622950818,False
1.5kW,1.5kW_coil_current_0pct,intercoil,0.0,True,42,154.81384240781514,calibration,0.06557377049180328,False
1.5kW,1.5kW_coil_current_0pct,intercoil,0.0,True,43,60.613694735598216,calibration,0.8032786885245902,False
1.5kW,1.5kW_coil_current_0pct,intercoil,0.0,True,44,58.509153465216464,calibration,0.8688524590163934,False
1.5kW,1.5kW_coil_current_0pct,intercoil,0.0,True,45,90.47586803268447,calibration,0.3442622950819672,False
1.5kW,1.5kW_coil_current_0pct,intercoil,0.0,True,46,110.9001773230294,calibration,0.22950819672131148,False
1.5kW,1.5kW_coil_current_0pct,intercoil,0.0,True,47,87.60309302692033,calibration,0.36065573770491804,False
1.5kW,1.5kW_coil_current_0pct,intercoil,0.0,True,48,62.191683433316335,calibration,0.7704918032786885,False
1.5kW,1.5kW_coil_current_0pct,intercoil,0.0,True,49,85.11053229071828,calibration,0.39344262295081966,False
1.5kW,1.5kW_coil_current_0pct,intercoil,0.0,True,50,125.39587883765994,calibration,0.21311475409836064,False
1.5kW,1.5kW_coil_current_0pct,intercoil,0.0,True,51,93.29557006194754,calibration,0.3114754098360656,False
1.5kW,1.5kW_coil_current_0pct,intercoil,0.0,True,52,148.84976573438507,calibration,0.09836065573770492,False
1.5kW,1.5kW_coil_current_0pct,intercoil,0.0,True,53,140.2389140440206,calibration,0.18032786885245902,False
1.5kW,1.5kW_coil_current_0pct,intercoil,0.0,True,54,176.94403430386762,calibration,0.03278688524590164,True
1.5kW,1.5kW_coil_current_0pct,intercoil,0.0,True,55,62.2147979020708,calibration,0.7540983606557377,False
1.5kW,1.5kW_coil_current_0pct,intercoil,0.0,True,56,143.71008539577167,calibration,0.13114754098360656,False
1.5kW,1.5kW_coil_current_0pct,intercoil,0.0,True,57,107.53381246941474,calibration,0.2459016393442623,False
1.5kW,1.5kW_coil_current_0pct,intercoil,0.0,True,58,64.64191492814136,calibration,0.6557377049180327,False
1.5kW,1.5kW_coil_current_0pct,intercoil,0.0,True,59,93.22405245673738,calibration,0.32786885245901637,False
1.5kW,1.5kW_coil_current_0pct,intercoil,0.0,True,60,151.57274459221674,calibration,0.08196721311475409,False
1.5kW,1.5kW_coil_current_0pct,intercoil,0.0,True,61,138.83038540352197,calibration,0.19672131147540983,False
1.5kW,1.5kW_coil_current_0pct,intercoil,0.0,True,62,143.9021016584209,calibration,0.11475409836065574,False
1.5kW,1.5kW_coil_current_0pct,intercoil,0.0,True,63,101.70902537380674,calibration,0.2786885245901639,False
1.5kW,1.5kW_coil_current_0pct,intercoil,0.0,True,64,163.4826510718564,calibration,0.04918032786885246,True
1.5kW,1.5kW_coil_current_0pct,intercoil,0.0,True,65,100.18032030166763,calibration,0.29508196721311475,False
1.5kW,1.5kW_coil_current_0pct,intercoil,0.0,True,66,74.29767800568436,calibration,0.5737704918032787,False
1.5kW,1.5kW_coil_current_0pct,intercoil,0.0,True,67,87.54007150045011,calibration,0.3770491803278688,False
1.5kW,1.5kW_coil_current_0pct,intercoil,0.0,True,68,106.012862168094,calibration,0.26229508196721313,False
1.5kW,1.5kW_coil_current_0pct,intercoil,0.0,True,69,82.43350504372374,calibration,0.45901639344262296,False
1.5kW,1.5kW_coil_current_0pct,intercoil,0.0,True,70,66.48315952954674,calibration,0.639344262295082,False
1.5kW,1.5kW_coil_current_0pct,intercoil,0.0,True,71,82.9828352372347,calibration,0.4262295081967213,False
1.5kW,1.5kW_coil_current_0pct,intercoil,0.0,True,72,56.47061697836533,calibration,0.9016393442622951,False
1.5kW,1.5kW_coil_current_0pct,intercoil,0.0,True,73,130.92927085675973,guard,0.19672131147540983,False
1.5kW,1.5kW_coil_current_0pct,intercoil,0.0,True,74,56.32369693633795,healthy_test,0.9016393442622951,False
1.5kW,1.5kW_coil_current_0pct,intercoil,0.0,True,75,59.643809047065346,healthy_test,0.8032786885245902,False
1.5kW,1.5kW_coil_current_0pct,intercoil,0.0,True,76,69.1478910954513,healthy_test,0.6229508196721312,False
1.5kW,1.5kW_coil_current_0pct,intercoil,0.0,True,77,52.66286578869965,healthy_test,0.9180327868852459,False
1.5kW,1.5kW_coil_current_0pct,intercoil,0.0,True,78,114.08909561693066,healthy_test,0.21311475409836064,False
1.5kW,1.5kW_coil_current_0pct,intercoil,0.0,True,79,52.962243969597274,healthy_test,0.9180327868852459,False
1.5kW,1.5kW_coil_current_0pct,intercoil,0.0,True,80,59.63303584702924,healthy_test,0.8032786885245902,False
1.5kW,1.5kW_coil_current_0pct,intercoil,0.0,True,81,63.23834547956355,healthy_test,0.6885245901639344,False
1.5kW,1.5kW_coil_current_0pct,intercoil,0.0,True,82,39.45863065638542,healthy_test,1.0,False
1.5kW,1.5kW_coil_current_0pct,intercoil,0.0,True,83,63.689012857659584,healthy_test,0.6885245901639344,False
1.5kW,1.5kW_coil_current_0pct,intercoil,0.0,True,84,46.811729118318425,healthy_test,1.0,False
1.5kW,1.5kW_coil_current_0pct,intercoil,0.0,True,85,69.71165288467137,healthy_test,0.6229508196721312,False
1.5kW,1.5kW_coil_current_0pct,intercoil,0.0,True,86,40.00513869950825,healthy_test,1.0,False
1.5kW,1.5kW_coil_current_0pct,intercoil,0.0,True,87,63.83847760661962,healthy_test,0.6885245901639344,False
1.5kW,1.5kW_coil_current_0pct,intercoil,0.0,True,88,71.85749958408343,healthy_test,0.6065573770491803,False
1.5kW,1.5kW_coil_current_0pct,intercoil,0.0,True,89,53.38958649823742,healthy_test,0.9016393442622951,False
1.5kW,1.5kW_coil_current_0pct,intercoil,0.0,True,90,57.65469505974659,healthy_test,0.8852459016393442,False
1.5kW,1.5kW_coil_current_0pct,intercoil,0.0,True,91,51.61846825358768,healthy_test,0.9344262295081968,False
1.5kW,1.5kW_coil_current_0pct,intercoil,0.0,True,92,58.33053720000643,healthy_test,0.8688524590163934,False
1.5kW,1.5kW_coil_current_0pct,intercoil,0.0,True,93,48.429818939266575,healthy_test,0.9672131147540983,False
1.5kW,1.5kW_coil_current_0pct,intercoil,0.0,True,94,54.74303942120459,healthy_test,0.9016393442622951,False
1.5kW,1.5kW_coil_current_0pct,intercoil,0.0,True,95,99.20521944556214,healthy_test,0.29508196721311475,False
1.5kW,1.5kW_coil_current_0pct,intercoil,0.0,True,96,54.29007997560158,healthy_test,0.9016393442622951,False
1.5kW,1.5kW_coil_current_0pct,intercoil,0.0,True,97,44.02250660488561,healthy_test,1.0,False
1.5kW,1.5kW_coil_current_0pct,intercoil,0.0,True,98,92.91538909449636,healthy_test,0.32786885245901637,False
1.5kW,1.5kW_coil_current_0pct,intercoil,0.0,True,99,55.16497682532522,healthy_test,0.9016393442622951,False
1.5kW,1.5kW_coil_current_0pct,intercoil,0.0,True,100,55.90574455116544,healthy_test,0.9016393442622951,False
1.5kW,1.5kW_coil_current_0pct,intercoil,0.0,True,101,49.87808102123384,healthy_test,0.9508196721311475,False
1.5kW,1.5kW_coil_current_0pct,intercoil,0.0,True,102,66.34094705582578,healthy_test,0.639344262295082,False
1.5kW,1.5kW_coil_current_0pct,intercoil,0.0,True,103,50.73817844393395,healthy_test,0.9508196721311475,False
1.5kW,1.5kW_coil_current_0pct,intercoil,0.0,True,104,54.586986792642726,healthy_test,0.9016393442622951,False
1.5kW,1.5kW_coil_current_0pct,intercoil,0.0,True,105,54.960714171707934,healthy_test,0.9016393442622951,False
1.5kW,1.5kW_coil_current_0pct,intercoil,0.0,True,106,46.29973172192122,healthy_test,1.0,False
1.5kW,1.5kW_coil_current_0pct,intercoil,0.0,True,107,89.039371937647,healthy_test,0.3442622950819672,False
1.5kW,1.5kW_coil_current_0pct,intercoil,0.0,True,108,56.44379307655155,healthy_test,0.9016393442622951,False
1.5kW,1.5kW_coil_current_0pct,intercoil,0.0,True,109,71.74219296211527,healthy_test,0.6065573770491803,False
1.5kW,1.5kW_coil_current_0pct,intercoil,0.0,True,110,58.70276881946162,healthy_test,0.8524590163934426,False
1.5kW,1.5kW_coil_current_0pct,intercoil,0.0,True,111,59.780027511062485,healthy_test,0.8032786885245902,False
1.5kW,1.5kW_coil_current_0pct,intercoil,0.0,True,112,60.157848725007376,healthy_test,0.8032786885245902,False
1.5kW,1.5kW_coil_current_0pct,intercoil,0.0,True,113,87.46638521903549,healthy_test,0.3770491803278688,False
1.5kW,1.5kW_coil_current_0pct,intercoil,0.0,True,114,94.23663841151111,healthy_test,0.29508196721311475,False
1.5kW,1.5kW_coil_current_0pct,intercoil,0.0,True,115,60.94179238576502,healthy_test,0.7868852459016393,False
1.5kW,1.5kW_coil_current_0pct,intercoil,0.0,True,116,68.69558286189644,healthy_test,0.6229508196721312,False
1.5kW,1.5kW_coil_current_0pct,intercoil,0.0,True,117,83.67792590321642,healthy_test,0.4098360655737705,False
1.5kW,1.5kW_coil_current_0pct,intercoil,0.0,True,118,73.9627715259639,healthy_test,0.5737704918032787,False
1.5kW,1.5kW_coil_current_0pct,intercoil,0.0,True,119,64.6665326696222,healthy_test,0.639344262295082,False
1.5kW,1.5kW_coil_current_13p12pct,intercoil,13.12,False,0,202.489758914879,fault_test,0.01639344262295082,True
1.5kW,1.5kW_coil_current_13p12pct,intercoil,13.12,False,1,210.16347024228594,fault_test,0.01639344262295082,True
1.5kW,1.5kW_coil_current_13p12pct,intercoil,13.12,False,2,245.12131616158516,fault_test,0.01639344262295082,True
1.5kW,1.5kW_coil_current_13p12pct,intercoil,13.12,False,3,254.38830851637994,fault_test,0.01639344262295082,True
1.5kW,1.5kW_coil_current_13p12pct,intercoil,13.12,False,4,222.40368659785062,fault_test,0.01639344262295082,True
1.5kW,1.5kW_coil_current_13p12pct,intercoil,13.12,False,5,201.68154448184092,fault_test,0.01639344262295082,True
1.5kW,1.5kW_coil_current_13p12pct,intercoil,13.12,False,6,120.03960643235561,fault_test,0.21311475409836064,False
1.5kW,1.5kW_coil_current_13p12pct,intercoil,13.12,False,7,215.24756046312524,fault_test,0.01639344262295082,True
1.5kW,1.5kW_coil_current_13p12pct,intercoil,13.12,False,8,204.53934450478465,fault_test,0.01639344262295082,True
1.5kW,1.5kW_coil_current_13p12pct,intercoil,13.12,False,9,217.13111310918057,fault_test,0.01639344262295082,True
1.5kW,1.5kW_coil_current_13p12pct,intercoil,13.12,False,10,209.55947248496497,fault_test,0.01639344262295082,True
1.5kW,1.5kW_coil_current_13p12pct,intercoil,13.12,False,11,202.1795417435409,fault_test,0.01639344262295082,True
1.5kW,1.5kW_coil_current_13p12pct,intercoil,13.12,False,12,208.22694802542327,fault_test,0.01639344262295082,True
1.5kW,1.5kW_coil_current_13p12pct,intercoil,13.12,False,13,191.4407379598403,fault_test,0.01639344262295082,True
1.5kW,1.5kW_coil_current_13p12pct,intercoil,13.12,False,14,158.00734347713234,fault_test,0.04918032786885246,True
1.5kW,1.5kW_coil_current_13p12pct,intercoil,13.12,False,15,159.99678347721093,fault_test,0.04918032786885246,True
1.5kW,1.5kW_coil_current_13p12pct,intercoil,13.12,False,16,194.5611694504939,fault_test,0.01639344262295082,True
1.5kW,1.5kW_coil_current_13p12pct,intercoil,13.12,False,17,235.2069696899909,fault_test,0.01639344262295082,True
1.5kW,1.5kW_coil_current_13p12pct,intercoil,13.12,False,18,151.47100390000614,fault_test,0.08196721311475409,False
1.5kW,1.5kW_coil_current_13p12pct,intercoil,13.12,False,19,160.290507995569,fault_test,0.04918032786885246,True
1.5kW,1.5kW_coil_current_13p12pct,intercoil,13.12,False,20,234.25795901041627,fault_test,0.01639344262295082,True
1.5kW,1.5kW_coil_current_13p12pct,intercoil,13.12,False,21,155.9376523537096,fault_test,0.04918032786885246,True
1.5kW,1.5kW_coil_current_13p12pct,intercoil,13.12,False,22,213.14552140735566,fault_test,0.01639344262295082,True
1.5kW,1.5kW_coil_current_13p12pct,intercoil,13.12,False,23,166.57276759945103,fault_test,0.03278688524590164,True
1.5kW,1.5kW_coil_current_13p12pct,intercoil,13.12,False,24,212.14244356963724,fault_test,0.01639344262295082,True
1.5kW,1.5kW_coil_current_13p12pct,intercoil,13.12,False,25,269.93274000011985,fault_test,0.01639344262295082,True
1.5kW,1.5kW_coil_current_13p12pct,intercoil,13.12,False,26,207.32446862487208,fault_test,0.01639344262295082,True
1.5kW,1.5kW_coil_current_13p12pct,intercoil,13.12,False,27,169.12487733387945,fault_test,0.03278688524590164,True
1.5kW,1.5kW_coil_current_13p12pct,intercoil,13.12,False,28,198.01290327979828,fault_test,0.01639344262295082,True
1.5kW,1.5kW_coil_current_13p12pct,intercoil,13.12,False,29,197.5676623064337,fault_test,0.01639344262295082,True
1.5kW,1.5kW_coil_current_13p12pct,intercoil,13.12,False,30,236.52064904010427,fault_test,0.01639344262295082,True
1.5kW,1.5kW_coil_current_13p12pct,intercoil,13.12,False,31,112.56888620272241,fault_test,0.21311475409836064,False
1.5kW,1.5kW_coil_current_13p12pct,intercoil,13.12,False,32,177.6831163323165,fault_test,0.01639344262295082,True
1.5kW,1.5kW_coil_current_13p12pct,intercoil,13.12,False,33,172.92871396666635,fault_test,0.03278688524590164,True
1.5kW,1.5kW_coil_current_13p12pct,intercoil,13.12,False,34,134.20376044522052,fault_test,0.19672131147540983,False
1.5kW,1.5kW_coil_current_13p12pct,intercoil,13.12,False,35,165.72894011975686,fault_test,0.03278688524590164,True
1.5kW,1.5kW_coil_current_13p12pct,intercoil,13.12,False,36,134.74196438473098,fault_test,0.19672131147540983,False
1.5kW,1.5kW_coil_current_13p12pct,intercoil,13.12,False,37,167.87579249764863,fault_test,0.03278688524590164,True
1.5kW,1.5kW_coil_current_13p12pct,intercoil,13.12,False,38,130.4359816548703,fault_test,0.19672131147540983,False
1.5kW,1.5kW_coil_current_13p12pct,intercoil,13.12,False,39,147.84028137752642,fault_test,0.09836065573770492,False
1.5kW,1.5kW_coil_current_13p12pct,intercoil,13.12,False,40,99.74859158610481,fault_test,0.29508196721311475,False
1.5kW,1.5kW_coil_current_13p12pct,intercoil,13.12,False,41,129.4409470490945,fault_test,0.19672131147540983,False
1.5kW,1.5kW_coil_current_13p12pct,intercoil,13.12,False,42,102.16753043592783,fault_test,0.26229508196721313,False
1.5kW,1.5kW_coil_current_13p12pct,intercoil,13.12,False,43,87.70283315689072,fault_test,0.3442622950819672,False
1.5kW,1.5kW_coil_current_13p12pct,intercoil,13.12,False,44,181.56775154175315,fault_test,0.01639344262295082,True
1.5kW,1.5kW_coil_current_13p12pct,intercoil,13.12,False,45,85.04178163544859,fault_test,0.39344262295081966,False
1.5kW,1.5kW_coil_current_13p12pct,intercoil,13.12,False,46,70.28519738451317,fault_test,0.6229508196721312,False
1.5kW,1.5kW_coil_current_13p12pct,intercoil,13.12,False,47,114.55232724622095,fault_test,0.21311475409836064,False
1.5kW,1.5kW_coil_current_13p12pct,intercoil,13.12,False,48,133.0816676922048,fault_test,0.19672131147540983,False
1.5kW,1.5kW_coil_current_13p12pct,intercoil,13.12,False,49,78.66248076342892,fault_test,0.47540983606557374,False
1.5kW,1.5kW_coil_current_13p12pct,intercoil,13.12,False,50,109.08135214879175,fault_test,0.22950819672131148,False
1.5kW,1.5kW_coil_current_13p12pct,intercoil,13.12,False,51,140.59725526484698,fault_test,0.14754098360655737,False
1.5kW,1.5kW_coil_current_13p12pct,intercoil,13.12,False,52,102.43883357856971,fault_test,0.26229508196721313,False
1.5kW,1.5kW_coil_current_13p12pct,intercoil,13.12,False,53,97.97089166983702,fault_test,0.29508196721311475,False
1.5kW,1.5kW_coil_current_13p12pct,intercoil,13.12,False,54,109.09398122678547,fault_test,0.22950819672131148,False
1.5kW,1.5kW_coil_current_13p12pct,intercoil,13.12,False,55,92.62279951852999,fault_test,0.32786885245901637,False
1.5kW,1.5kW_coil_current_13p12pct,intercoil,13.12,False,56,148.5441097224905,fault_test,0.09836065573770492,False
1.5kW,1.5kW_coil_current_13p12pct,intercoil,13.12,False,57,93.67277189688474,fault_test,0.29508196721311475,False
1.5kW,1.5kW_coil_current_13p12pct,intercoil,13.12,False,58,94.6696286923951,fault_test,0.29508196721311475,False
1.5kW,1.5kW_coil_current_13p12pct,intercoil,13.12,False,59,105.43261753359792,fault_test,0.26229508196721313,False
1.5kW,1.5kW_coil_current_13p12pct,intercoil,13.12,False,60,116.59880696001488,fault_test,0.21311475409836064,False
1.5kW,1.5kW_coil_current_13p12pct,intercoil,13.12,False,61,123.6410572200194,fault_test,0.21311475409836064,False
1.5kW,1.5kW_coil_current_13p12pct,intercoil,13.12,False,62,90.06356904399344,fault_test,0.3442622950819672,False
1.5kW,1.5kW_coil_current_13p12pct,intercoil,13.12,False,63,126.13676640786701,fault_test,0.19672131147540983,False
1.5kW,1.5kW_coil_current_13p12pct,intercoil,13.12,False,64,120.05303854190105,fault_test,0.21311475409836064,False
1.5kW,1.5kW_coil_current_13p12pct,intercoil,13.12,False,65,150.43843974204634,fault_test,0.08196721311475409,False
1.5kW,1.5kW_coil_current_13p12pct,intercoil,13.12,False,66,96.04432043994741,fault_test,0.29508196721311475,False
1.5kW,1.5kW_coil_current_13p12pct,intercoil,13.12,False,67,122.65313663806101,fault_test,0.21311475409836064,False
1.5kW,1.5kW_coil_current_13p12pct,intercoil,13.12,False,68,95.51365887614199,fault_test,0.29508196721311475,False
1.5kW,1.5kW_coil_current_13p12pct,intercoil,13.12,False,69,119.46755664307929,fault_test,0.21311475409836064,False
1.5kW,1.5kW_coil_current_13p12pct,intercoil,13.12,False,70,88.81273637953369,fault_test,0.3442622950819672,False
1.5kW,1.5kW_coil_current_13p12pct,intercoil,13.12,False,71,129.7789267098695,fault_test,0.19672131147540983,False
1.5kW,1.5kW_coil_current_13p12pct,intercoil,13.12,False,72,130.58454372938635,fault_test,0.19672131147540983,False
1.5kW,1.5kW_coil_current_13p12pct,intercoil,13.12,False,73,128.685065964466,fault_test,0.19672131147540983,False
1.5kW,1.5kW_coil_current_13p12pct,intercoil,13.12,False,74,132.24090173477924,fault_test,0.19672131147540983,False
1.5kW,1.5kW_coil_current_13p12pct,intercoil,13.12,False,75,154.9062879566679,fault_test,0.04918032786885246,True
1.5kW,1.5kW_coil_current_13p12pct,intercoil,13.12,False,76,122.6715984570547,fault_test,0.21311475409836064,False
1.5kW,1.5kW_coil_current_13p12pct,intercoil,13.12,False,77,239.6779925253221,fault_test,0.01639344262295082,True
1.5kW,1.5kW_coil_current_13p12pct,intercoil,13.12,False,78,129.10531372674754,fault_test,0.19672131147540983,False
1.5kW,1.5kW_coil_current_13p12pct,intercoil,13.12,False,79,116.25343216861799,fault_test,0.21311475409836064,False
1.5kW,1.5kW_coil_current_13p12pct,intercoil,13.12,False,80,166.05429102227077,fault_test,0.03278688524590164,True
1.5kW,1.5kW_coil_current_13p12pct,intercoil,13.12,False,81,137.69766207453185,fault_test,0.19672131147540983,False
1.5kW,1.5kW_coil_current_13p12pct,intercoil,13.12,False,82,125.82697723997026,fault_test,0.19672131147540983,False
1.5kW,1.5kW_coil_current_13p12pct,intercoil,13.12,False,83,235.29105157531637,fault_test,0.01639344262295082,True
1.5kW,1.5kW_coil_current_13p12pct,intercoil,13.12,False,84,212.50989670707366,fault_test,0.01639344262295082,True
1.5kW,1.5kW_coil_current_13p12pct,intercoil,13.12,False,85,245.3041836716008,fault_test,0.01639344262295082,True
1.5kW,1.5kW_coil_current_13p12pct,intercoil,13.12,False,86,128.21267962497458,fault_test,0.19672131147540983,False
1.5kW,1.5kW_coil_current_13p12pct,intercoil,13.12,False,87,168.3142597546471,fault_test,0.03278688524590164,True
1.5kW,1.5kW_coil_current_13p12pct,intercoil,13.12,False,88,151.88781284779097,fault_test,0.06557377049180328,False
1.5kW,1.5kW_coil_current_13p12pct,intercoil,13.12,False,89,196.56546713999558,fault_test,0.01639344262295082,True
1.5kW,1.5kW_coil_current_13p12pct,intercoil,13.12,False,90,164.11713407927687,fault_test,0.03278688524590164,True
1.5kW,1.5kW_coil_current_13p12pct,intercoil,13.12,False,91,217.19590600685657,fault_test,0.01639344262295082,True
1.5kW,1.5kW_coil_current_13p12pct,intercoil,13.12,False,92,171.36966446627832,fault_test,0.03278688524590164,True
1.5kW,1.5kW_coil_current_13p12pct,intercoil,13.12,False,93,138.3751483691537,fault_test,0.19672131147540983,False
1.5kW,1.5kW_coil_current_13p12pct,intercoil,13.12,False,94,143.90719799357765,fault_test,0.09836065573770492,False
1.5kW,1.5kW_coil_current_13p12pct,intercoil,13.12,False,95,195.34608821601537,fault_test,0.01639344262295082,True
1.5kW,1.5kW_coil_current_13p12pct,intercoil,13.12,False,96,177.28316433956914,fault_test,0.01639344262295082,True
1.5kW,1.5kW_coil_current_13p12pct,intercoil,13.12,False,97,116.35014701691661,fault_test,0.21311475409836064,False
1.5kW,1.5kW_coil_current_13p12pct,intercoil,13.12,False,98,213.28592744323961,fault_test,0.01639344262295082,True
1.5kW,1.5kW_coil_current_13p12pct,intercoil,13.12,False,99,205.01418528407243,fault_test,0.01639344262295082,True
1.5kW,1.5kW_coil_current_13p12pct,intercoil,13.12,False,100,238.36287883454295,fault_test,0.01639344262295082,True
1.5kW,1.5kW_coil_current_13p12pct,intercoil,13.12,False,101,173.7032674080653,fault_test,0.03278688524590164,True
1.5kW,1.5kW_coil_current_13p12pct,intercoil,13.12,False,102,170.62660351644033,fault_test,0.03278688524590164,True
1.5kW,1.5kW_coil_current_13p12pct,intercoil,13.12,False,103,127.84179728038798,fault_test,0.19672131147540983,False
1.5kW,1.5kW_coil_current_13p12pct,intercoil,13.12,False,104,249.02832981443703,fault_test,0.01639344262295082,True
1.5kW,1.5kW_coil_current_13p12pct,intercoil,13.12,False,105,191.39170832954713,fault_test,0.01639344262295082,True
1.5kW,1.5kW_coil_current_13p12pct,intercoil,13.12,False,106,203.41395884028944,fault_test,0.01639344262295082,True
1.5kW,1.5kW_coil_current_13p12pct,intercoil,13.12,False,107,181.61212124270685,fault_test,0.01639344262295082,True
1.5kW,1.5kW_coil_current_13p12pct,intercoil,13.12,False,108,294.5473454116065,fault_test,0.01639344262295082,True
1.5kW,1.5kW_coil_current_13p12pct,intercoil,13.12,False,109,175.40512424436292,fault_test,0.03278688524590164,True
1.5kW,1.5kW_coil_current_13p12pct,intercoil,13.12,False,110,232.32374375057478,fault_test,0.01639344262295082,True
1.5kW,1.5kW_coil_current_13p12pct,intercoil,13.12,False,111,265.0680304341909,fault_test,0.01639344262295082,True
1.5kW,1.5kW_coil_current_13p12pct,intercoil,13.12,False,112,182.49888544482675,fault_test,0.01639344262295082,True
1.5kW,1.5kW_coil_current_13p12pct,intercoil,13.12,False,113,170.46577279720685,fault_test,0.03278688524590164,True
1.5kW,1.5kW_coil_current_13p12pct,intercoil,13.12,False,114,226.33438463604455,fault_test,0.01639344262295082,True
1.5kW,1.5kW_coil_current_13p12pct,intercoil,13.12,False,115,144.83577342970497,fault_test,0.09836065573770492,False
1.5kW,1.5kW_coil_current_13p12pct,intercoil,13.12,False,116,242.70220692277098,fault_test,0.01639344262295082,True
1.5kW,1.5kW_coil_current_13p12pct,intercoil,13.12,False,117,129.10486497161168,fault_test,0.19672131147540983,False
1.5kW,1.5kW_coil_current_13p12pct,intercoil,13.12,False,118,213.72345432083355,fault_test,0.01639344262295082,True
1.5kW,1.5kW_coil_current_13p12pct,intercoil,13.12,False,119,215.6542256593603,fault_test,0.01639344262295082,True
1.5kW,1.5kW_coil_current_23p2pct,intercoil,23.2,False,0,601.8459026159616,fault_test,0.01639344262295082,True
1.5kW,1.5kW_coil_current_23p2pct,intercoil,23.2,False,1,632.1484729483786,fault_test,0.01639344262295082,True
1.5kW,1.5kW_coil_current_23p2pct,intercoil,23.2,False,2,625.327168938957,fault_test,0.01639344262295082,True
1.5kW,1.5kW_coil_current_23p2pct,intercoil,23.2,False,3,642.2628057557183,fault_test,0.01639344262295082,True
1.5kW,1.5kW_coil_current_23p2pct,intercoil,23.2,False,4,610.8379619290968,fault_test,0.01639344262295082,True
1.5kW,1.5kW_coil_current_23p2pct,intercoil,23.2,False,5,643.5617791369564,fault_test,0.01639344262295082,True
1.5kW,1.5kW_coil_current_23p2pct,intercoil,23.2,False,6,646.4488096688247,fault_test,0.01639344262295082,True
1.5kW,1.5kW_coil_current_23p2pct,intercoil,23.2,False,7,664.0412499490799,fault_test,0.01639344262295082,True
1.5kW,1.5kW_coil_current_23p2pct,intercoil,23.2,False,8,736.021984155021,fault_test,0.01639344262295082,True
1.5kW,1.5kW_coil_current_23p2pct,intercoil,23.2,False,9,691.912023409627,fault_test,0.01639344262295082,True
1.5kW,1.5kW_coil_current_23p2pct,intercoil,23.2,False,10,649.8092214747833,fault_test,0.01639344262295082,True
1.5kW,1.5kW_coil_current_23p2pct,intercoil,23.2,False,11,584.3099004429585,fault_test,0.01639344262295082,True
1.5kW,1.5kW_coil_current_23p2pct,intercoil,23.2,False,12,645.8095774602484,fault_test,0.01639344262295082,True
1.5kW,1.5kW_coil_current_23p2pct,intercoil,23.2,False,13,657.0670067677765,fault_test,0.01639344262295082,True
1.5kW,1.5kW_coil_current_23p2pct,intercoil,23.2,False,14,767.47416135439,fault_test,0.01639344262295082,True
1.5kW,1.5kW_coil_current_23p2pct,intercoil,23.2,False,15,676.6336029768582,fault_test,0.01639344262295082,True
1.5kW,1.5kW_coil_current_23p2pct,intercoil,23.2,False,16,659.6682138042145,fault_test,0.01639344262295082,True
1.5kW,1.5kW_coil_current_23p2pct,intercoil,23.2,False,17,674.5458207856428,fault_test,0.01639344262295082,True
1.5kW,1.5kW_coil_current_23p2pct,intercoil,23.2,False,18,693.4640856918636,fault_test,0.01639344262295082,True
1.5kW,1.5kW_coil_current_23p2pct,intercoil,23.2,False,19,663.2559140280737,fault_test,0.01639344262295082,True
1.5kW,1.5kW_coil_current_23p2pct,intercoil,23.2,False,20,693.7654443276201,fault_test,0.01639344262295082,True
1.5kW,1.5kW_coil_current_23p2pct,intercoil,23.2,False,21,721.1913302119015,fault_test,0.01639344262295082,True
1.5kW,1.5kW_coil_current_23p2pct,intercoil,23.2,False,22,646.6809130259974,fault_test,0.01639344262295082,True
1.5kW,1.5kW_coil_current_23p2pct,intercoil,23.2,False,23,676.6754082559565,fault_test,0.01639344262295082,True
1.5kW,1.5kW_coil_current_23p2pct,intercoil,23.2,False,24,714.1379096955304,fault_test,0.01639344262295082,True
1.5kW,1.5kW_coil_current_23p2pct,intercoil,23.2,False,25,729.094508905892,fault_test,0.01639344262295082,True
1.5kW,1.5kW_coil_current_23p2pct,intercoil,23.2,False,26,647.1056933647233,fault_test,0.01639344262295082,True
1.5kW,1.5kW_coil_current_23p2pct,intercoil,23.2,False,27,631.6665763379931,fault_test,0.01639344262295082,True
1.5kW,1.5kW_coil_current_23p2pct,intercoil,23.2,False,28,747.5454416149578,fault_test,0.01639344262295082,True
1.5kW,1.5kW_coil_current_23p2pct,intercoil,23.2,False,29,633.8583035795948,fault_test,0.01639344262295082,True
1.5kW,1.5kW_coil_current_23p2pct,intercoil,23.2,False,30,736.962222133751,fault_test,0.01639344262295082,True
1.5kW,1.5kW_coil_current_23p2pct,intercoil,23.2,False,31,629.6654068722453,fault_test,0.01639344262295082,True
1.5kW,1.5kW_coil_current_23p2pct,intercoil,23.2,False,32,823.473381361326,fault_test,0.01639344262295082,True
1.5kW,1.5kW_coil_current_23p2pct,intercoil,23.2,False,33,728.8816690374122,fault_test,0.01639344262295082,True
1.5kW,1.5kW_coil_current_23p2pct,intercoil,23.2,False,34,660.380856360188,fault_test,0.01639344262295082,True
1.5kW,1.5kW_coil_current_23p2pct,intercoil,23.2,False,35,723.4429593050035,fault_test,0.01639344262295082,True
1.5kW,1.5kW_coil_current_23p2pct,intercoil,23.2,False,36,719.4856097427664,fault_test,0.01639344262295082,True
1.5kW,1.5kW_coil_current_23p2pct,intercoil,23.2,False,37,697.6879439393886,fault_test,0.01639344262295082,True
1.5kW,1.5kW_coil_current_23p2pct,intercoil,23.2,False,38,689.0977392574907,fault_test,0.01639344262295082,True
1.5kW,1.5kW_coil_current_23p2pct,intercoil,23.2,False,39,684.535260048772,fault_test,0.01639344262295082,True
1.5kW,1.5kW_coil_current_23p2pct,intercoil,23.2,False,40,693.3120437863208,fault_test,0.01639344262295082,True
1.5kW,1.5kW_coil_current_23p2pct,intercoil,23.2,False,41,601.4483051267857,fault_test,0.01639344262295082,True
1.5kW,1.5kW_coil_current_23p2pct,intercoil,23.2,False,42,641.0255115414664,fault_test,0.01639344262295082,True
1.5kW,1.5kW_coil_current_23p2pct,intercoil,23.2,False,43,766.1037469999508,fault_test,0.01639344262295082,True
1.5kW,1.5kW_coil_current_23p2pct,intercoil,23.2,False,44,665.3701019399871,fault_test,0.01639344262295082,True
1.5kW,1.5kW_coil_current_23p2pct,intercoil,23.2,False,45,732.5878530004404,fault_test,0.01639344262295082,True
1.5kW,1.5kW_coil_current_23p2pct,intercoil,23.2,False,46,666.6624174131755,fault_test,0.01639344262295082,True
1.5kW,1.5kW_coil_current_23p2pct,intercoil,23.2,False,47,687.210119088984,fault_test,0.01639344262295082,True
1.5kW,1.5kW_coil_current_23p2pct,intercoil,23.2,False,48,696.2542718674612,fault_test,0.01639344262295082,True
1.5kW,1.5kW_coil_current_23p2pct,intercoil,23.2,False,49,687.8632583906934,fault_test,0.01639344262295082,True
1.5kW,1.5kW_coil_current_23p2pct,intercoil,23.2,False,50,676.2281731960909,fault_test,0.01639344262295082,True
1.5kW,1.5kW_coil_current_23p2pct,intercoil,23.2,False,51,643.5015601682763,fault_test,0.01639344262295082,True
1.5kW,1.5kW_coil_current_23p2pct,intercoil,23.2,False,52,673.8353110130017,fault_test,0.01639344262295082,True
1.5kW,1.5kW_coil_current_23p2pct,intercoil,23.2,False,53,639.0438170345551,fault_test,0.01639344262295082,True
1.5kW,1.5kW_coil_current_23p2pct,intercoil,23.2,False,54,669.2830995360389,fault_test,0.01639344262295082,True
1.5kW,1.5kW_coil_current_23p2pct,intercoil,23.2,False,55,669.9007826278088,fault_test,0.01639344262295082,True
1.5kW,1.5kW_coil_current_23p2pct,intercoil,23.2,False,56,709.3648062899425,fault_test,0.01639344262295082,True
1.5kW,1.5kW_coil_current_23p2pct,intercoil,23.2,False,57,755.7227842062589,fault_test,0.01639344262295082,True
1.5kW,1.5kW_coil_current_23p2pct,intercoil,23.2,False,58,757.3987049394942,fault_test,0.01639344262295082,True
1.5kW,1.5kW_coil_current_23p2pct,intercoil,23.2,False,59,608.557012877687,fault_test,0.01639344262295082,True
1.5kW,1.5kW_coil_current_23p2pct,intercoil,23.2,False,60,637.3124373210543,fault_test,0.01639344262295082,True
1.5kW,1.5kW_coil_current_23p2pct,intercoil,23.2,False,61,641.7781032003314,fault_test,0.01639344262295082,True
1.5kW,1.5kW_coil_current_23p2pct,intercoil,23.2,False,62,621.2190790845075,fault_test,0.01639344262295082,True
1.5kW,1.5kW_coil_current_23p2pct,intercoil,23.2,False,63,676.4266987723304,fault_test,0.01639344262295082,True
1.5kW,1.5kW_coil_current_23p2pct,intercoil,23.2,False,64,612.0094159054198,fault_test,0.01639344262295082,True
1.5kW,1.5kW_coil_current_23p2pct,intercoil,23.2,False,65,752.4041517806507,fault_test,0.01639344262295082,True
1.5kW,1.5kW_coil_current_23p2pct,intercoil,23.2,False,66,711.0930256793005,fault_test,0.01639344262295082,True
1.5kW,1.5kW_coil_current_23p2pct,intercoil,23.2,False,67,629.6709798084627,fault_test,0.01639344262295082,True
1.5kW,1.5kW_coil_current_23p2pct,intercoil,23.2,False,68,716.1968750812674,fault_test,0.01639344262295082,True
1.5kW,1.5kW_coil_current_23p2pct,intercoil,23.2,False,69,677.4878545425626,fault_test,0.01639344262295082,True
1.5kW,1.5kW_coil_current_23p2pct,intercoil,23.2,False,70,774.1714919157482,fault_test,0.01639344262295082,True
1.5kW,1.5kW_coil_current_23p2pct,intercoil,23.2,False,71,731.4878722908647,fault_test,0.01639344262295082,True
1.5kW,1.5kW_coil_current_23p2pct,intercoil,23.2,False,72,629.9327349785917,fault_test,0.01639344262295082,True
1.5kW,1.5kW_coil_current_23p2pct,intercoil,23.2,False,73,676.3426871985856,fault_test,0.01639344262295082,True
1.5kW,1.5kW_coil_current_23p2pct,intercoil,23.2,False,74,754.2432016445252,fault_test,0.01639344262295082,True
1.5kW,1.5kW_coil_current_23p2pct,intercoil,23.2,False,75,665.3648890275617,fault_test,0.01639344262295082,True
1.5kW,1.5kW_coil_current_23p2pct,intercoil,23.2,False,76,837.4919691613668,fault_test,0.01639344262295082,True
1.5kW,1.5kW_coil_current_23p2pct,intercoil,23.2,False,77,763.5445051111323,fault_test,0.01639344262295082,True
1.5kW,1.5kW_coil_current_23p2pct,intercoil,23.2,False,78,677.868771833133,fault_test,0.01639344262295082,True
1.5kW,1.5kW_coil_current_23p2pct,intercoil,23.2,False,79,713.1303684979241,fault_test,0.01639344262295082,True
1.5kW,1.5kW_coil_current_23p2pct,intercoil,23.2,False,80,644.2157101775101,fault_test,0.01639344262295082,True
1.5kW,1.5kW_coil_current_23p2pct,intercoil,23.2,False,81,678.9327708923627,fault_test,0.01639344262295082,True
1.5kW,1.5kW_coil_current_23p2pct,intercoil,23.2,False,82,772.6269182418635,fault_test,0.01639344262295082,True
1.5kW,1.5kW_coil_current_23p2pct,intercoil,23.2,False,83,791.6881887230833,fault_test,0.01639344262295082,True
1.5kW,1.5kW_coil_current_23p2pct,intercoil,23.2,False,84,674.6362592273338,fault_test,0.01639344262295082,True
1.5kW,1.5kW_coil_current_23p2pct,intercoil,23.2,False,85,763.4349722312149,fault_test,0.01639344262295082,True
1.5kW,1.5kW_coil_current_23p2pct,intercoil,23.2,False,86,712.7176632341672,fault_test,0.01639344262295082,True
1.5kW,1.5kW_coil_current_23p2pct,intercoil,23.2,False,87,652.4561526328082,fault_test,0.01639344262295082,True
1.5kW,1.5kW_coil_current_23p2pct,intercoil,23.2,False,88,644.9840158481086,fault_test,0.01639344262295082,True
1.5kW,1.5kW_coil_current_23p2pct,intercoil,23.2,False,89,745.7560997959954,fault_test,0.01639344262295082,True
1.5kW,1.5kW_coil_current_23p2pct,intercoil,23.2,False,90,712.5084237625229,fault_test,0.01639344262295082,True
1.5kW,1.5kW_coil_current_23p2pct,intercoil,23.2,False,91,722.8051819749694,fault_test,0.01639344262295082,True
1.5kW,1.5kW_coil_current_23p2pct,intercoil,23.2,False,92,682.1201704371541,fault_test,0.01639344262295082,True
1.5kW,1.5kW_coil_current_23p2pct,intercoil,23.2,False,93,719.6688211164104,fault_test,0.01639344262295082,True
1.5kW,1.5kW_coil_current_23p2pct,intercoil,23.2,False,94,598.9098601851301,fault_test,0.01639344262295082,True
1.5kW,1.5kW_coil_current_23p2pct,intercoil,23.2,False,95,710.6688218981093,fault_test,0.01639344262295082,True
1.5kW,1.5kW_coil_current_23p2pct,intercoil,23.2,False,96,605.0283152282927,fault_test,0.01639344262295082,True
1.5kW,1.5kW_coil_current_23p2pct,intercoil,23.2,False,97,694.8360686732926,fault_test,0.01639344262295082,True
1.5kW,1.5kW_coil_current_23p2pct,intercoil,23.2,False,98,741.8657925549469,fault_test,0.01639344262295082,True
1.5kW,1.5kW_coil_current_23p2pct,intercoil,23.2,False,99,706.210774873889,fault_test,0.01639344262295082,True
1.5kW,1.5kW_coil_current_23p2pct,intercoil,23.2,False,100,661.0858675481757,fault_test,0.01639344262295082,True
1.5kW,1.5kW_coil_current_23p2pct,intercoil,23.2,False,101,818.4471239974118,fault_test,0.01639344262295082,True
1.5kW,1.5kW_coil_current_23p2pct,intercoil,23.2,False,102,626.1749838476774,fault_test,0.01639344262295082,True
1.5kW,1.5kW_coil_current_23p2pct,intercoil,23.2,False,103,670.6729769355134,fault_test,0.01639344262295082,True
1.5kW,1.5kW_coil_current_23p2pct,intercoil,23.2,False,104,701.7129651256147,fault_test,0.01639344262295082,True
1.5kW,1.5kW_coil_current_23p2pct,intercoil,23.2,False,105,617.2211100575028,fault_test,0.01639344262295082,True
1.5kW,1.5kW_coil_current_23p2pct,intercoil,23.2,False,106,692.5069728393534,fault_test,0.01639344262295082,True
1.5kW,1.5kW_coil_current_23p2pct,intercoil,23.2,False,107,701.7873523596093,fault_test,0.01639344262295082,True
1.5kW,1.5kW_coil_current_23p2pct,intercoil,23.2,False,108,700.926256407441,fault_test,0.01639344262295082,True
1.5kW,1.5kW_coil_current_23p2pct,intercoil,23.2,False,109,680.8016564745612,fault_test,0.01639344262295082,True
1.5kW,1.5kW_coil_current_23p2pct,intercoil,23.2,False,110,679.1786301318011,fault_test,0.01639344262295082,True
1.5kW,1.5kW_coil_current_23p2pct,intercoil,23.2,False,111,674.2316027956188,fault_test,0.01639344262295082,True
1.5kW,1.5kW_coil_current_23p2pct,intercoil,23.2,False,112,705.6154233825853,fault_test,0.01639344262295082,True
1.5kW,1.5kW_coil_current_23p2pct,intercoil,23.2,False,113,706.1267368591305,fault_test,0.01639344262295082,True
1.5kW,1.5kW_coil_current_23p2pct,intercoil,23.2,False,114,717.3778706892579,fault_test,0.01639344262295082,True
1.5kW,1.5kW_coil_current_23p2pct,intercoil,23.2,False,115,693.0150164972895,fault_test,0.01639344262295082,True
1.5kW,1.5kW_coil_current_23p2pct,intercoil,23.2,False,116,692.5112506503052,fault_test,0.01639344262295082,True
1.5kW,1.5kW_coil_current_23p2pct,intercoil,23.2,False,117,694.1292266578292,fault_test,0.01639344262295082,True
1.5kW,1.5kW_coil_current_23p2pct,intercoil,23.2,False,118,665.857992012945,fault_test,0.01639344262295082,True
1.5kW,1.5kW_coil_current_23p2pct,intercoil,23.2,False,119,654.9137237763548,fault_test,0.01639344262295082,True
1.5kW,1.5kW_coil_current_37p66pct,intercoil,37.66,False,0,220.63601945673096,fault_test,0.01639344262295082,True
1.5kW,1.5kW_coil_current_37p66pct,intercoil,37.66,False,1,275.5822766190022,fault_test,0.01639344262295082,True
1.5kW,1.5kW_coil_current_37p66pct,intercoil,37.66,False,2,245.9619827555328,fault_test,0.01639344262295082,True
1.5kW,1.5kW_coil_current_37p66pct,intercoil,37.66,False,3,249.0774479308172,fault_test,0.01639344262295082,True
1.5kW,1.5kW_coil_current_37p66pct,intercoil,37.66,False,4,296.46278847225506,fault_test,0.01639344262295082,True
1.5kW,1.5kW_coil_current_37p66pct,intercoil,37.66,False,5,228.38158518161563,fault_test,0.01639344262295082,True
1.5kW,1.5kW_coil_current_37p66pct,intercoil,37.66,False,6,232.01703444110626,fault_test,0.01639344262295082,True
1.5kW,1.5kW_coil_current_37p66pct,intercoil,37.66,False,7,243.84204282339576,fault_test,0.01639344262295082,True
1.5kW,1.5kW_coil_current_37p66pct,intercoil,37.66,False,8,219.8037352051599,fault_test,0.01639344262295082,True
1.5kW,1.5kW_coil_current_37p66pct,intercoil,37.66,False,9,183.7610345563634,fault_test,0.01639344262295082,True
1.5kW,1.5kW_coil_current_37p66pct,intercoil,37.66,False,10,237.97370694368232,fault_test,0.01639344262295082,True
1.5kW,1.5kW_coil_current_37p66pct,intercoil,37.66,False,11,299.1456327479175,fault_test,0.01639344262295082,True
1.5kW,1.5kW_coil_current_37p66pct,intercoil,37.66,False,12,175.51849941976909,fault_test,0.03278688524590164,True
1.5kW,1.5kW_coil_current_37p66pct,intercoil,37.66,False,13,238.52885855331778,fault_test,0.01639344262295082,True
1.5kW,1.5kW_coil_current_37p66pct,intercoil,37.66,False,14,310.3577503083169,fault_test,0.01639344262295082,True
1.5kW,1.5kW_coil_current_37p66pct,intercoil,37.66,False,15,220.37398818183965,fault_test,0.01639344262295082,True
1.5kW,1.5kW_coil_current_37p66pct,intercoil,37.66,False,16,242.81545347592208,fault_test,0.01639344262295082,True
1.5kW,1.5kW_coil_current_37p66pct,intercoil,37.66,False,17,171.97940296861938,fault_test,0.03278688524590164,True
1.5kW,1.5kW_coil_current_37p66pct,intercoil,37.66,False,18,211.98352801476716,fault_test,0.01639344262295082,True
1.5kW,1.5kW_coil_current_37p66pct,intercoil,37.66,False,19,201.12785178899276,fault_test,0.01639344262295082,True
1.5kW,1.5kW_coil_current_37p66pct,intercoil,37.66,False,20,209.71921039668078,fault_test,0.01639344262295082,True
1.5kW,1.5kW_coil_current_37p66pct,intercoil,37.66,False,21,246.91004662023238,fault_test,0.01639344262295082,True
1.5kW,1.5kW_coil_current_37p66pct,intercoil,37.66,False,22,234.08329187286958,fault_test,0.01639344262295082,True
1.5kW,1.5kW_coil_current_37p66pct,intercoil,37.66,False,23,212.1261372854498,fault_test,0.01639344262295082,True
1.5kW,1.5kW_coil_current_37p66pct,intercoil,37.66,False,24,239.77022217025595,fault_test,0.01639344262295082,True
1.5kW,1.5kW_coil_current_37p66pct,intercoil,37.66,False,25,222.0007035276472,fault_test,0.01639344262295082,True
1.5kW,1.5kW_coil_current_37p66pct,intercoil,37.66,False,26,224.83666832267872,fault_test,0.01639344262295082,True
1.5kW,1.5kW_coil_current_37p66pct,intercoil,37.66,False,27,281.1379272916678,fault_test,0.01639344262295082,True
1.5kW,1.5kW_coil_current_37p66pct,intercoil,37.66,False,28,227.87076313495683,fault_test,0.01639344262295082,True
1.5kW,1.5kW_coil_current_37p66pct,intercoil,37.66,False,29,211.0919166763285,fault_test,0.01639344262295082,True
1.5kW,1.5kW_coil_current_37p66pct,intercoil,37.66,False,30,284.5868603486555,fault_test,0.01639344262295082,True
1.5kW,1.5kW_coil_current_37p66pct,intercoil,37.66,False,31,193.34089552748887,fault_test,0.01639344262295082,True
1.5kW,1.5kW_coil_current_37p66pct,intercoil,37.66,False,32,203.00947000168776,fault_test,0.01639344262295082,True
1.5kW,1.5kW_coil_current_37p66pct,intercoil,37.66,False,33,284.19978206225005,fault_test,0.01639344262295082,True
1.5kW,1.5kW_coil_current_37p66pct,intercoil,37.66,False,34,210.7746313537446,fault_test,0.01639344262295082,True
1.5kW,1.5kW_coil_current_37p66pct,intercoil,37.66,False,35,168.02408629445318,fault_test,0.03278688524590164,True
1.5kW,1.5kW_coil_current_37p66pct,intercoil,37.66,False,36,221.7663087307527,fault_test,0.01639344262295082,True
1.5kW,1.5kW_coil_current_37p66pct,intercoil,37.66,False,37,195.11395044418896,fault_test,0.01639344262295082,True
1.5kW,1.5kW_coil_current_37p66pct,intercoil,37.66,False,38,214.55519960414665,fault_test,0.01639344262295082,True
1.5kW,1.5kW_coil_current_37p66pct,intercoil,37.66,False,39,191.85413577245802,fault_test,0.01639344262295082,True
1.5kW,1.5kW_coil_current_37p66pct,intercoil,37.66,False,40,147.292562927641,fault_test,0.09836065573770492,False
1.5kW,1.5kW_coil_current_37p66pct,intercoil,37.66,False,41,214.13527065428832,fault_test,0.01639344262295082,True
1.5kW,1.5kW_coil_current_37p66pct,intercoil,37.66,False,42,237.32345665429892,fault_test,0.01639344262295082,True
1.5kW,1.5kW_coil_current_37p66pct,intercoil,37.66,False,43,287.78453535082855,fault_test,0.01639344262295082,True
1.5kW,1.5kW_coil_current_37p66pct,intercoil,37.66,False,44,270.48025855436555,fault_test,0.01639344262295082,True
1.5kW,1.5kW_coil_current_37p66pct,intercoil,37.66,False,45,161.8060386916221,fault_test,0.04918032786885246,True
1.5kW,1.5kW_coil_current_37p66pct,intercoil,37.66,False,46,179.16198190529425,fault_test,0.01639344262295082,True
1.5kW,1.5kW_coil_current_37p66pct,intercoil,37.66,False,47,201.5374058827966,fault_test,0.01639344262295082,True
1.5kW,1.5kW_coil_current_37p66pct,intercoil,37.66,False,48,199.95994959291988,fault_test,0.01639344262295082,True
1.5kW,1.5kW_coil_current_37p66pct,intercoil,37.66,False,49,150.1129975496857,fault_test,0.08196721311475409,False
1.5kW,1.5kW_coil_current_37p66pct,intercoil,37.66,False,50,182.4650366299966,fault_test,0.01639344262295082,True
1.5kW,1.5kW_coil_current_37p66pct,intercoil,37.66,False,51,212.94469098440644,fault_test,0.01639344262295082,True
1.5kW,1.5kW_coil_current_37p66pct,intercoil,37.66,False,52,203.46141478254208,fault_test,0.01639344262295082,True
1.5kW,1.5kW_coil_current_37p66pct,intercoil,37.66,False,53,263.69435564542607,fault_test,0.01639344262295082,True
1.5kW,1.5kW_coil_current_37p66pct,intercoil,37.66,False,54,253.69279730616398,fault_test,0.01639344262295082,True
1.5kW,1.5kW_coil_current_37p66pct,intercoil,37.66,False,55,217.86183663982567,fault_test,0.01639344262295082,True
1.5kW,1.5kW_coil_current_37p66pct,intercoil,37.66,False,56,195.7123273512463,fault_test,0.01639344262295082,True
1.5kW,1.5kW_coil_current_37p66pct,intercoil,37.66,False,57,171.5692105362811,fault_test,0.03278688524590164,True
1.5kW,1.5kW_coil_current_37p66pct,intercoil,37.66,False,58,169.9268324415829,fault_test,0.03278688524590164,True
1.5kW,1.5kW_coil_current_37p66pct,intercoil,37.66,False,59,193.33225811779496,fault_test,0.01639344262295082,True
1.5kW,1.5kW_coil_current_37p66pct,intercoil,37.66,False,60,251.00989183378312,fault_test,0.01639344262295082,True
1.5kW,1.5kW_coil_current_37p66pct,intercoil,37.66,False,61,159.2946474586695,fault_test,0.04918032786885246,True
1.5kW,1.5kW_coil_current_37p66pct,intercoil,37.66,False,62,215.48763952117062,fault_test,0.01639344262295082,True
1.5kW,1.5kW_coil_current_37p66pct,intercoil,37.66,False,63,199.94267630993608,fault_test,0.01639344262295082,True
1.5kW,1.5kW_coil_current_37p66pct,intercoil,37.66,False,64,202.87619336645704,fault_test,0.01639344262295082,True
1.5kW,1.5kW_coil_current_37p66pct,intercoil,37.66,False,65,221.33864263194442,fault_test,0.01639344262295082,True
1.5kW,1.5kW_coil_current_37p66pct,intercoil,37.66,False,66,220.3863457948216,fault_test,0.01639344262295082,True
1.5kW,1.5kW_coil_current_37p66pct,intercoil,37.66,False,67,203.4044201374688,fault_test,0.01639344262295082,True
1.5kW,1.5kW_coil_current_37p66pct,intercoil,37.66,False,68,239.6291654354237,fault_test,0.01639344262295082,True
1.5kW,1.5kW_coil_current_37p66pct,intercoil,37.66,False,69,215.19687190172974,fault_test,0.01639344262295082,True
1.5kW,1.5kW_coil_current_37p66pct,intercoil,37.66,False,70,288.88476454084844,fault_test,0.01639344262295082,True
1.5kW,1.5kW_coil_current_37p66pct,intercoil,37.66,False,71,239.3345483634237,fault_test,0.01639344262295082,True
1.5kW,1.5kW_coil_current_37p66pct,intercoil,37.66,False,72,181.77750254141966,fault_test,0.01639344262295082,True
1.5kW,1.5kW_coil_current_37p66pct,intercoil,37.66,False,73,268.1621469037763,fault_test,0.01639344262295082,True
1.5kW,1.5kW_coil_current_37p66pct,intercoil,37.66,False,74,213.17995728595233,fault_test,0.01639344262295082,True
1.5kW,1.5kW_coil_current_37p66pct,intercoil,37.66,False,75,226.3970757858982,fault_test,0.01639344262295082,True
1.5kW,1.5kW_coil_current_37p66pct,intercoil,37.66,False,76,191.01401747430424,fault_test,0.01639344262295082,True
1.5kW,1.5kW_coil_current_37p66pct,intercoil,37.66,False,77,206.82342321460138,fault_test,0.01639344262295082,True
1.5kW,1.5kW_coil_current_37p66pct,intercoil,37.66,False,78,191.70796979624896,fault_test,0.01639344262295082,True
1.5kW,1.5kW_coil_current_37p66pct,intercoil,37.66,False,79,202.85613489384087,fault_test,0.01639344262295082,True
1.5kW,1.5kW_coil_current_37p66pct,intercoil,37.66,False,80,178.78969839501033,fault_test,0.01639344262295082,True
1.5kW,1.5kW_coil_current_37p66pct,intercoil,37.66,False,81,225.42824886523388,fault_test,0.01639344262295082,True
1.5kW,1.5kW_coil_current_37p66pct,intercoil,37.66,False,82,220.22583640896846,fault_test,0.01639344262295082,True
1.5kW,1.5kW_coil_current_37p66pct,intercoil,37.66,False,83,177.5035791729763,fault_test,0.01639344262295082,True
1.5kW,1.5kW_coil_current_37p66pct,intercoil,37.66,False,84,180.04753539496747,fault_test,0.01639344262295082,True
1.5kW,1.5kW_coil_current_37p66pct,intercoil,37.66,False,85,191.48319658423358,fault_test,0.01639344262295082,True
1.5kW,1.5kW_coil_current_37p66pct,intercoil,37.66,False,86,186.10469877930691,fault_test,0.01639344262295082,True
1.5kW,1.5kW_coil_current_37p66pct,intercoil,37.66,False,87,218.18464912278702,fault_test,0.01639344262295082,True
1.5kW,1.5kW_coil_current_37p66pct,intercoil,37.66,False,88,269.9818277221533,fault_test,0.01639344262295082,True
1.5kW,1.5kW_coil_current_37p66pct,intercoil,37.66,False,89,241.27680346278274,fault_test,0.01639344262295082,True
1.5kW,1.5kW_coil_current_37p66pct,intercoil,37.66,False,90,204.37043153252745,fault_test,0.01639344262295082,True
1.5kW,1.5kW_coil_current_37p66pct,intercoil,37.66,False,91,209.21527909149756,fault_test,0.01639344262295082,True
1.5kW,1.5kW_coil_current_37p66pct,intercoil,37.66,False,92,192.20261366101357,fault_test,0.01639344262295082,True
1.5kW,1.5kW_coil_current_37p66pct,intercoil,37.66,False,93,174.16236033818348,fault_test,0.03278688524590164,True
1.5kW,1.5kW_coil_current_37p66pct,intercoil,37.66,False,94,163.35184765596077,fault_test,0.04918032786885246,True
1.5kW,1.5kW_coil_current_37p66pct,intercoil,37.66,False,95,165.59353791000942,fault_test,0.03278688524590164,True
1.5kW,1.5kW_coil_current_37p66pct,intercoil,37.66,False,96,173.91845431865568,fault_test,0.03278688524590164,True
1.5kW,1.5kW_coil_current_37p66pct,intercoil,37.66,False,97,192.36282261429608,fault_test,0.01639344262295082,True
1.5kW,1.5kW_coil_current_37p66pct,intercoil,37.66,False,98,201.6367230678641,fault_test,0.01639344262295082,True
1.5kW,1.5kW_coil_current_37p66pct,intercoil,37.66,False,99,183.91525210332085,fault_test,0.01639344262295082,True
1.5kW,1.5kW_coil_current_37p66pct,intercoil,37.66,False,100,174.99446484049133,fault_test,0.03278688524590164,True
1.5kW,1.5kW_coil_current_37p66pct,intercoil,37.66,False,101,172.88177656596707,fault_test,0.03278688524590164,True
1.5kW,1.5kW_coil_current_37p66pct,intercoil,37.66,False,102,177.30183025740615,fault_test,0.01639344262295082,True
1.5kW,1.5kW_coil_current_37p66pct,intercoil,37.66,False,103,161.58152923315754,fault_test,0.04918032786885246,True
1.5kW,1.5kW_coil_current_37p66pct,intercoil,37.66,False,104,175.42586666775227,fault_test,0.03278688524590164,True
1.5kW,1.5kW_coil_current_37p66pct,intercoil,37.66,False,105,173.3443255068335,fault_test,0.03278688524590164,True
1.5kW,1.5kW_coil_current_37p66pct,intercoil,37.66,False,106,158.48848124989394,fault_test,0.04918032786885246,True
1.5kW,1.5kW_coil_current_37p66pct,intercoil,37.66,False,107,154.97714168069243,fault_test,0.04918032786885246,True
1.5kW,1.5kW_coil_current_37p66pct,intercoil,37.66,False,108,120.32360283637897,fault_test,0.21311475409836064,False
1.5kW,1.5kW_coil_current_37p66pct,intercoil,37.66,False,109,190.70005460914754,fault_test,0.01639344262295082,True
1.5kW,1.5kW_coil_current_37p66pct,intercoil,37.66,False,110,114.48773049652674,fault_test,0.21311475409836064,False
1.5kW,1.5kW_coil_current_37p66pct,intercoil,37.66,False,111,121.66155029703602,fault_test,0.21311475409836064,False
1.5kW,1.5kW_coil_current_37p66pct,intercoil,37.66,False,112,122.02786813328237,fault_test,0.21311475409836064,False
1.5kW,1.5kW_coil_current_37p66pct,intercoil,37.66,False,113,153.5828442432109,fault_test,0.06557377049180328,False
1.5kW,1.5kW_coil_current_37p66pct,intercoil,37.66,False,114,150.60220046578684,fault_test,0.08196721311475409,False
1.5kW,1.5kW_coil_current_37p66pct,intercoil,37.66,False,115,165.94099647569453,fault_test,0.03278688524590164,True
1.5kW,1.5kW_coil_current_37p66pct,intercoil,37.66,False,116,161.99222932978705,fault_test,0.04918032786885246,True
1.5kW,1.5kW_coil_current_37p66pct,intercoil,37.66,False,117,112.07774865543163,fault_test,0.21311475409836064,False
1.5kW,1.5kW_coil_current_37p66pct,intercoil,37.66,False,118,167.13056396959087,fault_test,0.03278688524590164,True
1.5kW,1.5kW_coil_current_37p66pct,intercoil,37.66,False,119,110.03514869358658,fault_test,0.22950819672131148,False
1.5kW,1.5kW_coil_current_4p79pct,intercoil,4.79,False,0,677.9312625873051,fault_test,0.01639344262295082,True
1.5kW,1.5kW_coil_current_4p79pct,intercoil,4.79,False,1,710.2424471422179,fault_test,0.01639344262295082,True
1.5kW,1.5kW_coil_current_4p79pct,intercoil,4.79,False,2,835.6043247477344,fault_test,0.01639344262295082,True
1.5kW,1.5kW_coil_current_4p79pct,intercoil,4.79,False,3,669.4604413180086,fault_test,0.01639344262295082,True
1.5kW,1.5kW_coil_current_4p79pct,intercoil,4.79,False,4,732.4146492504706,fault_test,0.01639344262295082,True
1.5kW,1.5kW_coil_current_4p79pct,intercoil,4.79,False,5,718.7985379934903,fault_test,0.01639344262295082,True
1.5kW,1.5kW_coil_current_4p79pct,intercoil,4.79,False,6,799.482725282545,fault_test,0.01639344262295082,True
1.5kW,1.5kW_coil_current_4p79pct,intercoil,4.79,False,7,773.7985574973964,fault_test,0.01639344262295082,True
1.5kW,1.5kW_coil_current_4p79pct,intercoil,4.79,False,8,720.628336172791,fault_test,0.01639344262295082,True
1.5kW,1.5kW_coil_current_4p79pct,intercoil,4.79,False,9,757.5707348771954,fault_test,0.01639344262295082,True
1.5kW,1.5kW_coil_current_4p79pct,intercoil,4.79,False,10,739.612886445328,fault_test,0.01639344262295082,True
1.5kW,1.5kW_coil_current_4p79pct,intercoil,4.79,False,11,744.8476275549083,fault_test,0.01639344262295082,True
1.5kW,1.5kW_coil_current_4p79pct,intercoil,4.79,False,12,722.6782740262296,fault_test,0.01639344262295082,True
1.5kW,1.5kW_coil_current_4p79pct,intercoil,4.79,False,13,782.7395441981139,fault_test,0.01639344262295082,True
1.5kW,1.5kW_coil_current_4p79pct,intercoil,4.79,False,14,724.0291112745952,fault_test,0.01639344262295082,True
1.5kW,1.5kW_coil_current_4p79pct,intercoil,4.79,False,15,821.0411010553082,fault_test,0.01639344262295082,True
1.5kW,1.5kW_coil_current_4p79pct,intercoil,4.79,False,16,689.8938515603962,fault_test,0.01639344262295082,True
1.5kW,1.5kW_coil_current_4p79pct,intercoil,4.79,False,17,685.0193823695531,fault_test,0.01639344262295082,True
1.5kW,1.5kW_coil_current_4p79pct,intercoil,4.79,False,18,769.6183102147602,fault_test,0.01639344262295082,True
1.5kW,1.5kW_coil_current_4p79pct,intercoil,4.79,False,19,722.9381666089986,fault_test,0.01639344262295082,True
1.5kW,1.5kW_coil_current_4p79pct,intercoil,4.79,False,20,790.4621805804654,fault_test,0.01639344262295082,True
1.5kW,1.5kW_coil_current_4p79pct,intercoil,4.79,False,21,792.3952205959814,fault_test,0.01639344262295082,True
1.5kW,1.5kW_coil_current_4p79pct,intercoil,4.79,False,22,768.5897801173995,fault_test,0.01639344262295082,True
1.5kW,1.5kW_coil_current_4p79pct,intercoil,4.79,False,23,866.468401972375,fault_test,0.01639344262295082,True
1.5kW,1.5kW_coil_current_4p79pct,intercoil,4.79,False,24,875.850963708176,fault_test,0.01639344262295082,True
1.5kW,1.5kW_coil_current_4p79pct,intercoil,4.79,False,25,958.337217725093,fault_test,0.01639344262295082,True
1.5kW,1.5kW_coil_current_4p79pct,intercoil,4.79,False,26,782.3920459393493,fault_test,0.01639344262295082,True
1.5kW,1.5kW_coil_current_4p79pct,intercoil,4.79,False,27,835.6196151426313,fault_test,0.01639344262295082,True
1.5kW,1.5kW_coil_current_4p79pct,intercoil,4.79,False,28,803.1464598191064,fault_test,0.01639344262295082,True
1.5kW,1.5kW_coil_current_4p79pct,intercoil,4.79,False,29,922.5499850106467,fault_test,0.01639344262295082,True
1.5kW,1.5kW_coil_current_4p79pct,intercoil,4.79,False,30,731.5919886631197,fault_test,0.01639344262295082,True
1.5kW,1.5kW_coil_current_4p79pct,intercoil,4.79,False,31,981.0840839838422,fault_test,0.01639344262295082,True
1.5kW,1.5kW_coil_current_4p79pct,intercoil,4.79,False,32,822.8715781212878,fault_test,0.01639344262295082,True
1.5kW,1.5kW_coil_current_4p79pct,intercoil,4.79,False,33,728.0894446981208,fault_test,0.01639344262295082,True
1.5kW,1.5kW_coil_current_4p79pct,intercoil,4.79,False,34,731.9925378027533,fault_test,0.01639344262295082,True
1.5kW,1.5kW_coil_current_4p79pct,intercoil,4.79,False,35,809.6691470688163,fault_test,0.01639344262295082,True
1.5kW,1.5kW_coil_current_4p79pct,intercoil,4.79,False,36,758.0444989570543,fault_test,0.01639344262295082,True
1.5kW,1.5kW_coil_current_4p79pct,intercoil,4.79,False,37,696.9606069058519,fault_test,0.01639344262295082,True
1.5kW,1.5kW_coil_current_4p79pct,intercoil,4.79,False,38,783.706933391207,fault_test,0.01639344262295082,True
1.5kW,1.5kW_coil_current_4p79pct,intercoil,4.79,False,39,749.3947847822972,fault_test,0.01639344262295082,True
1.5kW,1.5kW_coil_current_4p79pct,intercoil,4.79,False,40,690.156899766547,fault_test,0.01639344262295082,True
1.5kW,1.5kW_coil_current_4p79pct,intercoil,4.79,False,41,747.2916252652542,fault_test,0.01639344262295082,True
1.5kW,1.5kW_coil_current_4p79pct,intercoil,4.79,False,42,772.9474967691273,fault_test,0.01639344262295082,True
1.5kW,1.5kW_coil_current_4p79pct,intercoil,4.79,False,43,696.5384479989807,fault_test,0.01639344262295082,True
1.5kW,1.5kW_coil_current_4p79pct,intercoil,4.79,False,44,678.881630744888,fault_test,0.01639344262295082,True
1.5kW,1.5kW_coil_current_4p79pct,intercoil,4.79,False,45,775.8308136726424,fault_test,0.01639344262295082,True
1.5kW,1.5kW_coil_current_4p79pct,intercoil,4.79,False,46,776.7476167204962,fault_test,0.01639344262295082,True
1.5kW,1.5kW_coil_current_4p79pct,intercoil,4.79,False,47,776.7958399182489,fault_test,0.01639344262295082,True
1.5kW,1.5kW_coil_current_4p79pct,intercoil,4.79,False,48,828.8542313596066,fault_test,0.01639344262295082,True
1.5kW,1.5kW_coil_current_4p79pct,intercoil,4.79,False,49,792.2112788160551,fault_test,0.01639344262295082,True
1.5kW,1.5kW_coil_current_4p79pct,intercoil,4.79,False,50,787.3867461069877,fault_test,0.01639344262295082,True
1.5kW,1.5kW_coil_current_4p79pct,intercoil,4.79,False,51,760.5243527909032,fault_test,0.01639344262295082,True
1.5kW,1.5kW_coil_current_4p79pct,intercoil,4.79,False,52,800.0941001295141,fault_test,0.01639344262295082,True
1.5kW,1.5kW_coil_current_4p79pct,intercoil,4.79,False,53,769.9611353365495,fault_test,0.01639344262295082,True
1.5kW,1.5kW_coil_current_4p79pct,intercoil,4.79,False,54,781.2812832749456,fault_test,0.01639344262295082,True
1.5kW,1.5kW_coil_current_4p79pct,intercoil,4.79,False,55,737.1538358354449,fault_test,0.01639344262295082,True
1.5kW,1.5kW_coil_current_4p79pct,intercoil,4.79,False,56,722.84214554197,fault_test,0.01639344262295082,True
1.5kW,1.5kW_coil_current_4p79pct,intercoil,4.79,False,57,722.4154111073033,fault_test,0.01639344262295082,True
1.5kW,1.5kW_coil_current_4p79pct,intercoil,4.79,False,58,773.3369912500243,fault_test,0.01639344262295082,True
1.5kW,1.5kW_coil_current_4p79pct,intercoil,4.79,False,59,698.5672389750039,fault_test,0.01639344262295082,True
1.5kW,1.5kW_coil_current_4p79pct,intercoil,4.79,False,60,744.6042601047518,fault_test,0.01639344262295082,True
1.5kW,1.5kW_coil_current_4p79pct,intercoil,4.79,False,61,765.921465317494,fault_test,0.01639344262295082,True
1.5kW,1.5kW_coil_current_4p79pct,intercoil,4.79,False,62,789.6461249372713,fault_test,0.01639344262295082,True
1.5kW,1.5kW_coil_current_4p79pct,intercoil,4.79,False,63,737.2715843106823,fault_test,0.01639344262295082,True
1.5kW,1.5kW_coil_current_4p79pct,intercoil,4.79,False,64,656.4808106761224,fault_test,0.01639344262295082,True
1.5kW,1.5kW_coil_current_4p79pct,intercoil,4.79,False,65,673.5237585233467,fault_test,0.01639344262295082,True
1.5kW,1.5kW_coil_current_4p79pct,intercoil,4.79,False,66,723.9050345435779,fault_test,0.01639344262295082,True
1.5kW,1.5kW_coil_current_4p79pct,intercoil,4.79,False,67,697.2309999795109,fault_test,0.01639344262295082,True
1.5kW,1.5kW_coil_current_4p79pct,intercoil,4.79,False,68,751.262052647419,fault_test,0.01639344262295082,True
1.5kW,1.5kW_coil_current_4p79pct,intercoil,4.79,False,69,708.7363192992816,fault_test,0.01639344262295082,True
1.5kW,1.5kW_coil_current_4p79pct,intercoil,4.79,False,70,670.9146912871063,fault_test,0.01639344262295082,True
1.5kW,1.5kW_coil_current_4p79pct,intercoil,4.79,False,71,766.5520479822663,fault_test,0.01639344262295082,True
1.5kW,1.5kW_coil_current_4p79pct,intercoil,4.79,False,72,695.588883657465,fault_test,0.01639344262295082,True
1.5kW,1.5kW_coil_current_4p79pct,intercoil,4.79,False,73,856.5792295245616,fault_test,0.01639344262295082,True
1.5kW,1.5kW_coil_current_4p79pct,intercoil,4.79,False,74,678.7213271880742,fault_test,0.01639344262295082,True
1.5kW,1.5kW_coil_current_4p79pct,intercoil,4.79,False,75,864.7537524471828,fault_test,0.01639344262295082,True
1.5kW,1.5kW_coil_current_4p79pct,intercoil,4.79,False,76,762.5708164618624,fault_test,0.01639344262295082,True
1.5kW,1.5kW_coil_current_4p79pct,intercoil,4.79,False,77,733.3044168348779,fault_test,0.01639344262295082,True
1.5kW,1.5kW_coil_current_4p79pct,intercoil,4.79,False,78,713.052208280562,fault_test,0.01639344262295082,True
1.5kW,1.5kW_coil_current_4p79pct,intercoil,4.79,False,79,652.3410877985563,fault_test,0.01639344262295082,True
1.5kW,1.5kW_coil_current_4p79pct,intercoil,4.79,False,80,707.589007707423,fault_test,0.01639344262295082,True
1.5kW,1.5kW_coil_current_4p79pct,intercoil,4.79,False,81,683.6069963433418,fault_test,0.01639344262295082,True
1.5kW,1.5kW_coil_current_4p79pct,intercoil,4.79,False,82,827.9178589931698,fault_test,0.01639344262295082,True
1.5kW,1.5kW_coil_current_4p79pct,intercoil,4.79,False,83,729.2856590322126,fault_test,0.01639344262295082,True
1.5kW,1.5kW_coil_current_4p79pct,intercoil,4.79,False,84,736.8412595348241,fault_test,0.01639344262295082,True
1.5kW,1.5kW_coil_current_4p79pct,intercoil,4.79,False,85,693.0631487294081,fault_test,0.01639344262295082,True
1.5kW,1.5kW_coil_current_4p79pct,intercoil,4.79,False,86,798.5190762348934,fault_test,0.01639344262295082,True
1.5kW,1.5kW_coil_current_4p79pct,intercoil,4.79,False,87,775.6579841562597,fault_test,0.01639344262295082,True
1.5kW,1.5kW_coil_current_4p79pct,intercoil,4.79,False,88,764.4935438936914,fault_test,0.01639344262295082,True
1.5kW,1.5kW_coil_current_4p79pct,intercoil,4.79,False,89,679.2895669247191,fault_test,0.01639344262295082,True
1.5kW,1.5kW_coil_current_4p79pct,intercoil,4.79,False,90,643.6948280459554,fault_test,0.01639344262295082,True
1.5kW,1.5kW_coil_current_4p79pct,intercoil,4.79,False,91,784.7269125497506,fault_test,0.01639344262295082,True
1.5kW,1.5kW_coil_current_4p79pct,intercoil,4.79,False,92,692.0205327750501,fault_test,0.01639344262295082,True
1.5kW,1.5kW_coil_current_4p79pct,intercoil,4.79,False,93,700.3366289523273,fault_test,0.01639344262295082,True
1.5kW,1.5kW_coil_current_4p79pct,intercoil,4.79,False,94,700.5389023286522,fault_test,0.01639344262295082,True
1.5kW,1.5kW_coil_current_4p79pct,intercoil,4.79,False,95,642.2729516523868,fault_test,0.01639344262295082,True
1.5kW,1.5kW_coil_current_4p79pct,intercoil,4.79,False,96,751.5032109116241,fault_test,0.01639344262295082,True
1.5kW,1.5kW_coil_current_4p79pct,intercoil,4.79,False,97,683.2558598410761,fault_test,0.01639344262295082,True
1.5kW,1.5kW_coil_current_4p79pct,intercoil,4.79,False,98,704.1365418170107,fault_test,0.01639344262295082,True
1.5kW,1.5kW_coil_current_4p79pct,intercoil,4.79,False,99,668.5644791421121,fault_test,0.01639344262295082,True
1.5kW,1.5kW_coil_current_4p79pct,intercoil,4.79,False,100,787.8235041372183,fault_test,0.01639344262295082,True
1.5kW,1.5kW_coil_current_4p79pct,intercoil,4.79,False,101,741.6046956069196,fault_test,0.01639344262295082,True
1.5kW,1.5kW_coil_current_4p79pct,intercoil,4.79,False,102,690.1672110702683,fault_test,0.01639344262295082,True
1.5kW,1.5kW_coil_current_4p79pct,intercoil,4.79,False,103,713.6973114520581,fault_test,0.01639344262295082,True
1.5kW,1.5kW_coil_current_4p79pct,intercoil,4.79,False,104,712.1598030720261,fault_test,0.01639344262295082,True
1.5kW,1.5kW_coil_current_4p79pct,intercoil,4.79,False,105,764.5412637826835,fault_test,0.01639344262295082,True
1.5kW,1.5kW_coil_current_4p79pct,intercoil,4.79,False,106,687.4589518920836,fault_test,0.01639344262295082,True
1.5kW,1.5kW_coil_current_4p79pct,intercoil,4.79,False,107,938.1671410991589,fault_test,0.01639344262295082,True
1.5kW,1.5kW_coil_current_4p79pct,intercoil,4.79,False,108,678.7727238860039,fault_test,0.01639344262295082,True
1.5kW,1.5kW_coil_current_4p79pct,intercoil,4.79,False,109,725.1546905132062,fault_test,0.01639344262295082,True
1.5kW,1.5kW_coil_current_4p79pct,intercoil,4.79,False,110,712.7245795384933,fault_test,0.01639344262295082,True
1.5kW,1.5kW_coil_current_4p79pct,intercoil,4.79,False,111,723.7461836732759,fault_test,0.01639344262295082,True
1.5kW,1.5kW_coil_current_4p79pct,intercoil,4.79,False,112,787.8747180095114,fault_test,0.01639344262295082,True
1.5kW,1.5kW_coil_current_4p79pct,intercoil,4.79,False,113,782.8012852486441,fault_test,0.01639344262295082,True
1.5kW,1.5kW_coil_current_4p79pct,intercoil,4.79,False,114,715.1369705352447,fault_test,0.01639344262295082,True
1.5kW,1.5kW_coil_current_4p79pct,intercoil,4.79,False,115,728.2763364990078,fault_test,0.01639344262295082,True
1.5kW,1.5kW_coil_current_4p79pct,intercoil,4.79,False,116,788.7175857666089,fault_test,0.01639344262295082,True
1.5kW,1.5kW_coil_current_4p79pct,intercoil,4.79,False,117,799.9326382868646,fault_test,0.01639344262295082,True
1.5kW,1.5kW_coil_current_4p79pct,intercoil,4.79,False,118,709.4106338775817,fault_test,0.01639344262295082,True
1.5kW,1.5kW_coil_current_4p79pct,intercoil,4.79,False,119,705.6906454079966,fault_test,0.01639344262295082,True
1.5kW,1.5kW_coil_current_5p7pct,intercoil,5.7,False,0,747.3314579594924,fault_test,0.01639344262295082,True
1.5kW,1.5kW_coil_current_5p7pct,intercoil,5.7,False,1,777.4130957074301,fault_test,0.01639344262295082,True
1.5kW,1.5kW_coil_current_5p7pct,intercoil,5.7,False,2,757.6352949912464,fault_test,0.01639344262295082,True
1.5kW,1.5kW_coil_current_5p7pct,intercoil,5.7,False,3,709.5063900338139,fault_test,0.01639344262295082,True
1.5kW,1.5kW_coil_current_5p7pct,intercoil,5.7,False,4,750.261356756874,fault_test,0.01639344262295082,True
1.5kW,1.5kW_coil_current_5p7pct,intercoil,5.7,False,5,806.007076726688,fault_test,0.01639344262295082,True
1.5kW,1.5kW_coil_current_5p7pct,intercoil,5.7,False,6,794.3714172368284,fault_test,0.01639344262295082,True
1.5kW,1.5kW_coil_current_5p7pct,intercoil,5.7,False,7,843.1193866102478,fault_test,0.01639344262295082,True
1.5kW,1.5kW_coil_current_5p7pct,intercoil,5.7,False,8,847.2665835643702,fault_test,0.01639344262295082,True
1.5kW,1.5kW_coil_current_5p7pct,intercoil,5.7,False,9,751.3005757886108,fault_test,0.01639344262295082,True
1.5kW,1.5kW_coil_current_5p7pct,intercoil,5.7,False,10,757.6842892183686,fault_test,0.01639344262295082,True
1.5kW,1.5kW_coil_current_5p7pct,intercoil,5.7,False,11,797.8100014432175,fault_test,0.01639344262295082,True
1.5kW,1.5kW_coil_current_5p7pct,intercoil,5.7,False,12,789.1713730726503,fault_test,0.01639344262295082,True
1.5kW,1.5kW_coil_current_5p7pct,intercoil,5.7,False,13,798.9902971621726,fault_test,0.01639344262295082,True
1.5kW,1.5kW_coil_current_5p7pct,intercoil,5.7,False,14,733.454034729336,fault_test,0.01639344262295082,True
1.5kW,1.5kW_coil_current_5p7pct,intercoil,5.7,False,15,819.7342397942507,fault_test,0.01639344262295082,True
1.5kW,1.5kW_coil_current_5p7pct,intercoil,5.7,False,16,726.0799441202621,fault_test,0.01639344262295082,True
1.5kW,1.5kW_coil_current_5p7pct,intercoil,5.7,False,17,779.1528459654487,fault_test,0.01639344262295082,True
1.5kW,1.5kW_coil_current_5p7pct,intercoil,5.7,False,18,851.0241728726064,fault_test,0.01639344262295082,True
1.5kW,1.5kW_coil_current_5p7pct,intercoil,5.7,False,19,817.6642752342169,fault_test,0.01639344262295082,True
1.5kW,1.5kW_coil_current_5p7pct,intercoil,5.7,False,20,929.0504727230248,fault_test,0.01639344262295082,True
1.5kW,1.5kW_coil_current_5p7pct,intercoil,5.7,False,21,796.77737171674,fault_test,0.01639344262295082,True
1.5kW,1.5kW_coil_current_5p7pct,intercoil,5.7,False,22,853.772432698848,fault_test,0.01639344262295082,True
1.5kW,1.5kW_coil_current_5p7pct,intercoil,5.7,False,23,742.8722439082113,fault_test,0.01639344262295082,True
1.5kW,1.5kW_coil_current_5p7pct,intercoil,5.7,False,24,812.6093659796022,fault_test,0.01639344262295082,True
1.5kW,1.5kW_coil_current_5p7pct,intercoil,5.7,False,25,807.219123379512,fault_test,0.01639344262295082,True
1.5kW,1.5kW_coil_current_5p7pct,intercoil,5.7,False,26,853.6687394209201,fault_test,0.01639344262295082,True
1.5kW,1.5kW_coil_current_5p7pct,intercoil,5.7,False,27,706.8941308727335,fault_test,0.01639344262295082,True
1.5kW,1.5kW_coil_current_5p7pct,intercoil,5.7,False,28,775.5113701366129,fault_test,0.01639344262295082,True
1.5kW,1.5kW_coil_current_5p7pct,intercoil,5.7,False,29,776.3777682391425,fault_test,0.01639344262295082,True
1.5kW,1.5kW_coil_current_5p7pct,intercoil,5.7,False,30,788.3170938870302,fault_test,0.01639344262295082,True
1.5kW,1.5kW_coil_current_5p7pct,intercoil,5.7,False,31,791.1448181621299,fault_test,0.01639344262295082,True
1.5kW,1.5kW_coil_current_5p7pct,intercoil,5.7,False,32,838.7618932547706,fault_test,0.01639344262295082,True
1.5kW,1.5kW_coil_current_5p7pct,intercoil,5.7,False,33,810.6893997595417,fault_test,0.01639344262295082,True
1.5kW,1.5kW_coil_current_5p7pct,intercoil,5.7,False,34,719.8796392783471,fault_test,0.01639344262295082,True
1.5kW,1.5kW_coil_current_5p7pct,intercoil,5.7,False,35,782.6695746252378,fault_test,0.01639344262295082,True
1.5kW,1.5kW_coil_current_5p7pct,intercoil,5.7,False,36,689.4075466949986,fault_test,0.01639344262295082,True
1.5kW,1.5kW_coil_current_5p7pct,intercoil,5.7,False,37,801.8252220685838,fault_test,0.01639344262295082,True
1.5kW,1.5kW_coil_current_5p7pct,intercoil,5.7,False,38,763.5375140370368,fault_test,0.01639344262295082,True
1.5kW,1.5kW_coil_current_5p7pct,intercoil,5.7,False,39,725.3806527588085,fault_test,0.01639344262295082,True
1.5kW,1.5kW_coil_current_5p7pct,intercoil,5.7,False,40,779.8062204152001,fault_test,0.01639344262295082,True
1.5kW,1.5kW_coil_current_5p7pct,intercoil,5.7,False,41,831.2777943416613,fault_test,0.01639344262295082,True
1.5kW,1.5kW_coil_current_5p7pct,intercoil,5.7,False,42,787.5610057582478,fault_test,0.01639344262295082,True
1.5kW,1.5kW_coil_current_5p7pct,intercoil,5.7,False,43,826.6462856039421,fault_test,0.01639344262295082,True
1.5kW,1.5kW_coil_current_5p7pct,intercoil,5.7,False,44,830.8817522863588,fault_test,0.01639344262295082,True
1.5kW,1.5kW_coil_current_5p7pct,intercoil,5.7,False,45,832.7936338032778,fault_test,0.01639344262295082,True
1.5kW,1.5kW_coil_current_5p7pct,intercoil,5.7,False,46,820.6799115450476,fault_test,0.01639344262295082,True
1.5kW,1.5kW_coil_current_5p7pct,intercoil,5.7,False,47,830.9547004974158,fault_test,0.01639344262295082,True
1.5kW,1.5kW_coil_current_5p7pct,intercoil,5.7,False,48,798.965707367727,fault_test,0.01639344262295082,True
1.5kW,1.5kW_coil_current_5p7pct,intercoil,5.7,False,49,729.8956768883975,fault_test,0.01639344262295082,True
1.5kW,1.5kW_coil_current_5p7pct,intercoil,5.7,False,50,807.0332844540169,fault_test,0.01639344262295082,True
1.5kW,1.5kW_coil_current_5p7pct,intercoil,5.7,False,51,749.3057957556631,fault_test,0.01639344262295082,True
1.5kW,1.5kW_coil_current_5p7pct,intercoil,5.7,False,52,822.6165498319208,fault_test,0.01639344262295082,True
1.5kW,1.5kW_coil_current_5p7pct,intercoil,5.7,False,53,715.004344922301,fault_test,0.01639344262295082,True
1.5kW,1.5kW_coil_current_5p7pct,intercoil,5.7,False,54,660.8361668256396,fault_test,0.01639344262295082,True
1.5kW,1.5kW_coil_current_5p7pct,intercoil,5.7,False,55,750.0806303729566,fault_test,0.01639344262295082,True
1.5kW,1.5kW_coil_current_5p7pct,intercoil,5.7,False,56,725.3849661009046,fault_test,0.01639344262295082,True
1.5kW,1.5kW_coil_current_5p7pct,intercoil,5.7,False,57,772.2616192487885,fault_test,0.01639344262295082,True
1.5kW,1.5kW_coil_current_5p7pct,intercoil,5.7,False,58,747.2801669023241,fault_test,0.01639344262295082,True
1.5kW,1.5kW_coil_current_5p7pct,intercoil,5.7,False,59,712.968333537615,fault_test,0.01639344262295082,True
1.5kW,1.5kW_coil_current_5p7pct,intercoil,5.7,False,60,753.1283400592079,fault_test,0.01639344262295082,True
1.5kW,1.5kW_coil_current_5p7pct,intercoil,5.7,False,61,902.0828213080076,fault_test,0.01639344262295082,True
1.5kW,1.5kW_coil_current_5p7pct,intercoil,5.7,False,62,745.9806956756568,fault_test,0.01639344262295082,True
1.5kW,1.5kW_coil_current_5p7pct,intercoil,5.7,False,63,760.1123560944902,fault_test,0.01639344262295082,True
1.5kW,1.5kW_coil_current_5p7pct,intercoil,5.7,False,64,787.132835596452,fault_test,0.01639344262295082,True
1.5kW,1.5kW_coil_current_5p7pct,intercoil,5.7,False,65,832.230939646641,fault_test,0.01639344262295082,True
1.5kW,1.5kW_coil_current_5p7pct,intercoil,5.7,False,66,811.3009446144958,fault_test,0.01639344262295082,True
1.5kW,1.5kW_coil_current_5p7pct,intercoil,5.7,False,67,745.8816653324657,fault_test,0.01639344262295082,True
1.5kW,1.5kW_coil_current_5p7pct,intercoil,5.7,False,68,867.4081470697565,fault_test,0.01639344262295082,True
1.5kW,1.5kW_coil_current_5p7pct,intercoil,5.7,False,69,738.1578290591378,fault_test,0.01639344262295082,True
1.5kW,1.5kW_coil_current_5p7pct,intercoil,5.7,False,70,754.8020441323653,fault_test,0.01639344262295082,True
1.5kW,1.5kW_coil_current_5p7pct,intercoil,5.7,False,71,699.1422724097769,fault_test,0.01639344262295082,True
1.5kW,1.5kW_coil_current_5p7pct,intercoil,5.7,False,72,821.8120584342962,fault_test,0.01639344262295082,True
1.5kW,1.5kW_coil_current_5p7pct,intercoil,5.7,False,73,742.8641734861586,fault_test,0.01639344262295082,True
1.5kW,1.5kW_coil_current_5p7pct,intercoil,5.7,False,74,793.4411741919994,fault_test,0.01639344262295082,True
1.5kW,1.5kW_coil_current_5p7pct,intercoil,5.7,False,75,791.4153995903458,fault_test,0.01639344262295082,True
1.5kW,1.5kW_coil_current_5p7pct,intercoil,5.7,False,76,691.7190906943946,fault_test,0.01639344262295082,True
1.5kW,1.5kW_coil_current_5p7pct,intercoil,5.7,False,77,821.0583360873036,fault_test,0.01639344262295082,True
1.5kW,1.5kW_coil_current_5p7pct,intercoil,5.7,False,78,799.7308823901221,fault_test,0.01639344262295082,True
1.5kW,1.5kW_coil_current_5p7pct,intercoil,5.7,False,79,809.8596194565694,fault_test,0.01639344262295082,True
1.5kW,1.5kW_coil_current_5p7pct,intercoil,5.7,False,80,755.1925722866689,fault_test,0.01639344262295082,True
1.5kW,1.5kW_coil_current_5p7pct,intercoil,5.7,False,81,760.8491016178934,fault_test,0.01639344262295082,True
1.5kW,1.5kW_coil_current_5p7pct,intercoil,5.7,False,82,818.5364525193363,fault_test,0.01639344262295082,True
1.5kW,1.5kW_coil_current_5p7pct,intercoil,5.7,False,83,790.1510584051488,fault_test,0.01639344262295082,True
1.5kW,1.5kW_coil_current_5p7pct,intercoil,5.7,False,84,769.1809301246685,fault_test,0.01639344262295082,True
1.5kW,1.5kW_coil_current_5p7pct,intercoil,5.7,False,85,745.4935605836205,fault_test,0.01639344262295082,True
1.5kW,1.5kW_coil_current_5p7pct,intercoil,5.7,False,86,787.2010931614741,fault_test,0.01639344262295082,True
1.5kW,1.5kW_coil_current_5p7pct,intercoil,5.7,False,87,732.9584043585302,fault_test,0.01639344262295082,True
1.5kW,1.5kW_coil_current_5p7pct,intercoil,5.7,False,88,808.0976957603474,fault_test,0.01639344262295082,True
1.5kW,1.5kW_coil_current_5p7pct,intercoil,5.7,False,89,748.255015921686,fault_test,0.01639344262295082,True
1.5kW,1.5kW_coil_current_5p7pct,intercoil,5.7,False,90,858.4164638705502,fault_test,0.01639344262295082,True
1.5kW,1.5kW_coil_current_5p7pct,intercoil,5.7,False,91,816.1411763921609,fault_test,0.01639344262295082,True
1.5kW,1.5kW_coil_current_5p7pct,intercoil,5.7,False,92,837.5931952300773,fault_test,0.01639344262295082,True
1.5kW,1.5kW_coil_current_5p7pct,intercoil,5.7,False,93,810.8843706024194,fault_test,0.01639344262295082,True
1.5kW,1.5kW_coil_current_5p7pct,intercoil,5.7,False,94,750.2350639480107,fault_test,0.01639344262295082,True
1.5kW,1.5kW_coil_current_5p7pct,intercoil,5.7,False,95,747.6584708004121,fault_test,0.01639344262295082,True
1.5kW,1.5kW_coil_current_5p7pct,intercoil,5.7,False,96,854.7529539883681,fault_test,0.01639344262295082,True
1.5kW,1.5kW_coil_current_5p7pct,intercoil,5.7,False,97,829.3953908135766,fault_test,0.01639344262295082,True
1.5kW,1.5kW_coil_current_5p7pct,intercoil,5.7,False,98,706.4720148243418,fault_test,0.01639344262295082,True
1.5kW,1.5kW_coil_current_5p7pct,intercoil,5.7,False,99,773.2082984168147,fault_test,0.01639344262295082,True
1.5kW,1.5kW_coil_current_5p7pct,intercoil,5.7,False,100,754.8055765272172,fault_test,0.01639344262295082,True
1.5kW,1.5kW_coil_current_5p7pct,intercoil,5.7,False,101,819.9987890043641,fault_test,0.01639344262295082,True
1.5kW,1.5kW_coil_current_5p7pct,intercoil,5.7,False,102,738.9614853869534,fault_test,0.01639344262295082,True
1.5kW,1.5kW_coil_current_5p7pct,intercoil,5.7,False,103,795.0638880745831,fault_test,0.01639344262295082,True
1.5kW,1.5kW_coil_current_5p7pct,intercoil,5.7,False,104,775.3446174860295,fault_test,0.01639344262295082,True
1.5kW,1.5kW_coil_current_5p7pct,intercoil,5.7,False,105,864.5369605495075,fault_test,0.01639344262295082,True
1.5kW,1.5kW_coil_current_5p7pct,intercoil,5.7,False,106,752.7990518500939,fault_test,0.01639344262295082,True
1.5kW,1.5kW_coil_current_5p7pct,intercoil,5.7,False,107,778.2694342951172,fault_test,0.01639344262295082,True
1.5kW,1.5kW_coil_current_5p7pct,intercoil,5.7,False,108,782.2252991765241,fault_test,0.01639344262295082,True
1.5kW,1.5kW_coil_current_5p7pct,intercoil,5.7,False,109,832.5643618776287,fault_test,0.01639344262295082,True
1.5kW,1.5kW_coil_current_5p7pct,intercoil,5.7,False,110,873.8431291802482,fault_test,0.01639344262295082,True
1.5kW,1.5kW_coil_current_5p7pct,intercoil,5.7,False,111,731.4326836935611,fault_test,0.01639344262295082,True
1.5kW,1.5kW_coil_current_5p7pct,intercoil,5.7,False,112,796.3208182140058,fault_test,0.01639344262295082,True
1.5kW,1.5kW_coil_current_5p7pct,intercoil,5.7,False,113,753.8788984827078,fault_test,0.01639344262295082,True
1.5kW,1.5kW_coil_current_5p7pct,intercoil,5.7,False,114,896.6845414502855,fault_test,0.01639344262295082,True
1.5kW,1.5kW_coil_current_5p7pct,intercoil,5.7,False,115,827.5519606699506,fault_test,0.01639344262295082,True
1.5kW,1.5kW_coil_current_5p7pct,intercoil,5.7,False,116,766.7464361045389,fault_test,0.01639344262295082,True
1.5kW,1.5kW_coil_current_5p7pct,intercoil,5.7,False,117,787.3651336690142,fault_test,0.01639344262295082,True
1.5kW,1.5kW_coil_current_5p7pct,intercoil,5.7,False,118,796.1804525381144,fault_test,0.01639344262295082,True
1.5kW,1.5kW_coil_current_5p7pct,intercoil,5.7,False,119,816.1516586301772,fault_test,0.01639344262295082,True
1.5kW,1.5kW_coil_current_7p02pct,intercoil,7.02,False,0,132.7092594436031,fault_test,0.19672131147540983,False
1.5kW,1.5kW_coil_current_7p02pct,intercoil,7.02,False,1,130.91445203554005,fault_test,0.19672131147540983,False
1.5kW,1.5kW_coil_current_7p02pct,intercoil,7.02,False,2,124.06105631425257,fault_test,0.21311475409836064,False
1.5kW,1.5kW_coil_current_7p02pct,intercoil,7.02,False,3,124.30856029708154,fault_test,0.21311475409836064,False
1.5kW,1.5kW_coil_current_7p02pct,intercoil,7.02,False,4,114.70084966389432,fault_test,0.21311475409836064,False
1.5kW,1.5kW_coil_current_7p02pct,intercoil,7.02,False,5,163.61599988057628,fault_test,0.03278688524590164,True
1.5kW,1.5kW_coil_current_7p02pct,intercoil,7.02,False,6,123.96320778908752,fault_test,0.21311475409836064,False
1.5kW,1.5kW_coil_current_7p02pct,intercoil,7.02,False,7,191.84101005099416,fault_test,0.01639344262295082,True
1.5kW,1.5kW_coil_current_7p02pct,intercoil,7.02,False,8,153.6292514455956,fault_test,0.06557377049180328,False
1.5kW,1.5kW_coil_current_7p02pct,intercoil,7.02,False,9,155.76607784807078,fault_test,0.04918032786885246,True
1.5kW,1.5kW_coil_current_7p02pct,intercoil,7.02,False,10,166.61338172563944,fault_test,0.03278688524590164,True
1.5kW,1.5kW_coil_current_7p02pct,intercoil,7.02,False,11,168.3942951176948,fault_test,0.03278688524590164,True
1.5kW,1.5kW_coil_current_7p02pct,intercoil,7.02,False,12,137.18955905058672,fault_test,0.19672131147540983,False
1.5kW,1.5kW_coil_current_7p02pct,intercoil,7.02,False,13,180.9044593319265,fault_test,0.01639344262295082,True
1.5kW,1.5kW_coil_current_7p02pct,intercoil,7.02,False,14,170.2699149451127,fault_test,0.03278688524590164,True
1.5kW,1.5kW_coil_current_7p02pct,intercoil,7.02,False,15,211.60616309864582,fault_test,0.01639344262295082,True
1.5kW,1.5kW_coil_current_7p02pct,intercoil,7.02,False,16,139.8445133781106,fault_test,0.18032786885245902,False
1.5kW,1.5kW_coil_current_7p02pct,intercoil,7.02,False,17,157.85132276395905,fault_test,0.04918032786885246,True
1.5kW,1.5kW_coil_current_7p02pct,intercoil,7.02,False,18,154.04154546739218,fault_test,0.06557377049180328,False
1.5kW,1.5kW_coil_current_7p02pct,intercoil,7.02,False,19,199.47971919642117,fault_test,0.01639344262295082,True
1.5kW,1.5kW_coil_current_7p02pct,intercoil,7.02,False,20,278.60095277161463,fault_test,0.01639344262295082,True
1.5kW,1.5kW_coil_current_7p02pct,intercoil,7.02,False,21,188.46485043313265,fault_test,0.01639344262295082,True
1.5kW,1.5kW_coil_current_7p02pct,intercoil,7.02,False,22,197.16820066616725,fault_test,0.01639344262295082,True
1.5kW,1.5kW_coil_current_7p02pct,intercoil,7.02,False,23,244.34326112146255,fault_test,0.01639344262295082,True
1.5kW,1.5kW_coil_current_7p02pct,intercoil,7.02,False,24,219.57643642766345,fault_test,0.01639344262295082,True
1.5kW,1.5kW_coil_current_7p02pct,intercoil,7.02,False,25,120.9688901872736,fault_test,0.21311475409836064,False
1.5kW,1.5kW_coil_current_7p02pct,intercoil,7.02,False,26,239.2295378349456,fault_test,0.01639344262295082,True
1.5kW,1.5kW_coil_current_7p02pct,intercoil,7.02,False,27,156.6525881882716,fault_test,0.04918032786885246,True
1.5kW,1.5kW_coil_current_7p02pct,intercoil,7.02,False,28,176.66551832818965,fault_test,0.03278688524590164,True
1.5kW,1.5kW_coil_current_7p02pct,intercoil,7.02,False,29,245.41077956579085,fault_test,0.01639344262295082,True
1.5kW,1.5kW_coil_current_7p02pct,intercoil,7.02,False,30,210.1782413106244,fault_test,0.01639344262295082,True
1.5kW,1.5kW_coil_current_7p02pct,intercoil,7.02,False,31,215.50755522067362,fault_test,0.01639344262295082,True
1.5kW,1.5kW_coil_current_7p02pct,intercoil,7.02,False,32,187.39337972039368,fault_test,0.01639344262295082,True
1.5kW,1.5kW_coil_current_7p02pct,intercoil,7.02,False,33,180.93465010799142,fault_test,0.01639344262295082,True
1.5kW,1.5kW_coil_current_7p02pct,intercoil,7.02,False,34,217.66172287231356,fault_test,0.01639344262295082,True
1.5kW,1.5kW_coil_current_7p02pct,intercoil,7.02,False,35,210.57207801486535,fault_test,0.01639344262295082,True
1.5kW,1.5kW_coil_current_7p02pct,intercoil,7.02,False,36,161.20008917667238,fault_test,0.04918032786885246,True
1.5kW,1.5kW_coil_current_7p02pct,intercoil,7.02,False,37,212.0974806607683,fault_test,0.01639344262295082,True
1.5kW,1.5kW_coil_current_7p02pct,intercoil,7.02,False,38,298.78952357440113,fault_test,0.01639344262295082,True
1.5kW,1.5kW_coil_current_7p02pct,intercoil,7.02,False,39,185.59077060877956,fault_test,0.01639344262295082,True
1.5kW,1.5kW_coil_current_7p02pct,intercoil,7.02,False,40,175.65676698874887,fault_test,0.03278688524590164,True
1.5kW,1.5kW_coil_current_7p02pct,intercoil,7.02,False,41,245.15864205238663,fault_test,0.01639344262295082,True
1.5kW,1.5kW_coil_current_7p02pct,intercoil,7.02,False,42,186.63706330197704,fault_test,0.01639344262295082,True
1.5kW,1.5kW_coil_current_7p02pct,intercoil,7.02,False,43,165.99929288802292,fault_test,0.03278688524590164,True
1.5kW,1.5kW_coil_current_7p02pct,intercoil,7.02,False,44,193.12939482815426,fault_test,0.01639344262295082,True
1.5kW,1.5kW_coil_current_7p02pct,intercoil,7.02,False,45,170.10007336181403,fault_test,0.03278688524590164,True
1.5kW,1.5kW_coil_current_7p02pct,intercoil,7.02,False,46,227.82319302689615,fault_test,0.01639344262295082,True
1.5kW,1.5kW_coil_current_7p02pct,intercoil,7.02,False,47,182.15130871539753,fault_test,0.01639344262295082,True
1.5kW,1.5kW_coil_current_7p02pct,intercoil,7.02,False,48,205.4022672381193,fault_test,0.01639344262295082,True
1.5kW,1.5kW_coil_current_7p02pct,intercoil,7.02,False,49,180.09272867006013,fault_test,0.01639344262295082,True
1.5kW,1.5kW_coil_current_7p02pct,intercoil,7.02,False,50,184.47622333969304,fault_test,0.01639344262295082,True
1.5kW,1.5kW_coil_current_7p02pct,intercoil,7.02,False,51,229.4671771341955,fault_test,0.01639344262295082,True
1.5kW,1.5kW_coil_current_7p02pct,intercoil,7.02,False,52,247.40639100293416,fault_test,0.01639344262295082,True
1.5kW,1.5kW_coil_current_7p02pct,intercoil,7.02,False,53,177.3603247335804,fault_test,0.01639344262295082,True
1.5kW,1.5kW_coil_current_7p02pct,intercoil,7.02,False,54,206.23236460822477,fault_test,0.01639344262295082,True
1.5kW,1.5kW_coil_current_7p02pct,intercoil,7.02,False,55,137.24702510367703,fault_test,0.19672131147540983,False
1.5kW,1.5kW_coil_current_7p02pct,intercoil,7.02,False,56,113.36499455826316,fault_test,0.21311475409836064,False
1.5kW,1.5kW_coil_current_7p02pct,intercoil,7.02,False,57,118.69064425273157,fault_test,0.21311475409836064,False
1.5kW,1.5kW_coil_current_7p02pct,intercoil,7.02,False,58,129.30857078861519,fault_test,0.19672131147540983,False
1.5kW,1.5kW_coil_current_7p02pct,intercoil,7.02,False,59,170.30951497844387,fault_test,0.03278688524590164,True
1.5kW,1.5kW_coil_current_7p02pct,intercoil,7.02,False,60,115.861174275484,fault_test,0.21311475409836064,False
1.5kW,1.5kW_coil_current_7p02pct,intercoil,7.02,False,61,124.01730258939449,fault_test,0.21311475409836064,False
1.5kW,1.5kW_coil_current_7p02pct,intercoil,7.02,False,62,102.20486779039445,fault_test,0.26229508196721313,False
1.5kW,1.5kW_coil_current_7p02pct,intercoil,7.02,False,63,117.31961824959492,fault_test,0.21311475409836064,False
1.5kW,1.5kW_coil_current_7p02pct,intercoil,7.02,False,64,117.319576365962,fault_test,0.21311475409836064,False
1.5kW,1.5kW_coil_current_7p02pct,intercoil,7.02,False,65,119.14298022532347,fault_test,0.21311475409836064,False
1.5kW,1.5kW_coil_current_7p02pct,intercoil,7.02,False,66,104.08951797082662,fault_test,0.26229508196721313,False
1.5kW,1.5kW_coil_current_7p02pct,intercoil,7.02,False,67,133.56487643769157,fault_test,0.19672131147540983,False
1.5kW,1.5kW_coil_current_7p02pct,intercoil,7.02,False,68,185.40270568073396,fault_test,0.01639344262295082,True
1.5kW,1.5kW_coil_current_7p02pct,intercoil,7.02,False,69,105.22115729013271,fault_test,0.26229508196721313,False
1.5kW,1.5kW_coil_current_7p02pct,intercoil,7.02,False,70,125.30140219160889,fault_test,0.21311475409836064,False
1.5kW,1.5kW_coil_current_7p02pct,intercoil,7.02,False,71,130.67649759588218,fault_test,0.19672131147540983,False
1.5kW,1.5kW_coil_current_7p02pct,intercoil,7.02,False,72,112.14032772299436,fault_test,0.21311475409836064,False
1.5kW,1.5kW_coil_current_7p02pct,intercoil,7.02,False,73,136.5343445922934,fault_test,0.19672131147540983,False
1.5kW,1.5kW_coil_current_7p02pct,intercoil,7.02,False,74,119.46658899181499,fault_test,0.21311475409836064,False
1.5kW,1.5kW_coil_current_7p02pct,intercoil,7.02,False,75,112.33825305912056,fault_test,0.21311475409836064,False
1.5kW,1.5kW_coil_current_7p02pct,intercoil,7.02,False,76,135.63191070348134,fault_test,0.19672131147540983,False
1.5kW,1.5kW_coil_current_7p02pct,intercoil,7.02,False,77,127.40394503924051,fault_test,0.19672131147540983,False
1.5kW,1.5kW_coil_current_7p02pct,intercoil,7.02,False,78,125.75422150350376,fault_test,0.19672131147540983,False
1.5kW,1.5kW_coil_current_7p02pct,intercoil,7.02,False,79,100.92699020597964,fault_test,0.2786885245901639,False
1.5kW,1.5kW_coil_current_7p02pct,intercoil,7.02,False,80,133.1074615169847,fault_test,0.19672131147540983,False
1.5kW,1.5kW_coil_current_7p02pct,intercoil,7.02,False,81,172.20602500856097,fault_test,0.03278688524590164,True
1.5kW,1.5kW_coil_current_7p02pct,intercoil,7.02,False,82,144.31077338228553,fault_test,0.09836065573770492,False
1.5kW,1.5kW_coil_current_7p02pct,intercoil,7.02,False,83,120.62631604599984,fault_test,0.21311475409836064,False
1.5kW,1.5kW_coil_current_7p02pct,intercoil,7.02,False,84,113.5297945463681,fault_test,0.21311475409836064,False
1.5kW,1.5kW_coil_current_7p02pct,intercoil,7.02,False,85,158.79477056629327,fault_test,0.04918032786885246,True
1.5kW,1.5kW_coil_current_7p02pct,intercoil,7.02,False,86,169.06167413334785,fault_test,0.03278688524590164,True
1.5kW,1.5kW_coil_current_7p02pct,intercoil,7.02,False,87,119.34568937031,fault_test,0.21311475409836064,False
1.5kW,1.5kW_coil_current_7p02pct,intercoil,7.02,False,88,150.03347978406572,fault_test,0.08196721311475409,False
1.5kW,1.5kW_coil_current_7p02pct,intercoil,7.02,False,89,145.9135055491089,fault_test,0.09836065573770492,False
1.5kW,1.5kW_coil_current_7p02pct,intercoil,7.02,False,90,134.23287059582074,fault_test,0.19672131147540983,False
1.5kW,1.5kW_coil_current_7p02pct,intercoil,7.02,False,91,159.95408682779293,fault_test,0.04918032786885246,True
1.5kW,1.5kW_coil_current_7p02pct,intercoil,7.02,False,92,163.00108282689357,fault_test,0.04918032786885246,True
1.5kW,1.5kW_coil_current_7p02pct,intercoil,7.02,False,93,166.09175749938757,fault_test,0.03278688524590164,True
1.5kW,1.5kW_coil_current_7p02pct,intercoil,7.02,False,94,176.29944719826943,fault_test,0.03278688524590164,True
1.5kW,1.5kW_coil_current_7p02pct,intercoil,7.02,False,95,143.87783578312911,fault_test,0.11475409836065574,False
1.5kW,1.5kW_coil_current_7p02pct,intercoil,7.02,False,96,124.91781767773755,fault_test,0.21311475409836064,False
1.5kW,1.5kW_coil_current_7p02pct,intercoil,7.02,False,97,146.75017084264158,fault_test,0.09836065573770492,False
1.5kW,1.5kW_coil_current_7p02pct,intercoil,7.02,False,98,123.3487474586179,fault_test,0.21311475409836064,False
1.5kW,1.5kW_coil_current_7p02pct,intercoil,7.02,False,99,115.00896196078135,fault_test,0.21311475409836064,False
1.5kW,1.5kW_coil_current_7p02pct,intercoil,7.02,False,100,139.40674219089402,fault_test,0.18032786885245902,False
1.5kW,1.5kW_coil_current_7p02pct,intercoil,7.02,False,101,124.92953545307498,fault_test,0.21311475409836064,False
1.5kW,1.5kW_coil_current_7p02pct,intercoil,7.02,False,102,152.42302642676037,fault_test,0.06557377049180328,False
1.5kW,1.5kW_coil_current_7p02pct,intercoil,7.02,False,103,180.23665098363563,fault_test,0.01639344262295082,True
1.5kW,1.5kW_coil_current_7p02pct,intercoil,7.02,False,104,201.8858878475666,fault_test,0.01639344262295082,True
1.5kW,1.5kW_coil_current_7p02pct,intercoil,7.02,False,105,168.26872260534492,fault_test,0.03278688524590164,True
1.5kW,1.5kW_coil_current_7p02pct,intercoil,7.02,False,106,167.24862760193514,fault_test,0.03278688524590164,True
1.5kW,1.5kW_coil_current_7p02pct,intercoil,7.02,False,107,165.73778699202785,fault_test,0.03278688524590164,True
1.5kW,1.5kW_coil_current_7p02pct,intercoil,7.02,False,108,237.64104008633745,fault_test,0.01639344262295082,True
1.5kW,1.5kW_coil_current_7p02pct,intercoil,7.02,False,109,193.34133905758029,fault_test,0.01639344262295082,True
1.5kW,1.5kW_coil_current_7p02pct,intercoil,7.02,False,110,241.4631213095923,fault_test,0.01639344262295082,True
1.5kW,1.5kW_coil_current_7p02pct,intercoil,7.02,False,111,222.7030818777044,fault_test,0.01639344262295082,True
1.5kW,1.5kW_coil_current_7p02pct,intercoil,7.02,False,112,205.01533086374766,fault_test,0.01639344262295082,True
1.5kW,1.5kW_coil_current_7p02pct,intercoil,7.02,False,113,142.06159499433957,fault_test,0.14754098360655737,False
1.5kW,1.5kW_coil_current_7p02pct,intercoil,7.02,False,114,204.598251681311,fault_test,0.01639344262295082,True
1.5kW,1.5kW_coil_current_7p02pct,intercoil,7.02,False,115,191.9619790029979,fault_test,0.01639344262295082,True
1.5kW,1.5kW_coil_current_7p02pct,intercoil,7.02,False,116,176.52783857174347,fault_test,0.03278688524590164,True
1.5kW,1.5kW_coil_current_7p02pct,intercoil,7.02,False,117,174.3479798208418,fault_test,0.03278688524590164,True
1.5kW,1.5kW_coil_current_7p02pct,intercoil,7.02,False,118,190.7824401349995,fault_test,0.01639344262295082,True
1.5kW,1.5kW_coil_current_7p02pct,intercoil,7.02,False,119,163.76754154544665,fault_test,0.03278688524590164,True
1.5kW,1.5kW_coil_current_9p15pct,intercoil,9.15,False,0,655.1679804252302,fault_test,0.01639344262295082,True
1.5kW,1.5kW_coil_current_9p15pct,intercoil,9.15,False,1,638.6463145661986,fault_test,0.01639344262295082,True
1.5kW,1.5kW_coil_current_9p15pct,intercoil,9.15,False,2,704.2807897051243,fault_test,0.01639344262295082,True
1.5kW,1.5kW_coil_current_9p15pct,intercoil,9.15,False,3,707.5901587805903,fault_test,0.01639344262295082,True
1.5kW,1.5kW_coil_current_9p15pct,intercoil,9.15,False,4,675.6729492343741,fault_test,0.01639344262295082,True
1.5kW,1.5kW_coil_current_9p15pct,intercoil,9.15,False,5,681.5715276106934,fault_test,0.01639344262295082,True
1.5kW,1.5kW_coil_current_9p15pct,intercoil,9.15,False,6,723.8076946828869,fault_test,0.01639344262295082,True
1.5kW,1.5kW_coil_current_9p15pct,intercoil,9.15,False,7,712.8651967640159,fault_test,0.01639344262295082,True
1.5kW,1.5kW_coil_current_9p15pct,intercoil,9.15,False,8,719.7041727994676,fault_test,0.01639344262295082,True
1.5kW,1.5kW_coil_current_9p15pct,intercoil,9.15,False,9,640.0956572347225,fault_test,0.01639344262295082,True
1.5kW,1.5kW_coil_current_9p15pct,intercoil,9.15,False,10,744.0409774013167,fault_test,0.01639344262295082,True
1.5kW,1.5kW_coil_current_9p15pct,intercoil,9.15,False,11,685.912081762044,fault_test,0.01639344262295082,True
1.5kW,1.5kW_coil_current_9p15pct,intercoil,9.15,False,12,645.7495344178365,fault_test,0.01639344262295082,True
1.5kW,1.5kW_coil_current_9p15pct,intercoil,9.15,False,13,693.217847540781,fault_test,0.01639344262295082,True
1.5kW,1.5kW_coil_current_9p15pct,intercoil,9.15,False,14,704.1888883694658,fault_test,0.01639344262295082,True
1.5kW,1.5kW_coil_current_9p15pct,intercoil,9.15,False,15,660.5153177398416,fault_test,0.01639344262295082,True
1.5kW,1.5kW_coil_current_9p15pct,intercoil,9.15,False,16,673.5034070721429,fault_test,0.01639344262295082,True
1.5kW,1.5kW_coil_current_9p15pct,intercoil,9.15,False,17,802.129238343446,fault_test,0.01639344262295082,True
1.5kW,1.5kW_coil_current_9p15pct,intercoil,9.15,False,18,698.4939402355933,fault_test,0.01639344262295082,True
1.5kW,1.5kW_coil_current_9p15pct,intercoil,9.15,False,19,652.1769638465637,fault_test,0.01639344262295082,True
1.5kW,1.5kW_coil_current_9p15pct,intercoil,9.15,False,20,730.6856472523814,fault_test,0.01639344262295082,True
1.5kW,1.5kW_coil_current_9p15pct,intercoil,9.15,False,21,722.4122363841601,fault_test,0.01639344262295082,True
1.5kW,1.5kW_coil_current_9p15pct,intercoil,9.15,False,22,701.3650018584718,fault_test,0.01639344262295082,True
1.5kW,1.5kW_coil_current_9p15pct,intercoil,9.15,False,23,762.7959922465272,fault_test,0.01639344262295082,True
1.5kW,1.5kW_coil_current_9p15pct,intercoil,9.15,False,24,721.3807818840786,fault_test,0.01639344262295082,True
1.5kW,1.5kW_coil_current_9p15pct,intercoil,9.15,False,25,691.3167235873188,fault_test,0.01639344262295082,True
1.5kW,1.5kW_coil_current_9p15pct,intercoil,9.15,False,26,716.2482732164951,fault_test,0.01639344262295082,True
1.5kW,1.5kW_coil_current_9p15pct,intercoil,9.15,False,27,676.1933709187504,fault_test,0.01639344262295082,True
1.5kW,1.5kW_coil_current_9p15pct,intercoil,9.15,False,28,699.7037413236493,fault_test,0.01639344262295082,True
1.5kW,1.5kW_coil_current_9p15pct,intercoil,9.15,False,29,719.067337149532,fault_test,0.01639344262295082,True
1.5kW,1.5kW_coil_current_9p15pct,intercoil,9.15,False,30,772.1075774478841,fault_test,0.01639344262295082,True
1.5kW,1.5kW_coil_current_9p15pct,intercoil,9.15,False,31,728.538339940029,fault_test,0.01639344262295082,True
1.5kW,1.5kW_coil_current_9p15pct,intercoil,9.15,False,32,802.9463310376167,fault_test,0.01639344262295082,True
1.5kW,1.5kW_coil_current_9p15pct,intercoil,9.15,False,33,670.5414225215619,fault_test,0.01639344262295082,True
1.5kW,1.5kW_coil_current_9p15pct,intercoil,9.15,False,34,710.6200472519488,fault_test,0.01639344262295082,True
1.5kW,1.5kW_coil_current_9p15pct,intercoil,9.15,False,35,738.657395007542,fault_test,0.01639344262295082,True
1.5kW,1.5kW_coil_current_9p15pct,intercoil,9.15,False,36,707.3587814275368,fault_test,0.01639344262295082,True
1.5kW,1.5kW_coil_current_9p15pct,intercoil,9.15,False,37,763.949504865949,fault_test,0.01639344262295082,True
1.5kW,1.5kW_coil_current_9p15pct,intercoil,9.15,False,38,657.4974007937943,fault_test,0.01639344262295082,True
1.5kW,1.5kW_coil_current_9p15pct,intercoil,9.15,False,39,707.9530998814286,fault_test,0.01639344262295082,True
1.5kW,1.5kW_coil_current_9p15pct,intercoil,9.15,False,40,637.0391382156815,fault_test,0.01639344262295082,True
1.5kW,1.5kW_coil_current_9p15pct,intercoil,9.15,False,41,730.7257578403829,fault_test,0.01639344262295082,True
1.5kW,1.5kW_coil_current_9p15pct,intercoil,9.15,False,42,761.6363435738273,fault_test,0.01639344262295082,True
1.5kW,1.5kW_coil_current_9p15pct,intercoil,9.15,False,43,645.8531590458417,fault_test,0.01639344262295082,True
1.5kW,1.5kW_coil_current_9p15pct,intercoil,9.15,False,44,709.4309866872592,fault_test,0.01639344262295082,True
1.5kW,1.5kW_coil_current_9p15pct,intercoil,9.15,False,45,696.5600765598303,fault_test,0.01639344262295082,True
1.5kW,1.5kW_coil_current_9p15pct,intercoil,9.15,False,46,671.8540683428688,fault_test,0.01639344262295082,True
1.5kW,1.5kW_coil_current_9p15pct,intercoil,9.15,False,47,696.1105865455066,fault_test,0.01639344262295082,True
1.5kW,1.5kW_coil_current_9p15pct,intercoil,9.15,False,48,627.5091144624135,fault_test,0.01639344262295082,True
1.5kW,1.5kW_coil_current_9p15pct,intercoil,9.15,False,49,717.2020927074343,fault_test,0.01639344262295082,True
1.5kW,1.5kW_coil_current_9p15pct,intercoil,9.15,False,50,639.5543677245588,fault_test,0.01639344262295082,True
1.5kW,1.5kW_coil_current_9p15pct,intercoil,9.15,False,51,659.0128511715875,fault_test,0.01639344262295082,True
1.5kW,1.5kW_coil_current_9p15pct,intercoil,9.15,False,52,797.5041760768172,fault_test,0.01639344262295082,True
1.5kW,1.5kW_coil_current_9p15pct,intercoil,9.15,False,53,714.1608855907256,fault_test,0.01639344262295082,True
1.5kW,1.5kW_coil_current_9p15pct,intercoil,9.15,False,54,677.2491939699564,fault_test,0.01639344262295082,True
1.5kW,1.5kW_coil_current_9p15pct,intercoil,9.15,False,55,667.4479768567694,fault_test,0.01639344262295082,True
1.5kW,1.5kW_coil_current_9p15pct,intercoil,9.15,False,56,728.9331889502402,fault_test,0.01639344262295082,True
1.5kW,1.5kW_coil_current_9p15pct,intercoil,9.15,False,57,633.4651623025836,fault_test,0.01639344262295082,True
1.5kW,1.5kW_coil_current_9p15pct,intercoil,9.15,False,58,757.5087840356998,fault_test,0.01639344262295082,True
1.5kW,1.5kW_coil_current_9p15pct,intercoil,9.15,False,59,651.0059586767517,fault_test,0.01639344262295082,True
1.5kW,1.5kW_coil_current_9p15pct,intercoil,9.15,False,60,655.909312047817,fault_test,0.01639344262295082,True
1.5kW,1.5kW_coil_current_9p15pct,intercoil,9.15,False,61,681.8757200018186,fault_test,0.01639344262295082,True
1.5kW,1.5kW_coil_current_9p15pct,intercoil,9.15,False,62,625.7530921260684,fault_test,0.01639344262295082,True
1.5kW,1.5kW_coil_current_9p15pct,intercoil,9.15,False,63,717.8633016444951,fault_test,0.01639344262295082,True
1.5kW,1.5kW_coil_current_9p15pct,intercoil,9.15,False,64,633.4247797090146,fault_test,0.01639344262295082,True
1.5kW,1.5kW_coil_current_9p15pct,intercoil,9.15,False,65,719.0878922817258,fault_test,0.01639344262295082,True
1.5kW,1.5kW_coil_current_9p15pct,intercoil,9.15,False,66,719.3892027037507,fault_test,0.01639344262295082,True
1.5kW,1.5kW_coil_current_9p15pct,intercoil,9.15,False,67,725.0415893998797,fault_test,0.01639344262295082,True
1.5kW,1.5kW_coil_current_9p15pct,intercoil,9.15,False,68,709.8184836007247,fault_test,0.01639344262295082,True
1.5kW,1.5kW_coil_current_9p15pct,intercoil,9.15,False,69,724.7394819172944,fault_test,0.01639344262295082,True
1.5kW,1.5kW_coil_current_9p15pct,intercoil,9.15,False,70,654.4908281693268,fault_test,0.01639344262295082,True
1.5kW,1.5kW_coil_current_9p15pct,intercoil,9.15,False,71,660.4526961322798,fault_test,0.01639344262295082,True
1.5kW,1.5kW_coil_current_9p15pct,intercoil,9.15,False,72,710.5375814799386,fault_test,0.01639344262295082,True
1.5kW,1.5kW_coil_current_9p15pct,intercoil,9.15,False,73,610.0494802597258,fault_test,0.01639344262295082,True
1.5kW,1.5kW_coil_current_9p15pct,intercoil,9.15,False,74,728.7402921052521,fault_test,0.01639344262295082,True
1.5kW,1.5kW_coil_current_9p15pct,intercoil,9.15,False,75,643.9728678440626,fault_test,0.01639344262295082,True
1.5kW,1.5kW_coil_current_9p15pct,intercoil,9.15,False,76,704.2001100762657,fault_test,0.01639344262295082,True
1.5kW,1.5kW_coil_current_9p15pct,intercoil,9.15,False,77,682.4839889189199,fault_test,0.01639344262295082,True
1.5kW,1.5kW_coil_current_9p15pct,intercoil,9.15,False,78,734.7069553242361,fault_test,0.01639344262295082,True
1.5kW,1.5kW_coil_current_9p15pct,intercoil,9.15,False,79,734.6570951776089,fault_test,0.01639344262295082,True
1.5kW,1.5kW_coil_current_9p15pct,intercoil,9.15,False,80,673.1399276754207,fault_test,0.01639344262295082,True
1.5kW,1.5kW_coil_current_9p15pct,intercoil,9.15,False,81,668.7658889317404,fault_test,0.01639344262295082,True
1.5kW,1.5kW_coil_current_9p15pct,intercoil,9.15,False,82,605.6142028203343,fault_test,0.01639344262295082,True
1.5kW,1.5kW_coil_current_9p15pct,intercoil,9.15,False,83,726.0436254885965,fault_test,0.01639344262295082,True
1.5kW,1.5kW_coil_current_9p15pct,intercoil,9.15,False,84,659.2611224283042,fault_test,0.01639344262295082,True
1.5kW,1.5kW_coil_current_9p15pct,intercoil,9.15,False,85,646.2856938487197,fault_test,0.01639344262295082,True
1.5kW,1.5kW_coil_current_9p15pct,intercoil,9.15,False,86,686.3106890048826,fault_test,0.01639344262295082,True
1.5kW,1.5kW_coil_current_9p15pct,intercoil,9.15,False,87,663.1718239685376,fault_test,0.01639344262295082,True
1.5kW,1.5kW_coil_current_9p15pct,intercoil,9.15,False,88,626.9792737817164,fault_test,0.01639344262295082,True
1.5kW,1.5kW_coil_current_9p15pct,intercoil,9.15,False,89,669.8254632675496,fault_test,0.01639344262295082,True
1.5kW,1.5kW_coil_current_9p15pct,intercoil,9.15,False,90,655.5894301124204,fault_test,0.01639344262295082,True
1.5kW,1.5kW_coil_current_9p15pct,intercoil,9.15,False,91,695.0672153613864,fault_test,0.01639344262295082,True
1.5kW,1.5kW_coil_current_9p15pct,intercoil,9.15,False,92,669.946723024117,fault_test,0.01639344262295082,True
1.5kW,1.5kW_coil_current_9p15pct,intercoil,9.15,False,93,748.0860197209473,fault_test,0.01639344262295082,True
1.5kW,1.5kW_coil_current_9p15pct,intercoil,9.15,False,94,698.142678015862,fault_test,0.01639344262295082,True
1.5kW,1.5kW_coil_current_9p15pct,intercoil,9.15,False,95,724.3923974301754,fault_test,0.01639344262295082,True
1.5kW,1.5kW_coil_current_9p15pct,intercoil,9.15,False,96,638.9042302242682,fault_test,0.01639344262295082,True
1.5kW,1.5kW_coil_current_9p15pct,intercoil,9.15,False,97,643.5922404008277,fault_test,0.01639344262295082,True
1.5kW,1.5kW_coil_current_9p15pct,intercoil,9.15,False,98,661.2529720531699,fault_test,0.01639344262295082,True
1.5kW,1.5kW_coil_current_9p15pct,intercoil,9.15,False,99,655.2694351092475,fault_test,0.01639344262295082,True
1.5kW,1.5kW_coil_current_9p15pct,intercoil,9.15,False,100,681.8494390177602,fault_test,0.01639344262295082,True
1.5kW,1.5kW_coil_current_9p15pct,intercoil,9.15,False,101,643.7725009879307,fault_test,0.01639344262295082,True
1.5kW,1.5kW_coil_current_9p15pct,intercoil,9.15,False,102,678.2483492960362,fault_test,0.01639344262295082,True
1.5kW,1.5kW_coil_current_9p15pct,intercoil,9.15,False,103,628.7160777260077,fault_test,0.01639344262295082,True
1.5kW,1.5kW_coil_current_9p15pct,intercoil,9.15,False,104,677.716516225291,fault_test,0.01639344262295082,True
1.5kW,1.5kW_coil_current_9p15pct,intercoil,9.15,False,105,645.0298148800089,fault_test,0.01639344262295082,True
1.5kW,1.5kW_coil_current_9p15pct,intercoil,9.15,False,106,745.203518902945,fault_test,0.01639344262295082,True
1.5kW,1.5kW_coil_current_9p15pct,intercoil,9.15,False,107,629.905161650725,fault_test,0.01639344262295082,True
1.5kW,1.5kW_coil_current_9p15pct,intercoil,9.15,False,108,676.971133828583,fault_test,0.01639344262295082,True
1.5kW,1.5kW_coil_current_9p15pct,intercoil,9.15,False,109,729.2156611483794,fault_test,0.01639344262295082,True
1.5kW,1.5kW_coil_current_9p15pct,intercoil,9.15,False,110,698.8967575468037,fault_test,0.01639344262295082,True
1.5kW,1.5kW_coil_current_9p15pct,intercoil,9.15,False,111,644.2194577822378,fault_test,0.01639344262295082,True
1.5kW,1.5kW_coil_current_9p15pct,intercoil,9.15,False,112,650.6108291751863,fault_test,0.01639344262295082,True
1.5kW,1.5kW_coil_current_9p15pct,intercoil,9.15,False,113,645.559184916639,fault_test,0.01639344262295082,True
1.5kW,1.5kW_coil_current_9p15pct,intercoil,9.15,False,114,719.6166680956878,fault_test,0.01639344262295082,True
1.5kW,1.5kW_coil_current_9p15pct,intercoil,9.15,False,115,764.5990487031436,fault_test,0.01639344262295082,True
1.5kW,1.5kW_coil_current_9p15pct,intercoil,9.15,False,116,762.9758173516377,fault_test,0.01639344262295082,True
1.5kW,1.5kW_coil_current_9p15pct,intercoil,9.15,False,117,678.8097916650189,fault_test,0.01639344262295082,True
1.5kW,1.5kW_coil_current_9p15pct,intercoil,9.15,False,118,697.1009426462689,fault_test,0.01639344262295082,True
1.5kW,1.5kW_coil_current_9p15pct,intercoil,9.15,False,119,634.072344218172,fault_test,0.01639344262295082,True
1.5kW,1.5kW_turn_current_16p08pct,interturn,16.08,False,0,1048.2317151390198,fault_test,0.01639344262295082,True
1.5kW,1.5kW_turn_current_16p08pct,interturn,16.08,False,1,1033.8208258642828,fault_test,0.01639344262295082,True
1.5kW,1.5kW_turn_current_16p08pct,interturn,16.08,False,2,1399.9034604505189,fault_test,0.01639344262295082,True
1.5kW,1.5kW_turn_current_16p08pct,interturn,16.08,False,3,1273.242635445109,fault_test,0.01639344262295082,True
1.5kW,1.5kW_turn_current_16p08pct,interturn,16.08,False,4,1244.3709535005144,fault_test,0.01639344262295082,True
1.5kW,1.5kW_turn_current_16p08pct,interturn,16.08,False,5,1254.7977297861858,fault_test,0.01639344262295082,True
1.5kW,1.5kW_turn_current_16p08pct,interturn,16.08,False,6,1213.7721105866049,fault_test,0.01639344262295082,True
1.5kW,1.5kW_turn_current_16p08pct,interturn,16.08,False,7,1261.3927105979503,fault_test,0.01639344262295082,True
1.5kW,1.5kW_turn_current_16p08pct,interturn,16.08,False,8,1279.3015104982512,fault_test,0.01639344262295082,True
1.5kW,1.5kW_turn_current_16p08pct,interturn,16.08,False,9,1331.2783632590078,fault_test,0.01639344262295082,True
1.5kW,1.5kW_turn_current_16p08pct,interturn,16.08,False,10,1221.7283920430527,fault_test,0.01639344262295082,True
1.5kW,1.5kW_turn_current_16p08pct,interturn,16.08,False,11,1269.1612909983396,fault_test,0.01639344262295082,True
1.5kW,1.5kW_turn_current_16p08pct,interturn,16.08,False,12,1240.6875038896205,fault_test,0.01639344262295082,True
1.5kW,1.5kW_turn_current_16p08pct,interturn,16.08,False,13,1138.6595791655088,fault_test,0.01639344262295082,True
1.5kW,1.5kW_turn_current_16p08pct,interturn,16.08,False,14,1238.3647571214383,fault_test,0.01639344262295082,True
1.5kW,1.5kW_turn_current_16p08pct,interturn,16.08,False,15,1274.062162224885,fault_test,0.01639344262295082,True
1.5kW,1.5kW_turn_current_16p08pct,interturn,16.08,False,16,1338.7063849977594,fault_test,0.01639344262295082,True
1.5kW,1.5kW_turn_current_16p08pct,interturn,16.08,False,17,1174.3853949510008,fault_test,0.01639344262295082,True
1.5kW,1.5kW_turn_current_16p08pct,interturn,16.08,False,18,1155.6749674115842,fault_test,0.01639344262295082,True
1.5kW,1.5kW_turn_current_16p08pct,interturn,16.08,False,19,1246.5259883902727,fault_test,0.01639344262295082,True
1.5kW,1.5kW_turn_current_16p08pct,interturn,16.08,False,20,1201.711576317954,fault_test,0.01639344262295082,True
1.5kW,1.5kW_turn_current_16p08pct,interturn,16.08,False,21,1199.6992065624447,fault_test,0.01639344262295082,True
1.5kW,1.5kW_turn_current_16p08pct,interturn,16.08,False,22,1218.3137987459745,fault_test,0.01639344262295082,True
1.5kW,1.5kW_turn_current_16p08pct,interturn,16.08,False,23,1269.670316943148,fault_test,0.01639344262295082,True
1.5kW,1.5kW_turn_current_16p08pct,interturn,16.08,False,24,1120.6329962876714,fault_test,0.01639344262295082,True
1.5kW,1.5kW_turn_current_16p08pct,interturn,16.08,False,25,1278.904211206534,fault_test,0.01639344262295082,True
1.5kW,1.5kW_turn_current_16p08pct,interturn,16.08,False,26,1161.9089877226804,fault_test,0.01639344262295082,True
1.5kW,1.5kW_turn_current_16p08pct,interturn,16.08,False,27,1182.8010219819341,fault_test,0.01639344262295082,True
1.5kW,1.5kW_turn_current_16p08pct,interturn,16.08,False,28,1166.4947755995256,fault_test,0.01639344262295082,True
1.5kW,1.5kW_turn_current_16p08pct,interturn,16.08,False,29,1156.6739720946755,fault_test,0.01639344262295082,True
1.5kW,1.5kW_turn_current_16p08pct,interturn,16.08,False,30,1116.9375922315296,fault_test,0.01639344262295082,True
1.5kW,1.5kW_turn_current_16p08pct,interturn,16.08,False,31,1197.7121373079217,fault_test,0.01639344262295082,True
1.5kW,1.5kW_turn_current_16p08pct,interturn,16.08,False,32,1177.740051126237,fault_test,0.01639344262295082,True
1.5kW,1.5kW_turn_current_16p08pct,interturn,16.08,False,33,1270.9401634412814,fault_test,0.01639344262295082,True
1.5kW,1.5kW_turn_current_16p08pct,interturn,16.08,False,34,1094.6416102063026,fault_test,0.01639344262295082,True
1.5kW,1.5kW_turn_current_16p08pct,interturn,16.08,False,35,1254.0506180316925,fault_test,0.01639344262295082,True
1.5kW,1.5kW_turn_current_16p08pct,interturn,16.08,False,36,1395.2975824090013,fault_test,0.01639344262295082,True
1.5kW,1.5kW_turn_current_16p08pct,interturn,16.08,False,37,1146.4672817981746,fault_test,0.01639344262295082,True
1.5kW,1.5kW_turn_current_16p08pct,interturn,16.08,False,38,1104.1766153569893,fault_test,0.01639344262295082,True
1.5kW,1.5kW_turn_current_16p08pct,interturn,16.08,False,39,1156.8573585717768,fault_test,0.01639344262295082,True
1.5kW,1.5kW_turn_current_16p08pct,interturn,16.08,False,40,1095.816566579033,fault_test,0.01639344262295082,True
1.5kW,1.5kW_turn_current_16p08pct,interturn,16.08,False,41,1183.2378681070957,fault_test,0.01639344262295082,True
1.5kW,1.5kW_turn_current_16p08pct,interturn,16.08,False,42,1158.3319401765086,fault_test,0.01639344262295082,True
1.5kW,1.5kW_turn_current_16p08pct,interturn,16.08,False,43,1153.215662915687,fault_test,0.01639344262295082,True
1.5kW,1.5kW_turn_current_16p08pct,interturn,16.08,False,44,1129.1594564607135,fault_test,0.01639344262295082,True
1.5kW,1.5kW_turn_current_16p08pct,interturn,16.08,False,45,1188.9748444370912,fault_test,0.01639344262295082,True
1.5kW,1.5kW_turn_current_16p08pct,interturn,16.08,False,46,1132.698908394057,fault_test,0.01639344262295082,True
1.5kW,1.5kW_turn_current_16p08pct,interturn,16.08,False,47,1234.990621138622,fault_test,0.01639344262295082,True
1.5kW,1.5kW_turn_current_16p08pct,interturn,16.08,False,48,1227.3387804469603,fault_test,0.01639344262295082,True
1.5kW,1.5kW_turn_current_16p08pct,interturn,16.08,False,49,1197.477770072322,fault_test,0.01639344262295082,True
1.5kW,1.5kW_turn_current_16p08pct,interturn,16.08,False,50,1147.316584337814,fault_test,0.01639344262295082,True
1.5kW,1.5kW_turn_current_16p08pct,interturn,16.08,False,51,1091.828735435802,fault_test,0.01639344262295082,True
1.5kW,1.5kW_turn_current_16p08pct,interturn,16.08,False,52,1250.6460392958593,fault_test,0.01639344262295082,True
1.5kW,1.5kW_turn_current_16p08pct,interturn,16.08,False,53,1150.345079723258,fault_test,0.01639344262295082,True
1.5kW,1.5kW_turn_current_16p08pct,interturn,16.08,False,54,1156.8545232906454,fault_test,0.01639344262295082,True
1.5kW,1.5kW_turn_current_16p08pct,interturn,16.08,False,55,1123.6076782095104,fault_test,0.01639344262295082,True
1.5kW,1.5kW_turn_current_16p08pct,interturn,16.08,False,56,1232.8966637897263,fault_test,0.01639344262295082,True
1.5kW,1.5kW_turn_current_16p08pct,interturn,16.08,False,57,1259.0116496234268,fault_test,0.01639344262295082,True
1.5kW,1.5kW_turn_current_16p08pct,interturn,16.08,False,58,1131.6287679518211,fault_test,0.01639344262295082,True
1.5kW,1.5kW_turn_current_16p08pct,interturn,16.08,False,59,1115.4872553871562,fault_test,0.01639344262295082,True
1.5kW,1.5kW_turn_current_16p08pct,interturn,16.08,False,60,1235.0317658117842,fault_test,0.01639344262295082,True
1.5kW,1.5kW_turn_current_16p08pct,interturn,16.08,False,61,1223.672087445067,fault_test,0.01639344262295082,True
1.5kW,1.5kW_turn_current_16p08pct,interturn,16.08,False,62,1203.1816901256757,fault_test,0.01639344262295082,True
1.5kW,1.5kW_turn_current_16p08pct,interturn,16.08,False,63,1090.901263020121,fault_test,0.01639344262295082,True
1.5kW,1.5kW_turn_current_16p08pct,interturn,16.08,False,64,1138.6610255229216,fault_test,0.01639344262295082,True
1.5kW,1.5kW_turn_current_16p08pct,interturn,16.08,False,65,1228.235121993025,fault_test,0.01639344262295082,True
1.5kW,1.5kW_turn_current_16p08pct,interturn,16.08,False,66,1239.290296000408,fault_test,0.01639344262295082,True
1.5kW,1.5kW_turn_current_16p08pct,interturn,16.08,False,67,1156.2087881670566,fault_test,0.01639344262295082,True
1.5kW,1.5kW_turn_current_16p08pct,interturn,16.08,False,68,1215.192203871497,fault_test,0.01639344262295082,True
1.5kW,1.5kW_turn_current_16p08pct,interturn,16.08,False,69,1271.6992973111276,fault_test,0.01639344262295082,True
1.5kW,1.5kW_turn_current_16p08pct,interturn,16.08,False,70,1236.667791115982,fault_test,0.01639344262295082,True
1.5kW,1.5kW_turn_current_16p08pct,interturn,16.08,False,71,1090.438070987835,fault_test,0.01639344262295082,True
1.5kW,1.5kW_turn_current_16p08pct,interturn,16.08,False,72,1220.764871444046,fault_test,0.01639344262295082,True
1.5kW,1.5kW_turn_current_16p08pct,interturn,16.08,False,73,1264.248801231442,fault_test,0.01639344262295082,True
1.5kW,1.5kW_turn_current_16p08pct,interturn,16.08,False,74,1198.6737256816186,fault_test,0.01639344262295082,True
1.5kW,1.5kW_turn_current_16p08pct,interturn,16.08,False,75,1209.9508956709728,fault_test,0.01639344262295082,True
1.5kW,1.5kW_turn_current_16p08pct,interturn,16.08,False,76,1140.557869525237,fault_test,0.01639344262295082,True
1.5kW,1.5kW_turn_current_16p08pct,interturn,16.08,False,77,1198.3233126912914,fault_test,0.01639344262295082,True
1.5kW,1.5kW_turn_current_16p08pct,interturn,16.08,False,78,1227.9327599269798,fault_test,0.01639344262295082,True
1.5kW,1.5kW_turn_current_16p08pct,interturn,16.08,False,79,1108.045120417521,fault_test,0.01639344262295082,True
1.5kW,1.5kW_turn_current_16p08pct,interturn,16.08,False,80,1130.3198490153475,fault_test,0.01639344262295082,True
1.5kW,1.5kW_turn_current_16p08pct,interturn,16.08,False,81,1230.2047428635058,fault_test,0.01639344262295082,True
1.5kW,1.5kW_turn_current_16p08pct,interturn,16.08,False,82,1284.1116380344054,fault_test,0.01639344262295082,True
1.5kW,1.5kW_turn_current_16p08pct,interturn,16.08,False,83,1117.1518934768949,fault_test,0.01639344262295082,True
1.5kW,1.5kW_turn_current_16p08pct,interturn,16.08,False,84,1177.890937877866,fault_test,0.01639344262295082,True
1.5kW,1.5kW_turn_current_16p08pct,interturn,16.08,False,85,1237.1257349062348,fault_test,0.01639344262295082,True
1.5kW,1.5kW_turn_current_16p08pct,interturn,16.08,False,86,1253.0053745696584,fault_test,0.01639344262295082,True
1.5kW,1.5kW_turn_current_16p08pct,interturn,16.08,False,87,1132.5517639663199,fault_test,0.01639344262295082,True
1.5kW,1.5kW_turn_current_16p08pct,interturn,16.08,False,88,1127.7130114835013,fault_test,0.01639344262295082,True
1.5kW,1.5kW_turn_current_16p08pct,interturn,16.08,False,89,1304.1273235749557,fault_test,0.01639344262295082,True
1.5kW,1.5kW_turn_current_16p08pct,interturn,16.08,False,90,1276.9640726147966,fault_test,0.01639344262295082,True
1.5kW,1.5kW_turn_current_16p08pct,interturn,16.08,False,91,1198.9998537914316,fault_test,0.01639344262295082,True
1.5kW,1.5kW_turn_current_16p08pct,interturn,16.08,False,92,1113.708038825271,fault_test,0.01639344262295082,True
1.5kW,1.5kW_turn_current_16p08pct,interturn,16.08,False,93,1213.8717746831485,fault_test,0.01639344262295082,True
1.5kW,1.5kW_turn_current_16p08pct,interturn,16.08,False,94,1334.848713381757,fault_test,0.01639344262295082,True
1.5kW,1.5kW_turn_current_16p08pct,interturn,16.08,False,95,1193.1120277570587,fault_test,0.01639344262295082,True
1.5kW,1.5kW_turn_current_16p08pct,interturn,16.08,False,96,1103.0841612522063,fault_test,0.01639344262295082,True
1.5kW,1.5kW_turn_current_16p08pct,interturn,16.08,False,97,1196.925410766984,fault_test,0.01639344262295082,True
1.5kW,1.5kW_turn_current_16p08pct,interturn,16.08,False,98,1216.8518700915513,fault_test,0.01639344262295082,True
1.5kW,1.5kW_turn_current_16p08pct,interturn,16.08,False,99,1223.2713672992481,fault_test,0.01639344262295082,True
1.5kW,1.5kW_turn_current_16p08pct,interturn,16.08,False,100,1143.3850836503586,fault_test,0.01639344262295082,True
1.5kW,1.5kW_turn_current_16p08pct,interturn,16.08,False,101,1102.5898886996472,fault_test,0.01639344262295082,True
1.5kW,1.5kW_turn_current_16p08pct,interturn,16.08,False,102,1246.169314369451,fault_test,0.01639344262295082,True
1.5kW,1.5kW_turn_current_16p08pct,interturn,16.08,False,103,1329.5884894525034,fault_test,0.01639344262295082,True
1.5kW,1.5kW_turn_current_16p08pct,interturn,16.08,False,104,1165.78453669958,fault_test,0.01639344262295082,True
1.5kW,1.5kW_turn_current_16p08pct,interturn,16.08,False,105,1192.967164127492,fault_test,0.01639344262295082,True
1.5kW,1.5kW_turn_current_16p08pct,interturn,16.08,False,106,1200.9930895503558,fault_test,0.01639344262295082,True
1.5kW,1.5kW_turn_current_16p08pct,interturn,16.08,False,107,1218.8379814105638,fault_test,0.01639344262295082,True
1.5kW,1.5kW_turn_current_16p08pct,interturn,16.08,False,108,1059.920371352323,fault_test,0.01639344262295082,True
1.5kW,1.5kW_turn_current_16p08pct,interturn,16.08,False,109,1261.815968748439,fault_test,0.01639344262295082,True
1.5kW,1.5kW_turn_current_16p08pct,interturn,16.08,False,110,1176.267930650175,fault_test,0.01639344262295082,True
1.5kW,1.5kW_turn_current_16p08pct,interturn,16.08,False,111,1137.7105846367301,fault_test,0.01639344262295082,True
1.5kW,1.5kW_turn_current_16p08pct,interturn,16.08,False,112,1082.929748694699,fault_test,0.01639344262295082,True
1.5kW,1.5kW_turn_current_16p08pct,interturn,16.08,False,113,1195.3900856286216,fault_test,0.01639344262295082,True
1.5kW,1.5kW_turn_current_16p08pct,interturn,16.08,False,114,1228.7781696621698,fault_test,0.01639344262295082,True
1.5kW,1.5kW_turn_current_16p08pct,interturn,16.08,False,115,1135.0412881754326,fault_test,0.01639344262295082,True
1.5kW,1.5kW_turn_current_16p08pct,interturn,16.08,False,116,1105.0428791447496,fault_test,0.01639344262295082,True
1.5kW,1.5kW_turn_current_16p08pct,interturn,16.08,False,117,1116.495937797437,fault_test,0.01639344262295082,True
1.5kW,1.5kW_turn_current_16p08pct,interturn,16.08,False,118,1201.2985960553233,fault_test,0.01639344262295082,True
1.5kW,1.5kW_turn_current_16p08pct,interturn,16.08,False,119,1200.3982633602836,fault_test,0.01639344262295082,True
1.5kW,1.5kW_turn_current_1p57pct,interturn,1.57,False,0,560.2978794908892,fault_test,0.01639344262295082,True
1.5kW,1.5kW_turn_current_1p57pct,interturn,1.57,False,1,550.2876043660541,fault_test,0.01639344262295082,True
1.5kW,1.5kW_turn_current_1p57pct,interturn,1.57,False,2,542.3469157726605,fault_test,0.01639344262295082,True
1.5kW,1.5kW_turn_current_1p57pct,interturn,1.57,False,3,571.7585762092792,fault_test,0.01639344262295082,True
1.5kW,1.5kW_turn_current_1p57pct,interturn,1.57,False,4,590.2606853041337,fault_test,0.01639344262295082,True
1.5kW,1.5kW_turn_current_1p57pct,interturn,1.57,False,5,521.4886280320204,fault_test,0.01639344262295082,True
1.5kW,1.5kW_turn_current_1p57pct,interturn,1.57,False,6,561.467434112963,fault_test,0.01639344262295082,True
1.5kW,1.5kW_turn_current_1p57pct,interturn,1.57,False,7,564.3284551015951,fault_test,0.01639344262295082,True
1.5kW,1.5kW_turn_current_1p57pct,interturn,1.57,False,8,607.8142395167329,fault_test,0.01639344262295082,True
1.5kW,1.5kW_turn_current_1p57pct,interturn,1.57,False,9,633.8058092886041,fault_test,0.01639344262295082,True
1.5kW,1.5kW_turn_current_1p57pct,interturn,1.57,False,10,523.8160881689241,fault_test,0.01639344262295082,True
1.5kW,1.5kW_turn_current_1p57pct,interturn,1.57,False,11,530.3894160063188,fault_test,0.01639344262295082,True
1.5kW,1.5kW_turn_current_1p57pct,interturn,1.57,False,12,576.9759083839098,fault_test,0.01639344262295082,True
1.5kW,1.5kW_turn_current_1p57pct,interturn,1.57,False,13,591.6998537027507,fault_test,0.01639344262295082,True
1.5kW,1.5kW_turn_current_1p57pct,interturn,1.57,False,14,549.2240488783198,fault_test,0.01639344262295082,True
1.5kW,1.5kW_turn_current_1p57pct,interturn,1.57,False,15,563.013593549497,fault_test,0.01639344262295082,True
1.5kW,1.5kW_turn_current_1p57pct,interturn,1.57,False,16,613.5741927191042,fault_test,0.01639344262295082,True
1.5kW,1.5kW_turn_current_1p57pct,interturn,1.57,False,17,613.2359241964574,fault_test,0.01639344262295082,True
1.5kW,1.5kW_turn_current_1p57pct,interturn,1.57,False,18,551.1179393527302,fault_test,0.01639344262295082,True
1.5kW,1.5kW_turn_current_1p57pct,interturn,1.57,False,19,563.9091997314066,fault_test,0.01639344262295082,True
1.5kW,1.5kW_turn_current_1p57pct,interturn,1.57,False,20,589.8463417256902,fault_test,0.01639344262295082,True
1.5kW,1.5kW_turn_current_1p57pct,interturn,1.57,False,21,582.3485117298328,fault_test,0.01639344262295082,True
1.5kW,1.5kW_turn_current_1p57pct,interturn,1.57,False,22,623.0846138661869,fault_test,0.01639344262295082,True
1.5kW,1.5kW_turn_current_1p57pct,interturn,1.57,False,23,577.062691051346,fault_test,0.01639344262295082,True
1.5kW,1.5kW_turn_current_1p57pct,interturn,1.57,False,24,565.7852473441084,fault_test,0.01639344262295082,True
1.5kW,1.5kW_turn_current_1p57pct,interturn,1.57,False,25,610.7742475100108,fault_test,0.01639344262295082,True
1.5kW,1.5kW_turn_current_1p57pct,interturn,1.57,False,26,593.8071289338529,fault_test,0.01639344262295082,True
1.5kW,1.5kW_turn_current_1p57pct,interturn,1.57,False,27,624.4650814216833,fault_test,0.01639344262295082,True
1.5kW,1.5kW_turn_current_1p57pct,interturn,1.57,False,28,533.2089272442239,fault_test,0.01639344262295082,True
1.5kW,1.5kW_turn_current_1p57pct,interturn,1.57,False,29,585.7584401508219,fault_test,0.01639344262295082,True
1.5kW,1.5kW_turn_current_1p57pct,interturn,1.57,False,30,575.7494238999739,fault_test,0.01639344262295082,True
1.5kW,1.5kW_turn_current_1p57pct,interturn,1.57,False,31,590.7224955858329,fault_test,0.01639344262295082,True
1.5kW,1.5kW_turn_current_1p57pct,interturn,1.57,False,32,562.986684832321,fault_test,0.01639344262295082,True
1.5kW,1.5kW_turn_current_1p57pct,interturn,1.57,False,33,597.5737320800839,fault_test,0.01639344262295082,True
1.5kW,1.5kW_turn_current_1p57pct,interturn,1.57,False,34,560.6334740713052,fault_test,0.01639344262295082,True
1.5kW,1.5kW_turn_current_1p57pct,interturn,1.57,False,35,560.6632321040853,fault_test,0.01639344262295082,True
1.5kW,1.5kW_turn_current_1p57pct,interturn,1.57,False,36,584.5425842547716,fault_test,0.01639344262295082,True
1.5kW,1.5kW_turn_current_1p57pct,interturn,1.57,False,37,530.917913851982,fault_test,0.01639344262295082,True
1.5kW,1.5kW_turn_current_1p57pct,interturn,1.57,False,38,538.5977312553783,fault_test,0.01639344262295082,True
1.5kW,1.5kW_turn_current_1p57pct,interturn,1.57,False,39,553.4362974363294,fault_test,0.01639344262295082,True
1.5kW,1.5kW_turn_current_1p57pct,interturn,1.57,False,40,556.9618654266412,fault_test,0.01639344262295082,True
1.5kW,1.5kW_turn_current_1p57pct,interturn,1.57,False,41,537.4379729485162,fault_test,0.01639344262295082,True
1.5kW,1.5kW_turn_current_1p57pct,interturn,1.57,False,42,630.9752849390713,fault_test,0.01639344262295082,True
1.5kW,1.5kW_turn_current_1p57pct,interturn,1.57,False,43,581.3405188704958,fault_test,0.01639344262295082,True
1.5kW,1.5kW_turn_current_1p57pct,interturn,1.57,False,44,556.3123893095018,fault_test,0.01639344262295082,True
1.5kW,1.5kW_turn_current_1p57pct,interturn,1.57,False,45,517.7871671279554,fault_test,0.01639344262295082,True
1.5kW,1.5kW_turn_current_1p57pct,interturn,1.57,False,46,548.5803466262306,fault_test,0.01639344262295082,True
1.5kW,1.5kW_turn_current_1p57pct,interturn,1.57,False,47,519.453662975421,fault_test,0.01639344262295082,True
1.5kW,1.5kW_turn_current_1p57pct,interturn,1.57,False,48,526.2041424213851,fault_test,0.01639344262295082,True
1.5kW,1.5kW_turn_current_1p57pct,interturn,1.57,False,49,568.4411109378239,fault_test,0.01639344262295082,True
1.5kW,1.5kW_turn_current_1p57pct,interturn,1.57,False,50,515.2008122909284,fault_test,0.01639344262295082,True
1.5kW,1.5kW_turn_current_1p57pct,interturn,1.57,False,51,606.4247664836722,fault_test,0.01639344262295082,True
1.5kW,1.5kW_turn_current_1p57pct,interturn,1.57,False,52,580.3689397756067,fault_test,0.01639344262295082,True
1.5kW,1.5kW_turn_current_1p57pct,interturn,1.57,False,53,520.3528600506273,fault_test,0.01639344262295082,True
1.5kW,1.5kW_turn_current_1p57pct,interturn,1.57,False,54,559.5008864706863,fault_test,0.01639344262295082,True
1.5kW,1.5kW_turn_current_1p57pct,interturn,1.57,False,55,559.5806749985168,fault_test,0.01639344262295082,True
1.5kW,1.5kW_turn_current_1p57pct,interturn,1.57,False,56,537.4214631664559,fault_test,0.01639344262295082,True
1.5kW,1.5kW_turn_current_1p57pct,interturn,1.57,False,57,567.8569565772177,fault_test,0.01639344262295082,True
1.5kW,1.5kW_turn_current_1p57pct,interturn,1.57,False,58,528.1497609773271,fault_test,0.01639344262295082,True
1.5kW,1.5kW_turn_current_1p57pct,interturn,1.57,False,59,584.3470930965103,fault_test,0.01639344262295082,True
1.5kW,1.5kW_turn_current_1p57pct,interturn,1.57,False,60,579.5133596860701,fault_test,0.01639344262295082,True
1.5kW,1.5kW_turn_current_1p57pct,interturn,1.57,False,61,531.1764494960646,fault_test,0.01639344262295082,True
1.5kW,1.5kW_turn_current_1p57pct,interturn,1.57,False,62,532.164268233043,fault_test,0.01639344262295082,True
1.5kW,1.5kW_turn_current_1p57pct,interturn,1.57,False,63,583.4410903694406,fault_test,0.01639344262295082,True
1.5kW,1.5kW_turn_current_1p57pct,interturn,1.57,False,64,540.0079943936705,fault_test,0.01639344262295082,True
1.5kW,1.5kW_turn_current_1p57pct,interturn,1.57,False,65,544.4556865035674,fault_test,0.01639344262295082,True
1.5kW,1.5kW_turn_current_1p57pct,interturn,1.57,False,66,582.3496571334169,fault_test,0.01639344262295082,True
1.5kW,1.5kW_turn_current_1p57pct,interturn,1.57,False,67,566.9568230895549,fault_test,0.01639344262295082,True
1.5kW,1.5kW_turn_current_1p57pct,interturn,1.57,False,68,556.7181236808113,fault_test,0.01639344262295082,True
1.5kW,1.5kW_turn_current_1p57pct,interturn,1.57,False,69,536.2406957957594,fault_test,0.01639344262295082,True
1.5kW,1.5kW_turn_current_1p57pct,interturn,1.57,False,70,564.2004931952781,fault_test,0.01639344262295082,True
1.5kW,1.5kW_turn_current_1p57pct,interturn,1.57,False,71,531.1614530223208,fault_test,0.01639344262295082,True
1.5kW,1.5kW_turn_current_1p57pct,interturn,1.57,False,72,602.460144842632,fault_test,0.01639344262295082,True
1.5kW,1.5kW_turn_current_1p57pct,interturn,1.57,False,73,565.4095231161123,fault_test,0.01639344262295082,True
1.5kW,1.5kW_turn_current_1p57pct,interturn,1.57,False,74,572.4607743133117,fault_test,0.01639344262295082,True
1.5kW,1.5kW_turn_current_1p57pct,interturn,1.57,False,75,560.8396814387567,fault_test,0.01639344262295082,True
1.5kW,1.5kW_turn_current_1p57pct,interturn,1.57,False,76,548.3925486114398,fault_test,0.01639344262295082,True
1.5kW,1.5kW_turn_current_1p57pct,interturn,1.57,False,77,579.6991061173435,fault_test,0.01639344262295082,True
1.5kW,1.5kW_turn_current_1p57pct,interturn,1.57,False,78,515.7927709013637,fault_test,0.01639344262295082,True
1.5kW,1.5kW_turn_current_1p57pct,interturn,1.57,False,79,562.9805153604705,fault_test,0.01639344262295082,True
1.5kW,1.5kW_turn_current_1p57pct,interturn,1.57,False,80,589.7024213083021,fault_test,0.01639344262295082,True
1.5kW,1.5kW_turn_current_1p57pct,interturn,1.57,False,81,614.3603448070593,fault_test,0.01639344262295082,True
1.5kW,1.5kW_turn_current_1p57pct,interturn,1.57,False,82,585.1974015734376,fault_test,0.01639344262295082,True
1.5kW,1.5kW_turn_current_1p57pct,interturn,1.57,False,83,584.6849222944363,fault_test,0.01639344262295082,True
1.5kW,1.5kW_turn_current_1p57pct,interturn,1.57,False,84,559.294834206748,fault_test,0.01639344262295082,True
1.5kW,1.5kW_turn_current_1p57pct,interturn,1.57,False,85,589.9982406051845,fault_test,0.01639344262295082,True
1.5kW,1.5kW_turn_current_1p57pct,interturn,1.57,False,86,622.9015613793495,fault_test,0.01639344262295082,True
1.5kW,1.5kW_turn_current_1p57pct,interturn,1.57,False,87,585.0309245007793,fault_test,0.01639344262295082,True
1.5kW,1.5kW_turn_current_1p57pct,interturn,1.57,False,88,649.3541580451226,fault_test,0.01639344262295082,True
1.5kW,1.5kW_turn_current_1p57pct,interturn,1.57,False,89,568.8413221125079,fault_test,0.01639344262295082,True
1.5kW,1.5kW_turn_current_1p57pct,interturn,1.57,False,90,589.3138527711664,fault_test,0.01639344262295082,True
1.5kW,1.5kW_turn_current_1p57pct,interturn,1.57,False,91,588.4347956245548,fault_test,0.01639344262295082,True
1.5kW,1.5kW_turn_current_1p57pct,interturn,1.57,False,92,626.0211676565768,fault_test,0.01639344262295082,True
1.5kW,1.5kW_turn_current_1p57pct,interturn,1.57,False,93,555.9861921442367,fault_test,0.01639344262295082,True
1.5kW,1.5kW_turn_current_1p57pct,interturn,1.57,False,94,576.8160500063676,fault_test,0.01639344262295082,True
1.5kW,1.5kW_turn_current_1p57pct,interturn,1.57,False,95,548.8380497567473,fault_test,0.01639344262295082,True
1.5kW,1.5kW_turn_current_1p57pct,interturn,1.57,False,96,574.9575872877675,fault_test,0.01639344262295082,True
1.5kW,1.5kW_turn_current_1p57pct,interturn,1.57,False,97,616.2516746096462,fault_test,0.01639344262295082,True
1.5kW,1.5kW_turn_current_1p57pct,interturn,1.57,False,98,577.4452262700938,fault_test,0.01639344262295082,True
1.5kW,1.5kW_turn_current_1p57pct,interturn,1.57,False,99,534.3547293071141,fault_test,0.01639344262295082,True
1.5kW,1.5kW_turn_current_1p57pct,interturn,1.57,False,100,557.0437740043063,fault_test,0.01639344262295082,True
1.5kW,1.5kW_turn_current_1p57pct,interturn,1.57,False,101,527.6411626629347,fault_test,0.01639344262295082,True
1.5kW,1.5kW_turn_current_1p57pct,interturn,1.57,False,102,575.1282975607614,fault_test,0.01639344262295082,True
1.5kW,1.5kW_turn_current_1p57pct,interturn,1.57,False,103,567.7340585295483,fault_test,0.01639344262295082,True
1.5kW,1.5kW_turn_current_1p57pct,interturn,1.57,False,104,589.6895100813978,fault_test,0.01639344262295082,True
1.5kW,1.5kW_turn_current_1p57pct,interturn,1.57,False,105,591.7580391409773,fault_test,0.01639344262295082,True
1.5kW,1.5kW_turn_current_1p57pct,interturn,1.57,False,106,555.2145903613646,fault_test,0.01639344262295082,True
1.5kW,1.5kW_turn_current_1p57pct,interturn,1.57,False,107,552.7438943313897,fault_test,0.01639344262295082,True
1.5kW,1.5kW_turn_current_1p57pct,interturn,1.57,False,108,654.6187685036135,fault_test,0.01639344262295082,True
1.5kW,1.5kW_turn_current_1p57pct,interturn,1.57,False,109,558.2798230104622,fault_test,0.01639344262295082,True
1.5kW,1.5kW_turn_current_1p57pct,interturn,1.57,False,110,587.7717926662992,fault_test,0.01639344262295082,True
1.5kW,1.5kW_turn_current_1p57pct,interturn,1.57,False,111,589.2215932802911,fault_test,0.01639344262295082,True
1.5kW,1.5kW_turn_current_1p57pct,interturn,1.57,False,112,565.590911402639,fault_test,0.01639344262295082,True
1.5kW,1.5kW_turn_current_1p57pct,interturn,1.57,False,113,578.4013062846911,fault_test,0.01639344262295082,True
1.5kW,1.5kW_turn_current_1p57pct,interturn,1.57,False,114,589.1680329405391,fault_test,0.01639344262295082,True
1.5kW,1.5kW_turn_current_1p57pct,interturn,1.57,False,115,593.8875154389917,fault_test,0.01639344262295082,True
1.5kW,1.5kW_turn_current_1p57pct,interturn,1.57,False,116,564.7433645062583,fault_test,0.01639344262295082,True
1.5kW,1.5kW_turn_current_1p57pct,interturn,1.57,False,117,528.850902648146,fault_test,0.01639344262295082,True
1.5kW,1.5kW_turn_current_1p57pct,interturn,1.57,False,118,557.6709201049059,fault_test,0.01639344262295082,True
1.5kW,1.5kW_turn_current_1p57pct,interturn,1.57,False,119,550.4510352096252,fault_test,0.01639344262295082,True
1.5kW,1.5kW_turn_current_1p88pct,interturn,1.88,False,0,787.1978886553208,fault_test,0.01639344262295082,True
1.5kW,1.5kW_turn_current_1p88pct,interturn,1.88,False,1,843.9182070782889,fault_test,0.01639344262295082,True
1.5kW,1.5kW_turn_current_1p88pct,interturn,1.88,False,2,790.8302449163444,fault_test,0.01639344262295082,True
1.5kW,1.5kW_turn_current_1p88pct,interturn,1.88,False,3,718.8130467687487,fault_test,0.01639344262295082,True
1.5kW,1.5kW_turn_current_1p88pct,interturn,1.88,False,4,711.2602089566982,fault_test,0.01639344262295082,True
1.5kW,1.5kW_turn_current_1p88pct,interturn,1.88,False,5,757.5361239307902,fault_test,0.01639344262295082,True
1.5kW,1.5kW_turn_current_1p88pct,interturn,1.88,False,6,690.3453023517765,fault_test,0.01639344262295082,True
1.5kW,1.5kW_turn_current_1p88pct,interturn,1.88,False,7,711.9769081217183,fault_test,0.01639344262295082,True
1.5kW,1.5kW_turn_current_1p88pct,interturn,1.88,False,8,707.634760772325,fault_test,0.01639344262295082,True
1.5kW,1.5kW_turn_current_1p88pct,interturn,1.88,False,9,732.6421600778178,fault_test,0.01639344262295082,True
1.5kW,1.5kW_turn_current_1p88pct,interturn,1.88,False,10,708.8570656351288,fault_test,0.01639344262295082,True
1.5kW,1.5kW_turn_current_1p88pct,interturn,1.88,False,11,673.4308696186544,fault_test,0.01639344262295082,True
1.5kW,1.5kW_turn_current_1p88pct,interturn,1.88,False,12,671.1539048866771,fault_test,0.01639344262295082,True
1.5kW,1.5kW_turn_current_1p88pct,interturn,1.88,False,13,723.2456323497634,fault_test,0.01639344262295082,True
1.5kW,1.5kW_turn_current_1p88pct,interturn,1.88,False,14,738.4997407761568,fault_test,0.01639344262295082,True
1.5kW,1.5kW_turn_current_1p88pct,interturn,1.88,False,15,786.3219742775052,fault_test,0.01639344262295082,True
1.5kW,1.5kW_turn_current_1p88pct,interturn,1.88,False,16,685.4257525877077,fault_test,0.01639344262295082,True
1.5kW,1.5kW_turn_current_1p88pct,interturn,1.88,False,17,744.5701013046482,fault_test,0.01639344262295082,True
1.5kW,1.5kW_turn_current_1p88pct,interturn,1.88,False,18,739.7778405602197,fault_test,0.01639344262295082,True
1.5kW,1.5kW_turn_current_1p88pct,interturn,1.88,False,19,739.4514888066216,fault_test,0.01639344262295082,True
1.5kW,1.5kW_turn_current_1p88pct,interturn,1.88,False,20,764.7522697192283,fault_test,0.01639344262295082,True
1.5kW,1.5kW_turn_current_1p88pct,interturn,1.88,False,21,711.929366382219,fault_test,0.01639344262295082,True
1.5kW,1.5kW_turn_current_1p88pct,interturn,1.88,False,22,744.6919059633129,fault_test,0.01639344262295082,True
1.5kW,1.5kW_turn_current_1p88pct,interturn,1.88,False,23,745.9416627254126,fault_test,0.01639344262295082,True
1.5kW,1.5kW_turn_current_1p88pct,interturn,1.88,False,24,708.0398185947653,fault_test,0.01639344262295082,True
1.5kW,1.5kW_turn_current_1p88pct,interturn,1.88,False,25,671.127848364593,fault_test,0.01639344262295082,True
1.5kW,1.5kW_turn_current_1p88pct,interturn,1.88,False,26,774.7068229593933,fault_test,0.01639344262295082,True
1.5kW,1.5kW_turn_current_1p88pct,interturn,1.88,False,27,757.8993328770165,fault_test,0.01639344262295082,True
1.5kW,1.5kW_turn_current_1p88pct,interturn,1.88,False,28,744.3801822532707,fault_test,0.01639344262295082,True
1.5kW,1.5kW_turn_current_1p88pct,interturn,1.88,False,29,747.2352412443156,fault_test,0.01639344262295082,True
1.5kW,1.5kW_turn_current_1p88pct,interturn,1.88,False,30,741.3040547060256,fault_test,0.01639344262295082,True
1.5kW,1.5kW_turn_current_1p88pct,interturn,1.88,False,31,701.9778619071773,fault_test,0.01639344262295082,True
1.5kW,1.5kW_turn_current_1p88pct,interturn,1.88,False,32,725.7695315992041,fault_test,0.01639344262295082,True
1.5kW,1.5kW_turn_current_1p88pct,interturn,1.88,False,33,753.6498054672852,fault_test,0.01639344262295082,True
1.5kW,1.5kW_turn_current_1p88pct,interturn,1.88,False,34,712.0355485411945,fault_test,0.01639344262295082,True
1.5kW,1.5kW_turn_current_1p88pct,interturn,1.88,False,35,676.2274849278626,fault_test,0.01639344262295082,True
1.5kW,1.5kW_turn_current_1p88pct,interturn,1.88,False,36,716.9627614575445,fault_test,0.01639344262295082,True
1.5kW,1.5kW_turn_current_1p88pct,interturn,1.88,False,37,704.7728563012815,fault_test,0.01639344262295082,True
1.5kW,1.5kW_turn_current_1p88pct,interturn,1.88,False,38,745.2025819281489,fault_test,0.01639344262295082,True
1.5kW,1.5kW_turn_current_1p88pct,interturn,1.88,False,39,745.891160575342,fault_test,0.01639344262295082,True
1.5kW,1.5kW_turn_current_1p88pct,interturn,1.88,False,40,685.6439775018478,fault_test,0.01639344262295082,True
1.5kW,1.5kW_turn_current_1p88pct,interturn,1.88,False,41,885.0277760018745,fault_test,0.01639344262295082,True
1.5kW,1.5kW_turn_current_1p88pct,interturn,1.88,False,42,702.5707216345709,fault_test,0.01639344262295082,True
1.5kW,1.5kW_turn_current_1p88pct,interturn,1.88,False,43,718.131571060887,fault_test,0.01639344262295082,True
1.5kW,1.5kW_turn_current_1p88pct,interturn,1.88,False,44,719.8069522673782,fault_test,0.01639344262295082,True
1.5kW,1.5kW_turn_current_1p88pct,interturn,1.88,False,45,687.8586312549565,fault_test,0.01639344262295082,True
1.5kW,1.5kW_turn_current_1p88pct,interturn,1.88,False,46,693.0823210162305,fault_test,0.01639344262295082,True
1.5kW,1.5kW_turn_current_1p88pct,interturn,1.88,False,47,654.4623708520473,fault_test,0.01639344262295082,True
1.5kW,1.5kW_turn_current_1p88pct,interturn,1.88,False,48,713.6520299569938,fault_test,0.01639344262295082,True
1.5kW,1.5kW_turn_current_1p88pct,interturn,1.88,False,49,710.1912862437526,fault_test,0.01639344262295082,True
1.5kW,1.5kW_turn_current_1p88pct,interturn,1.88,False,50,699.8328049648716,fault_test,0.01639344262295082,True
1.5kW,1.5kW_turn_current_1p88pct,interturn,1.88,False,51,694.8728220102166,fault_test,0.01639344262295082,True
1.5kW,1.5kW_turn_current_1p88pct,interturn,1.88,False,52,729.6945409461006,fault_test,0.01639344262295082,True
1.5kW,1.5kW_turn_current_1p88pct,interturn,1.88,False,53,699.9494762266779,fault_test,0.01639344262295082,True
1.5kW,1.5kW_turn_current_1p88pct,interturn,1.88,False,54,655.345014825272,fault_test,0.01639344262295082,True
1.5kW,1.5kW_turn_current_1p88pct,interturn,1.88,False,55,884.3973658811768,fault_test,0.01639344262295082,True
1.5kW,1.5kW_turn_current_1p88pct,interturn,1.88,False,56,680.5019092731752,fault_test,0.01639344262295082,True
1.5kW,1.5kW_turn_current_1p88pct,interturn,1.88,False,57,726.330530561375,fault_test,0.01639344262295082,True
1.5kW,1.5kW_turn_current_1p88pct,interturn,1.88,False,58,685.4514725672997,fault_test,0.01639344262295082,True
1.5kW,1.5kW_turn_current_1p88pct,interturn,1.88,False,59,725.602733476437,fault_test,0.01639344262295082,True
1.5kW,1.5kW_turn_current_1p88pct,interturn,1.88,False,60,668.3734772072656,fault_test,0.01639344262295082,True
1.5kW,1.5kW_turn_current_1p88pct,interturn,1.88,False,61,678.337065146085,fault_test,0.01639344262295082,True
1.5kW,1.5kW_turn_current_1p88pct,interturn,1.88,False,62,754.0251855302765,fault_test,0.01639344262295082,True
1.5kW,1.5kW_turn_current_1p88pct,interturn,1.88,False,63,659.0008802529229,fault_test,0.01639344262295082,True
1.5kW,1.5kW_turn_current_1p88pct,interturn,1.88,False,64,749.0352854304437,fault_test,0.01639344262295082,True
1.5kW,1.5kW_turn_current_1p88pct,interturn,1.88,False,65,698.8235421611705,fault_test,0.01639344262295082,True
1.5kW,1.5kW_turn_current_1p88pct,interturn,1.88,False,66,655.9451942954179,fault_test,0.01639344262295082,True
1.5kW,1.5kW_turn_current_1p88pct,interturn,1.88,False,67,695.1850283121689,fault_test,0.01639344262295082,True
1.5kW,1.5kW_turn_current_1p88pct,interturn,1.88,False,68,700.4650211784431,fault_test,0.01639344262295082,True
1.5kW,1.5kW_turn_current_1p88pct,interturn,1.88,False,69,754.303404021142,fault_test,0.01639344262295082,True
1.5kW,1.5kW_turn_current_1p88pct,interturn,1.88,False,70,696.7282575720279,fault_test,0.01639344262295082,True
1.5kW,1.5kW_turn_current_1p88pct,interturn,1.88,False,71,699.3246692438682,fault_test,0.01639344262295082,True
1.5kW,1.5kW_turn_current_1p88pct,interturn,1.88,False,72,713.1416184500647,fault_test,0.01639344262295082,True
1.5kW,1.5kW_turn_current_1p88pct,interturn,1.88,False,73,731.5520210194678,fault_test,0.01639344262295082,True
1.5kW,1.5kW_turn_current_1p88pct,interturn,1.88,False,74,735.8986346576062,fault_test,0.01639344262295082,True
1.5kW,1.5kW_turn_current_1p88pct,interturn,1.88,False,75,733.339661871754,fault_test,0.01639344262295082,True
1.5kW,1.5kW_turn_current_1p88pct,interturn,1.88,False,76,820.9402693191399,fault_test,0.01639344262295082,True
1.5kW,1.5kW_turn_current_1p88pct,interturn,1.88,False,77,698.9027921924396,fault_test,0.01639344262295082,True
1.5kW,1.5kW_turn_current_1p88pct,interturn,1.88,False,78,713.5266929614809,fault_test,0.01639344262295082,True
1.5kW,1.5kW_turn_current_1p88pct,interturn,1.88,False,79,725.4823849986891,fault_test,0.01639344262295082,True
1.5kW,1.5kW_turn_current_1p88pct,interturn,1.88,False,80,675.9373750710098,fault_test,0.01639344262295082,True
1.5kW,1.5kW_turn_current_1p88pct,interturn,1.88,False,81,731.1290122767797,fault_test,0.01639344262295082,True
1.5kW,1.5kW_turn_current_1p88pct,interturn,1.88,False,82,711.9719532094581,fault_test,0.01639344262295082,True
1.5kW,1.5kW_turn_current_1p88pct,interturn,1.88,False,83,727.1834965304638,fault_test,0.01639344262295082,True
1.5kW,1.5kW_turn_current_1p88pct,interturn,1.88,False,84,721.9197985943875,fault_test,0.01639344262295082,True
1.5kW,1.5kW_turn_current_1p88pct,interturn,1.88,False,85,699.4798596696833,fault_test,0.01639344262295082,True
1.5kW,1.5kW_turn_current_1p88pct,interturn,1.88,False,86,697.1693444334416,fault_test,0.01639344262295082,True
1.5kW,1.5kW_turn_current_1p88pct,interturn,1.88,False,87,687.1393794352902,fault_test,0.01639344262295082,True
1.5kW,1.5kW_turn_current_1p88pct,interturn,1.88,False,88,716.330505113787,fault_test,0.01639344262295082,True
1.5kW,1.5kW_turn_current_1p88pct,interturn,1.88,False,89,641.1841648388436,fault_test,0.01639344262295082,True
1.5kW,1.5kW_turn_current_1p88pct,interturn,1.88,False,90,720.8780003466933,fault_test,0.01639344262295082,True
1.5kW,1.5kW_turn_current_1p88pct,interturn,1.88,False,91,688.7281531778624,fault_test,0.01639344262295082,True
1.5kW,1.5kW_turn_current_1p88pct,interturn,1.88,False,92,697.7019936761436,fault_test,0.01639344262295082,True
1.5kW,1.5kW_turn_current_1p88pct,interturn,1.88,False,93,704.7260485998663,fault_test,0.01639344262295082,True
1.5kW,1.5kW_turn_current_1p88pct,interturn,1.88,False,94,671.3648366624632,fault_test,0.01639344262295082,True
1.5kW,1.5kW_turn_current_1p88pct,interturn,1.88,False,95,707.289791376756,fault_test,0.01639344262295082,True
1.5kW,1.5kW_turn_current_1p88pct,interturn,1.88,False,96,686.0449284378777,fault_test,0.01639344262295082,True
1.5kW,1.5kW_turn_current_1p88pct,interturn,1.88,False,97,768.3305788108081,fault_test,0.01639344262295082,True
1.5kW,1.5kW_turn_current_1p88pct,interturn,1.88,False,98,723.2743613739766,fault_test,0.01639344262295082,True
1.5kW,1.5kW_turn_current_1p88pct,interturn,1.88,False,99,753.8989750786182,fault_test,0.01639344262295082,True
1.5kW,1.5kW_turn_current_1p88pct,interturn,1.88,False,100,726.1158787172718,fault_test,0.01639344262295082,True
1.5kW,1.5kW_turn_current_1p88pct,interturn,1.88,False,101,669.5444011240136,fault_test,0.01639344262295082,True
1.5kW,1.5kW_turn_current_1p88pct,interturn,1.88,False,102,745.0613156301481,fault_test,0.01639344262295082,True
1.5kW,1.5kW_turn_current_1p88pct,interturn,1.88,False,103,675.9136608155558,fault_test,0.01639344262295082,True
1.5kW,1.5kW_turn_current_1p88pct,interturn,1.88,False,104,739.7694077185889,fault_test,0.01639344262295082,True
1.5kW,1.5kW_turn_current_1p88pct,interturn,1.88,False,105,664.3424045487343,fault_test,0.01639344262295082,True
1.5kW,1.5kW_turn_current_1p88pct,interturn,1.88,False,106,729.2076203637816,fault_test,0.01639344262295082,True
1.5kW,1.5kW_turn_current_1p88pct,interturn,1.88,False,107,745.2975868773289,fault_test,0.01639344262295082,True
1.5kW,1.5kW_turn_current_1p88pct,interturn,1.88,False,108,696.1216979669827,fault_test,0.01639344262295082,True
1.5kW,1.5kW_turn_current_1p88pct,interturn,1.88,False,109,717.6829525288526,fault_test,0.01639344262295082,True
1.5kW,1.5kW_turn_current_1p88pct,interturn,1.88,False,110,703.4792005658866,fault_test,0.01639344262295082,True
1.5kW,1.5kW_turn_current_1p88pct,interturn,1.88,False,111,674.9046098691412,fault_test,0.01639344262295082,True
1.5kW,1.5kW_turn_current_1p88pct,interturn,1.88,False,112,721.2485401879123,fault_test,0.01639344262295082,True
1.5kW,1.5kW_turn_current_1p88pct,interturn,1.88,False,113,752.7741104067065,fault_test,0.01639344262295082,True
1.5kW,1.5kW_turn_current_1p88pct,interturn,1.88,False,114,660.2291834053377,fault_test,0.01639344262295082,True
1.5kW,1.5kW_turn_current_1p88pct,interturn,1.88,False,115,694.3356990899404,fault_test,0.01639344262295082,True
1.5kW,1.5kW_turn_current_1p88pct,interturn,1.88,False,116,676.6617772610279,fault_test,0.01639344262295082,True
1.5kW,1.5kW_turn_current_1p88pct,interturn,1.88,False,117,722.3991217138129,fault_test,0.01639344262295082,True
1.5kW,1.5kW_turn_current_1p88pct,interturn,1.88,False,118,680.4441914823229,fault_test,0.01639344262295082,True
1.5kW,1.5kW_turn_current_1p88pct,interturn,1.88,False,119,685.3388709576509,fault_test,0.01639344262295082,True
1.5kW,1.5kW_turn_current_2p34pct,interturn,2.34,False,0,229.65187570951738,fault_test,0.01639344262295082,True
1.5kW,1.5kW_turn_current_2p34pct,interturn,2.34,False,1,120.92213855040755,fault_test,0.21311475409836064,False
1.5kW,1.5kW_turn_current_2p34pct,interturn,2.34,False,2,258.04019982043815,fault_test,0.01639344262295082,True
1.5kW,1.5kW_turn_current_2p34pct,interturn,2.34,False,3,156.16673031632857,fault_test,0.04918032786885246,True
1.5kW,1.5kW_turn_current_2p34pct,interturn,2.34,False,4,143.21381730223985,fault_test,0.14754098360655737,False
1.5kW,1.5kW_turn_current_2p34pct,interturn,2.34,False,5,153.2644139551578,fault_test,0.06557377049180328,False
1.5kW,1.5kW_turn_current_2p34pct,interturn,2.34,False,6,187.2712842664829,fault_test,0.01639344262295082,True
1.5kW,1.5kW_turn_current_2p34pct,interturn,2.34,False,7,175.68237178962738,fault_test,0.03278688524590164,True
1.5kW,1.5kW_turn_current_2p34pct,interturn,2.34,False,8,160.49776313053326,fault_test,0.04918032786885246,True
1.5kW,1.5kW_turn_current_2p34pct,interturn,2.34,False,9,179.35017232209012,fault_test,0.01639344262295082,True
1.5kW,1.5kW_turn_current_2p34pct,interturn,2.34,False,10,322.77783297895957,fault_test,0.01639344262295082,True
1.5kW,1.5kW_turn_current_2p34pct,interturn,2.34,False,11,145.35227714058684,fault_test,0.09836065573770492,False
1.5kW,1.5kW_turn_current_2p34pct,interturn,2.34,False,12,323.9148165457027,fault_test,0.01639344262295082,True
1.5kW,1.5kW_turn_current_2p34pct,interturn,2.34,False,13,225.09497117248335,fault_test,0.01639344262295082,True
1.5kW,1.5kW_turn_current_2p34pct,interturn,2.34,False,14,216.20552222583726,fault_test,0.01639344262295082,True
1.5kW,1.5kW_turn_current_2p34pct,interturn,2.34,False,15,234.3686687963262,fault_test,0.01639344262295082,True
1.5kW,1.5kW_turn_current_2p34pct,interturn,2.34,False,16,129.4674135047825,fault_test,0.19672131147540983,False
1.5kW,1.5kW_turn_current_2p34pct,interturn,2.34,False,17,102.11449067179846,fault_test,0.26229508196721313,False
1.5kW,1.5kW_turn_current_2p34pct,interturn,2.34,False,18,174.34188767563143,fault_test,0.03278688524590164,True
1.5kW,1.5kW_turn_current_2p34pct,interturn,2.34,False,19,149.97970664156404,fault_test,0.08196721311475409,False
1.5kW,1.5kW_turn_current_2p34pct,interturn,2.34,False,20,110.05172107927552,fault_test,0.22950819672131148,False
1.5kW,1.5kW_turn_current_2p34pct,interturn,2.34,False,21,109.90090427382268,fault_test,0.22950819672131148,False
1.5kW,1.5kW_turn_current_2p34pct,interturn,2.34,False,22,166.61546115511453,fault_test,0.03278688524590164,True
1.5kW,1.5kW_turn_current_2p34pct,interturn,2.34,False,23,132.44346660714783,fault_test,0.19672131147540983,False
1.5kW,1.5kW_turn_current_2p34pct,interturn,2.34,False,24,156.90439552202298,fault_test,0.04918032786885246,True
1.5kW,1.5kW_turn_current_2p34pct,interturn,2.34,False,25,252.36243442632417,fault_test,0.01639344262295082,True
1.5kW,1.5kW_turn_current_2p34pct,interturn,2.34,False,26,168.65040631083457,fault_test,0.03278688524590164,True
1.5kW,1.5kW_turn_current_2p34pct,interturn,2.34,False,27,115.41681647919619,fault_test,0.21311475409836064,False
1.5kW,1.5kW_turn_current_2p34pct,interturn,2.34,False,28,102.81908592761845,fault_test,0.26229508196721313,False
1.5kW,1.5kW_turn_current_2p34pct,interturn,2.34,False,29,156.25099002815625,fault_test,0.04918032786885246,True
1.5kW,1.5kW_turn_current_2p34pct,interturn,2.34,False,30,185.62688208718941,fault_test,0.01639344262295082,True
1.5kW,1.5kW_turn_current_2p34pct,interturn,2.34,False,31,112.94939307665966,fault_test,0.21311475409836064,False
1.5kW,1.5kW_turn_current_2p34pct,interturn,2.34,False,32,108.57616262763564,fault_test,0.22950819672131148,False
1.5kW,1.5kW_turn_current_2p34pct,interturn,2.34,False,33,146.02443871955356,fault_test,0.09836065573770492,False
1.5kW,1.5kW_turn_current_2p34pct,interturn,2.34,False,34,191.45691988306535,fault_test,0.01639344262295082,True
1.5kW,1.5kW_turn_current_2p34pct,interturn,2.34,False,35,164.47409195050392,fault_test,0.03278688524590164,True
1.5kW,1.5kW_turn_current_2p34pct,interturn,2.34,False,36,124.43132307645885,fault_test,0.21311475409836064,False
1.5kW,1.5kW_turn_current_2p34pct,interturn,2.34,False,37,158.50872878682983,fault_test,0.04918032786885246,True
1.5kW,1.5kW_turn_current_2p34pct,interturn,2.34,False,38,132.84866819508187,fault_test,0.19672131147540983,False
1.5kW,1.5kW_turn_current_2p34pct,interturn,2.34,False,39,152.91376006027366,fault_test,0.06557377049180328,False
1.5kW,1.5kW_turn_current_2p34pct,interturn,2.34,False,40,103.94194667827385,fault_test,0.26229508196721313,False
1.5kW,1.5kW_turn_current_2p34pct,interturn,2.34,False,41,169.30732227310574,fault_test,0.03278688524590164,True
1.5kW,1.5kW_turn_current_2p34pct,interturn,2.34,False,42,151.10012394488786,fault_test,0.08196721311475409,False
1.5kW,1.5kW_turn_current_2p34pct,interturn,2.34,False,43,148.66840184593036,fault_test,0.09836065573770492,False
1.5kW,1.5kW_turn_current_2p34pct,interturn,2.34,False,44,145.4113504738528,fault_test,0.09836065573770492,False
1.5kW,1.5kW_turn_current_2p34pct,interturn,2.34,False,45,335.2464221933309,fault_test,0.01639344262295082,True
1.5kW,1.5kW_turn_current_2p34pct,interturn,2.34,False,46,185.95688400626335,fault_test,0.01639344262295082,True
1.5kW,1.5kW_turn_current_2p34pct,interturn,2.34,False,47,195.5404788877285,fault_test,0.01639344262295082,True
1.5kW,1.5kW_turn_current_2p34pct,interturn,2.34,False,48,156.5810622079239,fault_test,0.04918032786885246,True
1.5kW,1.5kW_turn_current_2p34pct,interturn,2.34,False,49,245.76470343862655,fault_test,0.01639344262295082,True
1.5kW,1.5kW_turn_current_2p34pct,interturn,2.34,False,50,209.9279348325365,fault_test,0.01639344262295082,True
1.5kW,1.5kW_turn_current_2p34pct,interturn,2.34,False,51,230.51761114849214,fault_test,0.01639344262295082,True
1.5kW,1.5kW_turn_current_2p34pct,interturn,2.34,False,52,224.07307150489044,fault_test,0.01639344262295082,True
1.5kW,1.5kW_turn_current_2p34pct,interturn,2.34,False,53,303.9648422285237,fault_test,0.01639344262295082,True
1.5kW,1.5kW_turn_current_2p34pct,interturn,2.34,False,54,195.94289373618938,fault_test,0.01639344262295082,True
1.5kW,1.5kW_turn_current_2p34pct,interturn,2.34,False,55,211.25005969518836,fault_test,0.01639344262295082,True
1.5kW,1.5kW_turn_current_2p34pct,interturn,2.34,False,56,105.15819051103335,fault_test,0.26229508196721313,False
1.5kW,1.5kW_turn_current_2p34pct,interturn,2.34,False,57,174.75261001041127,fault_test,0.03278688524590164,True
1.5kW,1.5kW_turn_current_2p34pct,interturn,2.34,False,58,213.78437575167055,fault_test,0.01639344262295082,True
1.5kW,1.5kW_turn_current_2p34pct,interturn,2.34,False,59,192.95476564534144,fault_test,0.01639344262295082,True
1.5kW,1.5kW_turn_current_2p34pct,interturn,2.34,False,60,186.32490750367847,fault_test,0.01639344262295082,True
1.5kW,1.5kW_turn_current_2p34pct,interturn,2.34,False,61,152.95502795660457,fault_test,0.06557377049180328,False
1.5kW,1.5kW_turn_current_2p34pct,interturn,2.34,False,62,179.90026944629827,fault_test,0.01639344262295082,True
1.5kW,1.5kW_turn_current_2p34pct,interturn,2.34,False,63,135.4491553723873,fault_test,0.19672131147540983,False
1.5kW,1.5kW_turn_current_2p34pct,interturn,2.34,False,64,158.7209336467795,fault_test,0.04918032786885246,True
1.5kW,1.5kW_turn_current_2p34pct,interturn,2.34,False,65,141.71125224367034,fault_test,0.14754098360655737,False
1.5kW,1.5kW_turn_current_2p34pct,interturn,2.34,False,66,147.87952421590063,fault_test,0.09836065573770492,False
1.5kW,1.5kW_turn_current_2p34pct,interturn,2.34,False,67,135.9897016570466,fault_test,0.19672131147540983,False
1.5kW,1.5kW_turn_current_2p34pct,interturn,2.34,False,68,187.91441427773955,fault_test,0.01639344262295082,True
1.5kW,1.5kW_turn_current_2p34pct,interturn,2.34,False,69,129.55483120559055,fault_test,0.19672131147540983,False
1.5kW,1.5kW_turn_current_2p34pct,interturn,2.34,False,70,161.83169144031203,fault_test,0.04918032786885246,True
1.5kW,1.5kW_turn_current_2p34pct,interturn,2.34,False,71,156.91497642035932,fault_test,0.04918032786885246,True
1.5kW,1.5kW_turn_current_2p34pct,interturn,2.34,False,72,165.77661889347013,fault_test,0.03278688524590164,True
1.5kW,1.5kW_turn_current_2p34pct,interturn,2.34,False,73,156.76499946976466,fault_test,0.04918032786885246,True
1.5kW,1.5kW_turn_current_2p34pct,interturn,2.34,False,74,139.91900674591645,fault_test,0.18032786885245902,False
1.5kW,1.5kW_turn_current_2p34pct,interturn,2.34,False,75,134.62535211467255,fault_test,0.19672131147540983,False
1.5kW,1.5kW_turn_current_2p34pct,interturn,2.34,False,76,134.94576592924594,fault_test,0.19672131147540983,False
1.5kW,1.5kW_turn_current_2p34pct,interturn,2.34,False,77,211.43544656011517,fault_test,0.01639344262295082,True
1.5kW,1.5kW_turn_current_2p34pct,interturn,2.34,False,78,119.32701809904862,fault_test,0.21311475409836064,False
1.5kW,1.5kW_turn_current_2p34pct,interturn,2.34,False,79,141.90662725188838,fault_test,0.14754098360655737,False
1.5kW,1.5kW_turn_current_2p34pct,interturn,2.34,False,80,140.04276563620812,fault_test,0.18032786885245902,False
1.5kW,1.5kW_turn_current_2p34pct,interturn,2.34,False,81,201.84952851702363,fault_test,0.01639344262295082,True
1.5kW,1.5kW_turn_current_2p34pct,interturn,2.34,False,82,141.33475875021153,fault_test,0.14754098360655737,False
1.5kW,1.5kW_turn_current_2p34pct,interturn,2.34,False,83,128.41578835478592,fault_test,0.19672131147540983,False
1.5kW,1.5kW_turn_current_2p34pct,interturn,2.34,False,84,134.53176641113163,fault_test,0.19672131147540983,False
1.5kW,1.5kW_turn_current_2p34pct,interturn,2.34,False,85,187.45284211027175,fault_test,0.01639344262295082,True
1.5kW,1.5kW_turn_current_2p34pct,interturn,2.34,False,86,130.338735909424,fault_test,0.19672131147540983,False
1.5kW,1.5kW_turn_current_2p34pct,interturn,2.34,False,87,185.86790923875856,fault_test,0.01639344262295082,True
1.5kW,1.5kW_turn_current_2p34pct,interturn,2.34,False,88,138.33508368121488,fault_test,0.19672131147540983,False
1.5kW,1.5kW_turn_current_2p34pct,interturn,2.34,False,89,145.52261789567015,fault_test,0.09836065573770492,False
1.5kW,1.5kW_turn_current_2p34pct,interturn,2.34,False,90,141.2029931589118,fault_test,0.14754098360655737,False
1.5kW,1.5kW_turn_current_2p34pct,interturn,2.34,False,91,151.91212791466575,fault_test,0.06557377049180328,False
1.5kW,1.5kW_turn_current_2p34pct,interturn,2.34,False,92,161.78531896670427,fault_test,0.04918032786885246,True
1.5kW,1.5kW_turn_current_2p34pct,interturn,2.34,False,93,162.25345586371708,fault_test,0.04918032786885246,True
1.5kW,1.5kW_turn_current_2p34pct,interturn,2.34,False,94,150.86942899484862,fault_test,0.08196721311475409,False
1.5kW,1.5kW_turn_current_2p34pct,interturn,2.34,False,95,182.2372045239172,fault_test,0.01639344262295082,True
1.5kW,1.5kW_turn_current_2p34pct,interturn,2.34,False,96,129.6067555039219,fault_test,0.19672131147540983,False
1.5kW,1.5kW_turn_current_2p34pct,interturn,2.34,False,97,150.84476078413692,fault_test,0.08196721311475409,False
1.5kW,1.5kW_turn_current_2p34pct,interturn,2.34,False,98,142.9420813385794,fault_test,0.14754098360655737,False
1.5kW,1.5kW_turn_current_2p34pct,interturn,2.34,False,99,181.38283923670545,fault_test,0.01639344262295082,True
1.5kW,1.5kW_turn_current_2p34pct,interturn,2.34,False,100,136.37878767903558,fault_test,0.19672131147540983,False
1.5kW,1.5kW_turn_current_2p34pct,interturn,2.34,False,101,94.51045705311542,fault_test,0.29508196721311475,False
1.5kW,1.5kW_turn_current_2p34pct,interturn,2.34,False,102,126.25460353425032,fault_test,0.19672131147540983,False
1.5kW,1.5kW_turn_current_2p34pct,interturn,2.34,False,103,165.8108302825874,fault_test,0.03278688524590164,True
1.5kW,1.5kW_turn_current_2p34pct,interturn,2.34,False,104,107.96238180766176,fault_test,0.22950819672131148,False
1.5kW,1.5kW_turn_current_2p34pct,interturn,2.34,False,105,100.73327690274164,fault_test,0.2786885245901639,False
1.5kW,1.5kW_turn_current_2p34pct,interturn,2.34,False,106,143.67992784790374,fault_test,0.14754098360655737,False
1.5kW,1.5kW_turn_current_2p34pct,interturn,2.34,False,107,145.1940362402388,fault_test,0.09836065573770492,False
1.5kW,1.5kW_turn_current_2p34pct,interturn,2.34,False,108,119.6066873525955,fault_test,0.21311475409836064,False
1.5kW,1.5kW_turn_current_2p34pct,interturn,2.34,False,109,121.02177431117651,fault_test,0.21311475409836064,False
1.5kW,1.5kW_turn_current_2p34pct,interturn,2.34,False,110,137.65266356570402,fault_test,0.19672131147540983,False
1.5kW,1.5kW_turn_current_2p34pct,interturn,2.34,False,111,158.10101706627736,fault_test,0.04918032786885246,True
1.5kW,1.5kW_turn_current_2p34pct,interturn,2.34,False,112,139.26670320660716,fault_test,0.18032786885245902,False
1.5kW,1.5kW_turn_current_2p34pct,interturn,2.34,False,113,145.39081356247618,fault_test,0.09836065573770492,False
1.5kW,1.5kW_turn_current_2p34pct,interturn,2.34,False,114,132.7066509618978,fault_test,0.19672131147540983,False
1.5kW,1.5kW_turn_current_2p34pct,interturn,2.34,False,115,143.644230885997,fault_test,0.14754098360655737,False
1.5kW,1.5kW_turn_current_2p34pct,interturn,2.34,False,116,150.14919578515017,fault_test,0.08196721311475409,False
1.5kW,1.5kW_turn_current_2p34pct,interturn,2.34,False,117,165.59900561418976,fault_test,0.03278688524590164,True
1.5kW,1.5kW_turn_current_2p34pct,interturn,2.34,False,118,129.647300600174,fault_test,0.19672131147540983,False
1.5kW,1.5kW_turn_current_2p34pct,interturn,2.34,False,119,126.07847144776993,fault_test,0.19672131147540983,False
1.5kW,1.5kW_turn_current_3p1pct,interturn,3.1,False,0,899.1973512031906,fault_test,0.01639344262295082,True
1.5kW,1.5kW_turn_current_3p1pct,interturn,3.1,False,1,926.4813509409952,fault_test,0.01639344262295082,True
1.5kW,1.5kW_turn_current_3p1pct,interturn,3.1,False,2,924.5009835597223,fault_test,0.01639344262295082,True
1.5kW,1.5kW_turn_current_3p1pct,interturn,3.1,False,3,929.396660643069,fault_test,0.01639344262295082,True
1.5kW,1.5kW_turn_current_3p1pct,interturn,3.1,False,4,950.2989655185288,fault_test,0.01639344262295082,True
1.5kW,1.5kW_turn_current_3p1pct,interturn,3.1,False,5,854.2919369454265,fault_test,0.01639344262295082,True
1.5kW,1.5kW_turn_current_3p1pct,interturn,3.1,False,6,871.4025526977673,fault_test,0.01639344262295082,True
1.5kW,1.5kW_turn_current_3p1pct,interturn,3.1,False,7,911.6680551049731,fault_test,0.01639344262295082,True
1.5kW,1.5kW_turn_current_3p1pct,interturn,3.1,False,8,922.3283031312918,fault_test,0.01639344262295082,True
1.5kW,1.5kW_turn_current_3p1pct,interturn,3.1,False,9,1021.3033519409511,fault_test,0.01639344262295082,True
1.5kW,1.5kW_turn_current_3p1pct,interturn,3.1,False,10,882.7545475161539,fault_test,0.01639344262295082,True
1.5kW,1.5kW_turn_current_3p1pct,interturn,3.1,False,11,895.3858091753212,fault_test,0.01639344262295082,True
1.5kW,1.5kW_turn_current_3p1pct,interturn,3.1,False,12,949.9963663687394,fault_test,0.01639344262295082,True
1.5kW,1.5kW_turn_current_3p1pct,interturn,3.1,False,13,878.8784838872282,fault_test,0.01639344262295082,True
1.5kW,1.5kW_turn_current_3p1pct,interturn,3.1,False,14,867.2605686995745,fault_test,0.01639344262295082,True
1.5kW,1.5kW_turn_current_3p1pct,interturn,3.1,False,15,894.33666247956,fault_test,0.01639344262295082,True
1.5kW,1.5kW_turn_current_3p1pct,interturn,3.1,False,16,852.9224993520168,fault_test,0.01639344262295082,True
1.5kW,1.5kW_turn_current_3p1pct,interturn,3.1,False,17,859.539515839872,fault_test,0.01639344262295082,True
1.5kW,1.5kW_turn_current_3p1pct,interturn,3.1,False,18,932.3847095632105,fault_test,0.01639344262295082,True
1.5kW,1.5kW_turn_current_3p1pct,interturn,3.1,False,19,878.1199961004785,fault_test,0.01639344262295082,True
1.5kW,1.5kW_turn_current_3p1pct,interturn,3.1,False,20,892.475029877041,fault_test,0.01639344262295082,True
1.5kW,1.5kW_turn_current_3p1pct,interturn,3.1,False,21,809.9948644309885,fault_test,0.01639344262295082,True
1.5kW,1.5kW_turn_current_3p1pct,interturn,3.1,False,22,851.7972266524226,fault_test,0.01639344262295082,True
1.5kW,1.5kW_turn_current_3p1pct,interturn,3.1,False,23,835.011355324567,fault_test,0.01639344262295082,True
1.5kW,1.5kW_turn_current_3p1pct,interturn,3.1,False,24,880.8290646303586,fault_test,0.01639344262295082,True
1.5kW,1.5kW_turn_current_3p1pct,interturn,3.1,False,25,849.5104797904642,fault_test,0.01639344262295082,True
1.5kW,1.5kW_turn_current_3p1pct,interturn,3.1,False,26,914.128924019779,fault_test,0.01639344262295082,True
1.5kW,1.5kW_turn_current_3p1pct,interturn,3.1,False,27,884.0053364741842,fault_test,0.01639344262295082,True
1.5kW,1.5kW_turn_current_3p1pct,interturn,3.1,False,28,897.3502084239434,fault_test,0.01639344262295082,True
1.5kW,1.5kW_turn_current_3p1pct,interturn,3.1,False,29,872.2850778605231,fault_test,0.01639344262295082,True
1.5kW,1.5kW_turn_current_3p1pct,interturn,3.1,False,30,911.0308234406884,fault_test,0.01639344262295082,True
1.5kW,1.5kW_turn_current_3p1pct,interturn,3.1,False,31,914.2964316180907,fault_test,0.01639344262295082,True
1.5kW,1.5kW_turn_current_3p1pct,interturn,3.1,False,32,823.5002158693778,fault_test,0.01639344262295082,True
1.5kW,1.5kW_turn_current_3p1pct,interturn,3.1,False,33,894.6091013186469,fault_test,0.01639344262295082,True
1.5kW,1.5kW_turn_current_3p1pct,interturn,3.1,False,34,901.3840572743007,fault_test,0.01639344262295082,True
1.5kW,1.5kW_turn_current_3p1pct,interturn,3.1,False,35,895.8818469003149,fault_test,0.01639344262295082,True
1.5kW,1.5kW_turn_current_3p1pct,interturn,3.1,False,36,855.7033508394414,fault_test,0.01639344262295082,True
1.5kW,1.5kW_turn_current_3p1pct,interturn,3.1,False,37,860.930927509061,fault_test,0.01639344262295082,True
1.5kW,1.5kW_turn_current_3p1pct,interturn,3.1,False,38,856.1096499040999,fault_test,0.01639344262295082,True
1.5kW,1.5kW_turn_current_3p1pct,interturn,3.1,False,39,884.8260334693306,fault_test,0.01639344262295082,True
1.5kW,1.5kW_turn_current_3p1pct,interturn,3.1,False,40,839.9592493836841,fault_test,0.01639344262295082,True
1.5kW,1.5kW_turn_current_3p1pct,interturn,3.1,False,41,858.3110392537026,fault_test,0.01639344262295082,True
1.5kW,1.5kW_turn_current_3p1pct,interturn,3.1,False,42,951.213416182338,fault_test,0.01639344262295082,True
1.5kW,1.5kW_turn_current_3p1pct,interturn,3.1,False,43,870.178048851938,fault_test,0.01639344262295082,True
1.5kW,1.5kW_turn_current_3p1pct,interturn,3.1,False,44,885.4569099235342,fault_test,0.01639344262295082,True
1.5kW,1.5kW_turn_current_3p1pct,interturn,3.1,False,45,815.6486835787256,fault_test,0.01639344262295082,True
1.5kW,1.5kW_turn_current_3p1pct,interturn,3.1,False,46,898.8708804968004,fault_test,0.01639344262295082,True
1.5kW,1.5kW_turn_current_3p1pct,interturn,3.1,False,47,835.0494801130104,fault_test,0.01639344262295082,True
1.5kW,1.5kW_turn_current_3p1pct,interturn,3.1,False,48,925.4710122280511,fault_test,0.01639344262295082,True
1.5kW,1.5kW_turn_current_3p1pct,interturn,3.1,False,49,804.6361383444604,fault_test,0.01639344262295082,True
1.5kW,1.5kW_turn_current_3p1pct,interturn,3.1,False,50,894.8066616373328,fault_test,0.01639344262295082,True
1.5kW,1.5kW_turn_current_3p1pct,interturn,3.1,False,51,921.712989295529,fault_test,0.01639344262295082,True
1.5kW,1.5kW_turn_current_3p1pct,interturn,3.1,False,52,826.4219561755392,fault_test,0.01639344262295082,True
1.5kW,1.5kW_turn_current_3p1pct,interturn,3.1,False,53,899.1972584617225,fault_test,0.01639344262295082,True
1.5kW,1.5kW_turn_current_3p1pct,interturn,3.1,False,54,841.256307314141,fault_test,0.01639344262295082,True
1.5kW,1.5kW_turn_current_3p1pct,interturn,3.1,False,55,888.2980860471122,fault_test,0.01639344262295082,True
1.5kW,1.5kW_turn_current_3p1pct,interturn,3.1,False,56,854.7596128024915,fault_test,0.01639344262295082,True
1.5kW,1.5kW_turn_current_3p1pct,interturn,3.1,False,57,911.5575206826646,fault_test,0.01639344262295082,True
1.5kW,1.5kW_turn_current_3p1pct,interturn,3.1,False,58,865.7007374371403,fault_test,0.01639344262295082,True
1.5kW,1.5kW_turn_current_3p1pct,interturn,3.1,False,59,890.5088985814971,fault_test,0.01639344262295082,True
1.5kW,1.5kW_turn_current_3p1pct,interturn,3.1,False,60,906.2616875523073,fault_test,0.01639344262295082,True
1.5kW,1.5kW_turn_current_3p1pct,interturn,3.1,False,61,893.3205325570498,fault_test,0.01639344262295082,True
1.5kW,1.5kW_turn_current_3p1pct,interturn,3.1,False,62,880.6517788337032,fault_test,0.01639344262295082,True
1.5kW,1.5kW_turn_current_3p1pct,interturn,3.1,False,63,839.8465962295118,fault_test,0.01639344262295082,True
1.5kW,1.5kW_turn_current_3p1pct,interturn,3.1,False,64,861.5848698726368,fault_test,0.01639344262295082,True
1.5kW,1.5kW_turn_current_3p1pct,interturn,3.1,False,65,908.9304456241811,fault_test,0.01639344262295082,True
1.5kW,1.5kW_turn_current_3p1pct,interturn,3.1,False,66,877.0972667215684,fault_test,0.01639344262295082,True
1.5kW,1.5kW_turn_current_3p1pct,interturn,3.1,False,67,807.4474351157976,fault_test,0.01639344262295082,True
1.5kW,1.5kW_turn_current_3p1pct,interturn,3.1,False,68,967.3341212039008,fault_test,0.01639344262295082,True
1.5kW,1.5kW_turn_current_3p1pct,interturn,3.1,False,69,923.907339330611,fault_test,0.01639344262295082,True
1.5kW,1.5kW_turn_current_3p1pct,interturn,3.1,False,70,906.2998231562292,fault_test,0.01639344262295082,True
1.5kW,1.5kW_turn_current_3p1pct,interturn,3.1,False,71,869.4353943408036,fault_test,0.01639344262295082,True
1.5kW,1.5kW_turn_current_3p1pct,interturn,3.1,False,72,887.8197521689,fault_test,0.01639344262295082,True
1.5kW,1.5kW_turn_current_3p1pct,interturn,3.1,False,73,862.5080879745846,fault_test,0.01639344262295082,True
1.5kW,1.5kW_turn_current_3p1pct,interturn,3.1,False,74,896.7861144050157,fault_test,0.01639344262295082,True
1.5kW,1.5kW_turn_current_3p1pct,interturn,3.1,False,75,879.5128942810287,fault_test,0.01639344262295082,True
1.5kW,1.5kW_turn_current_3p1pct,interturn,3.1,False,76,860.4193776965919,fault_test,0.01639344262295082,True
1.5kW,1.5kW_turn_current_3p1pct,interturn,3.1,False,77,940.9686517870723,fault_test,0.01639344262295082,True
1.5kW,1.5kW_turn_current_3p1pct,interturn,3.1,False,78,906.6370206272405,fault_test,0.01639344262295082,True
1.5kW,1.5kW_turn_current_3p1pct,interturn,3.1,False,79,882.8620944371163,fault_test,0.01639344262295082,True
1.5kW,1.5kW_turn_current_3p1pct,interturn,3.1,False,80,872.2933596321851,fault_test,0.01639344262295082,True
1.5kW,1.5kW_turn_current_3p1pct,interturn,3.1,False,81,893.6007082345338,fault_test,0.01639344262295082,True
1.5kW,1.5kW_turn_current_3p1pct,interturn,3.1,False,82,872.9919667765691,fault_test,0.01639344262295082,True
1.5kW,1.5kW_turn_current_3p1pct,interturn,3.1,False,83,889.4217917219229,fault_test,0.01639344262295082,True
1.5kW,1.5kW_turn_current_3p1pct,interturn,3.1,False,84,882.578758451114,fault_test,0.01639344262295082,True
1.5kW,1.5kW_turn_current_3p1pct,interturn,3.1,False,85,859.54213957185,fault_test,0.01639344262295082,True
1.5kW,1.5kW_turn_current_3p1pct,interturn,3.1,False,86,902.4917793658561,fault_test,0.01639344262295082,True
1.5kW,1.5kW_turn_current_3p1pct,interturn,3.1,False,87,892.9388553513842,fault_test,0.01639344262295082,True
1.5kW,1.5kW_turn_current_3p1pct,interturn,3.1,False,88,925.4449985849596,fault_test,0.01639344262295082,True
1.5kW,1.5kW_turn_current_3p1pct,interturn,3.1,False,89,894.9144063054435,fault_test,0.01639344262295082,True
1.5kW,1.5kW_turn_current_3p1pct,interturn,3.1,False,90,905.8475407361818,fault_test,0.01639344262295082,True
1.5kW,1.5kW_turn_current_3p1pct,interturn,3.1,False,91,837.3743625401355,fault_test,0.01639344262295082,True
1.5kW,1.5kW_turn_current_3p1pct,interturn,3.1,False,92,905.142377672512,fault_test,0.01639344262295082,True
1.5kW,1.5kW_turn_current_3p1pct,interturn,3.1,False,93,916.8570272383632,fault_test,0.01639344262295082,True
1.5kW,1.5kW_turn_current_3p1pct,interturn,3.1,False,94,931.8137559907696,fault_test,0.01639344262295082,True
1.5kW,1.5kW_turn_current_3p1pct,interturn,3.1,False,95,914.3044576581774,fault_test,0.01639344262295082,True
1.5kW,1.5kW_turn_current_3p1pct,interturn,3.1,False,96,963.7466883035727,fault_test,0.01639344262295082,True
1.5kW,1.5kW_turn_current_3p1pct,interturn,3.1,False,97,895.4287648686196,fault_test,0.01639344262295082,True
1.5kW,1.5kW_turn_current_3p1pct,interturn,3.1,False,98,944.0256769635237,fault_test,0.01639344262295082,True
1.5kW,1.5kW_turn_current_3p1pct,interturn,3.1,False,99,922.9462288690921,fault_test,0.01639344262295082,True
1.5kW,1.5kW_turn_current_3p1pct,interturn,3.1,False,100,894.7509108018164,fault_test,0.01639344262295082,True
1.5kW,1.5kW_turn_current_3p1pct,interturn,3.1,False,101,881.928870664201,fault_test,0.01639344262295082,True
1.5kW,1.5kW_turn_current_3p1pct,interturn,3.1,False,102,877.831356838792,fault_test,0.01639344262295082,True
1.5kW,1.5kW_turn_current_3p1pct,interturn,3.1,False,103,962.7752363008888,fault_test,0.01639344262295082,True
1.5kW,1.5kW_turn_current_3p1pct,interturn,3.1,False,104,902.0314084182021,fault_test,0.01639344262295082,True
1.5kW,1.5kW_turn_current_3p1pct,interturn,3.1,False,105,894.4361395369538,fault_test,0.01639344262295082,True
1.5kW,1.5kW_turn_current_3p1pct,interturn,3.1,False,106,925.9527027793049,fault_test,0.01639344262295082,True
1.5kW,1.5kW_turn_current_3p1pct,interturn,3.1,False,107,878.4075436786168,fault_test,0.01639344262295082,True
1.5kW,1.5kW_turn_current_3p1pct,interturn,3.1,False,108,866.9031065203276,fault_test,0.01639344262295082,True
1.5kW,1.5kW_turn_current_3p1pct,interturn,3.1,False,109,869.42275229117,fault_test,0.01639344262295082,True
1.5kW,1.5kW_turn_current_3p1pct,interturn,3.1,False,110,925.4821216400394,fault_test,0.01639344262295082,True
1.5kW,1.5kW_turn_current_3p1pct,interturn,3.1,False,111,886.4635712983021,fault_test,0.01639344262295082,True
1.5kW,1.5kW_turn_current_3p1pct,interturn,3.1,False,112,966.7748990802022,fault_test,0.01639344262295082,True
1.5kW,1.5kW_turn_current_3p1pct,interturn,3.1,False,113,879.2073419778974,fault_test,0.01639344262295082,True
1.5kW,1.5kW_turn_current_3p1pct,interturn,3.1,False,114,980.7105591542756,fault_test,0.01639344262295082,True
1.5kW,1.5kW_turn_current_3p1pct,interturn,3.1,False,115,891.2032221469053,fault_test,0.01639344262295082,True
1.5kW,1.5kW_turn_current_3p1pct,interturn,3.1,False,116,858.5606535043596,fault_test,0.01639344262295082,True
1.5kW,1.5kW_turn_current_3p1pct,interturn,3.1,False,117,966.361609871306,fault_test,0.01639344262295082,True
1.5kW,1.5kW_turn_current_3p1pct,interturn,3.1,False,118,893.376011965727,fault_test,0.01639344262295082,True
1.5kW,1.5kW_turn_current_3p1pct,interturn,3.1,False,119,883.9381754471076,fault_test,0.01639344262295082,True
1.5kW,1.5kW_turn_current_4p57pct,interturn,4.57,False,0,315.732537918914,fault_test,0.01639344262295082,True
1.5kW,1.5kW_turn_current_4p57pct,interturn,4.57,False,1,343.4611923885579,fault_test,0.01639344262295082,True
1.5kW,1.5kW_turn_current_4p57pct,interturn,4.57,False,2,261.41964068023,fault_test,0.01639344262295082,True
1.5kW,1.5kW_turn_current_4p57pct,interturn,4.57,False,3,345.877332503628,fault_test,0.01639344262295082,True
1.5kW,1.5kW_turn_current_4p57pct,interturn,4.57,False,4,291.44744025829453,fault_test,0.01639344262295082,True
1.5kW,1.5kW_turn_current_4p57pct,interturn,4.57,False,5,272.506370725009,fault_test,0.01639344262295082,True
1.5kW,1.5kW_turn_current_4p57pct,interturn,4.57,False,6,281.620550608324,fault_test,0.01639344262295082,True
1.5kW,1.5kW_turn_current_4p57pct,interturn,4.57,False,7,305.71770681371925,fault_test,0.01639344262295082,True
1.5kW,1.5kW_turn_current_4p57pct,interturn,4.57,False,8,300.095400492999,fault_test,0.01639344262295082,True
1.5kW,1.5kW_turn_current_4p57pct,interturn,4.57,False,9,318.3573244077876,fault_test,0.01639344262295082,True
1.5kW,1.5kW_turn_current_4p57pct,interturn,4.57,False,10,277.4588949779088,fault_test,0.01639344262295082,True
1.5kW,1.5kW_turn_current_4p57pct,interturn,4.57,False,11,400.84360264603424,fault_test,0.01639344262295082,True
1.5kW,1.5kW_turn_current_4p57pct,interturn,4.57,False,12,293.44835717520374,fault_test,0.01639344262295082,True
1.5kW,1.5kW_turn_current_4p57pct,interturn,4.57,False,13,269.6573050124962,fault_test,0.01639344262295082,True
1.5kW,1.5kW_turn_current_4p57pct,interturn,4.57,False,14,289.61602185077703,fault_test,0.01639344262295082,True
1.5kW,1.5kW_turn_current_4p57pct,interturn,4.57,False,15,305.7172567606478,fault_test,0.01639344262295082,True
1.5kW,1.5kW_turn_current_4p57pct,interturn,4.57,False,16,374.0853174681836,fault_test,0.01639344262295082,True
1.5kW,1.5kW_turn_current_4p57pct,interturn,4.57,False,17,325.3683242472106,fault_test,0.01639344262295082,True
1.5kW,1.5kW_turn_current_4p57pct,interturn,4.57,False,18,347.2490086581809,fault_test,0.01639344262295082,True
1.5kW,1.5kW_turn_current_4p57pct,interturn,4.57,False,19,331.8410538605057,fault_test,0.01639344262295082,True
1.5kW,1.5kW_turn_current_4p57pct,interturn,4.57,False,20,276.1547378694303,fault_test,0.01639344262295082,True
1.5kW,1.5kW_turn_current_4p57pct,interturn,4.57,False,21,300.68618498249356,fault_test,0.01639344262295082,True
1.5kW,1.5kW_turn_current_4p57pct,interturn,4.57,False,22,306.0496088457638,fault_test,0.01639344262295082,True
1.5kW,1.5kW_turn_current_4p57pct,interturn,4.57,False,23,334.3675337473282,fault_test,0.01639344262295082,True
1.5kW,1.5kW_turn_current_4p57pct,interturn,4.57,False,24,267.6398404143194,fault_test,0.01639344262295082,True
1.5kW,1.5kW_turn_current_4p57pct,interturn,4.57,False,25,404.3896504776715,fault_test,0.01639344262295082,True
1.5kW,1.5kW_turn_current_4p57pct,interturn,4.57,False,26,290.1704815189581,fault_test,0.01639344262295082,True
1.5kW,1.5kW_turn_current_4p57pct,interturn,4.57,False,27,330.1716115459934,fault_test,0.01639344262295082,True
1.5kW,1.5kW_turn_current_4p57pct,interturn,4.57,False,28,315.9893108483917,fault_test,0.01639344262295082,True
1.5kW,1.5kW_turn_current_4p57pct,interturn,4.57,False,29,361.83070065241975,fault_test,0.01639344262295082,True
1.5kW,1.5kW_turn_current_4p57pct,interturn,4.57,False,30,347.50100912551346,fault_test,0.01639344262295082,True
1.5kW,1.5kW_turn_current_4p57pct,interturn,4.57,False,31,294.72414974927256,fault_test,0.01639344262295082,True
1.5kW,1.5kW_turn_current_4p57pct,interturn,4.57,False,32,318.2615094515403,fault_test,0.01639344262295082,True
1.5kW,1.5kW_turn_current_4p57pct,interturn,4.57,False,33,368.4527124146783,fault_test,0.01639344262295082,True
1.5kW,1.5kW_turn_current_4p57pct,interturn,4.57,False,34,301.14171190987787,fault_test,0.01639344262295082,True
1.5kW,1.5kW_turn_current_4p57pct,interturn,4.57,False,35,283.9271671311064,fault_test,0.01639344262295082,True
1.5kW,1.5kW_turn_current_4p57pct,interturn,4.57,False,36,374.13983330886845,fault_test,0.01639344262295082,True
1.5kW,1.5kW_turn_current_4p57pct,interturn,4.57,False,37,305.2844762898353,fault_test,0.01639344262295082,True
1.5kW,1.5kW_turn_current_4p57pct,interturn,4.57,False,38,300.15978079527974,fault_test,0.01639344262295082,True
1.5kW,1.5kW_turn_current_4p57pct,interturn,4.57,False,39,345.0296215549035,fault_test,0.01639344262295082,True
1.5kW,1.5kW_turn_current_4p57pct,interturn,4.57,False,40,302.4941614525117,fault_test,0.01639344262295082,True
1.5kW,1.5kW_turn_current_4p57pct,interturn,4.57,False,41,330.56411305969294,fault_test,0.01639344262295082,True
1.5kW,1.5kW_turn_current_4p57pct,interturn,4.57,False,42,340.95614777229764,fault_test,0.01639344262295082,True
1.5kW,1.5kW_turn_current_4p57pct,interturn,4.57,False,43,298.02274559890395,fault_test,0.01639344262295082,True
1.5kW,1.5kW_turn_current_4p57pct,interturn,4.57,False,44,327.79503421126174,fault_test,0.01639344262295082,True
1.5kW,1.5kW_turn_current_4p57pct,interturn,4.57,False,45,326.57287349546334,fault_test,0.01639344262295082,True
1.5kW,1.5kW_turn_current_4p57pct,interturn,4.57,False,46,282.3034185471078,fault_test,0.01639344262295082,True
1.5kW,1.5kW_turn_current_4p57pct,interturn,4.57,False,47,313.44437045314965,fault_test,0.01639344262295082,True
1.5kW,1.5kW_turn_current_4p57pct,interturn,4.57,False,48,320.2718193327477,fault_test,0.01639344262295082,True
1.5kW,1.5kW_turn_current_4p57pct,interturn,4.57,False,49,324.9557785425936,fault_test,0.01639344262295082,True
1.5kW,1.5kW_turn_current_4p57pct,interturn,4.57,False,50,294.0370598235952,fault_test,0.01639344262295082,True
1.5kW,1.5kW_turn_current_4p57pct,interturn,4.57,False,51,341.42203031005926,fault_test,0.01639344262295082,True
1.5kW,1.5kW_turn_current_4p57pct,interturn,4.57,False,52,472.82377400281916,fault_test,0.01639344262295082,True
1.5kW,1.5kW_turn_current_4p57pct,interturn,4.57,False,53,268.0999881889742,fault_test,0.01639344262295082,True
1.5kW,1.5kW_turn_current_4p57pct,interturn,4.57,False,54,263.3489070742173,fault_test,0.01639344262295082,True
1.5kW,1.5kW_turn_current_4p57pct,interturn,4.57,False,55,427.48631642157443,fault_test,0.01639344262295082,True
1.5kW,1.5kW_turn_current_4p57pct,interturn,4.57,False,56,338.55839001430553,fault_test,0.01639344262295082,True
1.5kW,1.5kW_turn_current_4p57pct,interturn,4.57,False,57,280.73210655947673,fault_test,0.01639344262295082,True
1.5kW,1.5kW_turn_current_4p57pct,interturn,4.57,False,58,279.7373449290217,fault_test,0.01639344262295082,True
1.5kW,1.5kW_turn_current_4p57pct,interturn,4.57,False,59,345.1032689920208,fault_test,0.01639344262295082,True
1.5kW,1.5kW_turn_current_4p57pct,interturn,4.57,False,60,280.35644625043636,fault_test,0.01639344262295082,True
1.5kW,1.5kW_turn_current_4p57pct,interturn,4.57,False,61,285.4813671558663,fault_test,0.01639344262295082,True
1.5kW,1.5kW_turn_current_4p57pct,interturn,4.57,False,62,322.8331505064973,fault_test,0.01639344262295082,True
1.5kW,1.5kW_turn_current_4p57pct,interturn,4.57,False,63,299.89822855480236,fault_test,0.01639344262295082,True
1.5kW,1.5kW_turn_current_4p57pct,interturn,4.57,False,64,351.70188566183253,fault_test,0.01639344262295082,True
1.5kW,1.5kW_turn_current_4p57pct,interturn,4.57,False,65,288.97502679244127,fault_test,0.01639344262295082,True
1.5kW,1.5kW_turn_current_4p57pct,interturn,4.57,False,66,320.7791133563948,fault_test,0.01639344262295082,True
1.5kW,1.5kW_turn_current_4p57pct,interturn,4.57,False,67,287.16171344061337,fault_test,0.01639344262295082,True
1.5kW,1.5kW_turn_current_4p57pct,interturn,4.57,False,68,297.61077253958143,fault_test,0.01639344262295082,True
1.5kW,1.5kW_turn_current_4p57pct,interturn,4.57,False,69,255.52558827312188,fault_test,0.01639344262295082,True
1.5kW,1.5kW_turn_current_4p57pct,interturn,4.57,False,70,301.1192667219473,fault_test,0.01639344262295082,True
1.5kW,1.5kW_turn_current_4p57pct,interturn,4.57,False,71,299.1878982993927,fault_test,0.01639344262295082,True
1.5kW,1.5kW_turn_current_4p57pct,interturn,4.57,False,72,247.0806629745691,fault_test,0.01639344262295082,True
1.5kW,1.5kW_turn_current_4p57pct,interturn,4.57,False,73,330.52693594162565,fault_test,0.01639344262295082,True
1.5kW,1.5kW_turn_current_4p57pct,interturn,4.57,False,74,353.60871966175716,fault_test,0.01639344262295082,True
1.5kW,1.5kW_turn_current_4p57pct,interturn,4.57,False,75,281.33460632914915,fault_test,0.01639344262295082,True
1.5kW,1.5kW_turn_current_4p57pct,interturn,4.57,False,76,284.9900733886682,fault_test,0.01639344262295082,True
1.5kW,1.5kW_turn_current_4p57pct,interturn,4.57,False,77,351.90116396640605,fault_test,0.01639344262295082,True
1.5kW,1.5kW_turn_current_4p57pct,interturn,4.57,False,78,305.9143874094357,fault_test,0.01639344262295082,True
1.5kW,1.5kW_turn_current_4p57pct,interturn,4.57,False,79,272.8058616898268,fault_test,0.01639344262295082,True
1.5kW,1.5kW_turn_current_4p57pct,interturn,4.57,False,80,347.48297220964093,fault_test,0.01639344262295082,True
1.5kW,1.5kW_turn_current_4p57pct,interturn,4.57,False,81,374.28971495066577,fault_test,0.01639344262295082,True
1.5kW,1.5kW_turn_current_4p57pct,interturn,4.57,False,82,283.7229330568888,fault_test,0.01639344262295082,True
1.5kW,1.5kW_turn_current_4p57pct,interturn,4.57,False,83,261.6000256866358,fault_test,0.01639344262295082,True
1.5kW,1.5kW_turn_current_4p57pct,interturn,4.57,False,84,303.28988442826886,fault_test,0.01639344262295082,True
1.5kW,1.5kW_turn_current_4p57pct,interturn,4.57,False,85,340.2718654400216,fault_test,0.01639344262295082,True
1.5kW,1.5kW_turn_current_4p57pct,interturn,4.57,False,86,294.5438794765562,fault_test,0.01639344262295082,True
1.5kW,1.5kW_turn_current_4p57pct,interturn,4.57,False,87,284.51985494146345,fault_test,0.01639344262295082,True
1.5kW,1.5kW_turn_current_4p57pct,interturn,4.57,False,88,302.231093340571,fault_test,0.01639344262295082,True
1.5kW,1.5kW_turn_current_4p57pct,interturn,4.57,False,89,301.94895526802713,fault_test,0.01639344262295082,True
1.5kW,1.5kW_turn_current_4p57pct,interturn,4.57,False,90,283.90183360706146,fault_test,0.01639344262295082,True
1.5kW,1.5kW_turn_current_4p57pct,interturn,4.57,False,91,358.05777932478594,fault_test,0.01639344262295082,True
1.5kW,1.5kW_turn_current_4p57pct,interturn,4.57,False,92,319.9659153992621,fault_test,0.01639344262295082,True
1.5kW,1.5kW_turn_current_4p57pct,interturn,4.57,False,93,364.3603268529047,fault_test,0.01639344262295082,True
1.5kW,1.5kW_turn_current_4p57pct,interturn,4.57,False,94,301.6778120561737,fault_test,0.01639344262295082,True
1.5kW,1.5kW_turn_current_4p57pct,interturn,4.57,False,95,334.0051249216593,fault_test,0.01639344262295082,True
1.5kW,1.5kW_turn_current_4p57pct,interturn,4.57,False,96,333.5956514278032,fault_test,0.01639344262295082,True
1.5kW,1.5kW_turn_current_4p57pct,interturn,4.57,False,97,241.69581447667187,fault_test,0.01639344262295082,True
1.5kW,1.5kW_turn_current_4p57pct,interturn,4.57,False,98,261.59988232497915,fault_test,0.01639344262295082,True
1.5kW,1.5kW_turn_current_4p57pct,interturn,4.57,False,99,283.24085664619264,fault_test,0.01639344262295082,True
1.5kW,1.5kW_turn_current_4p57pct,interturn,4.57,False,100,270.4048232901425,fault_test,0.01639344262295082,True
1.5kW,1.5kW_turn_current_4p57pct,interturn,4.57,False,101,347.6171873313022,fault_test,0.01639344262295082,True
1.5kW,1.5kW_turn_current_4p57pct,interturn,4.57,False,102,281.1492166100044,fault_test,0.01639344262295082,True
1.5kW,1.5kW_turn_current_4p57pct,interturn,4.57,False,103,307.62063917097146,fault_test,0.01639344262295082,True
1.5kW,1.5kW_turn_current_4p57pct,interturn,4.57,False,104,346.80932802625273,fault_test,0.01639344262295082,True
1.5kW,1.5kW_turn_current_4p57pct,interturn,4.57,False,105,293.0718515059129,fault_test,0.01639344262295082,True
1.5kW,1.5kW_turn_current_4p57pct,interturn,4.57,False,106,285.526973630052,fault_test,0.01639344262295082,True
1.5kW,1.5kW_turn_current_4p57pct,interturn,4.57,False,107,309.1547085313138,fault_test,0.01639344262295082,True
1.5kW,1.5kW_turn_current_4p57pct,interturn,4.57,False,108,347.588599016327,fault_test,0.01639344262295082,True
1.5kW,1.5kW_turn_current_4p57pct,interturn,4.57,False,109,261.39868156486256,fault_test,0.01639344262295082,True
1.5kW,1.5kW_turn_current_4p57pct,interturn,4.57,False,110,289.8903159558131,fault_test,0.01639344262295082,True
1.5kW,1.5kW_turn_current_4p57pct,interturn,4.57,False,111,299.8360328118258,fault_test,0.01639344262295082,True
1.5kW,1.5kW_turn_current_4p57pct,interturn,4.57,False,112,284.9159608442503,fault_test,0.01639344262295082,True
1.5kW,1.5kW_turn_current_4p57pct,interturn,4.57,False,113,298.4990918041128,fault_test,0.01639344262295082,True
1.5kW,1.5kW_turn_current_4p57pct,interturn,4.57,False,114,323.8831792677332,fault_test,0.01639344262295082,True
1.5kW,1.5kW_turn_current_4p57pct,interturn,4.57,False,115,317.111986277597,fault_test,0.01639344262295082,True
1.5kW,1.5kW_turn_current_4p57pct,interturn,4.57,False,116,274.29013753167675,fault_test,0.01639344262295082,True
1.5kW,1.5kW_turn_current_4p57pct,interturn,4.57,False,117,315.2261737625426,fault_test,0.01639344262295082,True
1.5kW,1.5kW_turn_current_4p57pct,interturn,4.57,False,118,341.97113875532074,fault_test,0.01639344262295082,True
1.5kW,1.5kW_turn_current_4p57pct,interturn,4.57,False,119,304.2330668880578,fault_test,0.01639344262295082,True
1.5kW,1.5kW_turn_current_8p74pct,interturn,8.74,False,0,1418.4275318377986,fault_test,0.01639344262295082,True
1.5kW,1.5kW_turn_current_8p74pct,interturn,8.74,False,1,1456.2378782104133,fault_test,0.01639344262295082,True
1.5kW,1.5kW_turn_current_8p74pct,interturn,8.74,False,2,1487.0595739244072,fault_test,0.01639344262295082,True
1.5kW,1.5kW_turn_current_8p74pct,interturn,8.74,False,3,1378.8965032994129,fault_test,0.01639344262295082,True
1.5kW,1.5kW_turn_current_8p74pct,interturn,8.74,False,4,1454.2918983882678,fault_test,0.01639344262295082,True
1.5kW,1.5kW_turn_current_8p74pct,interturn,8.74,False,5,1427.9250798156295,fault_test,0.01639344262295082,True
1.5kW,1.5kW_turn_current_8p74pct,interturn,8.74,False,6,1415.8569069572561,fault_test,0.01639344262295082,True
1.5kW,1.5kW_turn_current_8p74pct,interturn,8.74,False,7,1430.0749652692516,fault_test,0.01639344262295082,True
1.5kW,1.5kW_turn_current_8p74pct,interturn,8.74,False,8,1465.9549201741015,fault_test,0.01639344262295082,True
1.5kW,1.5kW_turn_current_8p74pct,interturn,8.74,False,9,1435.1130619647681,fault_test,0.01639344262295082,True
1.5kW,1.5kW_turn_current_8p74pct,interturn,8.74,False,10,1326.0405273873153,fault_test,0.01639344262295082,True
1.5kW,1.5kW_turn_current_8p74pct,interturn,8.74,False,11,1546.4105555667231,fault_test,0.01639344262295082,True
1.5kW,1.5kW_turn_current_8p74pct,interturn,8.74,False,12,1424.1834895943139,fault_test,0.01639344262295082,True
1.5kW,1.5kW_turn_current_8p74pct,interturn,8.74,False,13,1473.48489960822,fault_test,0.01639344262295082,True
1.5kW,1.5kW_turn_current_8p74pct,interturn,8.74,False,14,1452.4464731845487,fault_test,0.01639344262295082,True
1.5kW,1.5kW_turn_current_8p74pct,interturn,8.74,False,15,1413.557267552687,fault_test,0.01639344262295082,True
1.5kW,1.5kW_turn_current_8p74pct,interturn,8.74,False,16,1485.588309839993,fault_test,0.01639344262295082,True
1.5kW,1.5kW_turn_current_8p74pct,interturn,8.74,False,17,1384.908656200075,fault_test,0.01639344262295082,True
1.5kW,1.5kW_turn_current_8p74pct,interturn,8.74,False,18,1645.7653268536476,fault_test,0.01639344262295082,True
1.5kW,1.5kW_turn_current_8p74pct,interturn,8.74,False,19,1351.7146580266367,fault_test,0.01639344262295082,True
1.5kW,1.5kW_turn_current_8p74pct,interturn,8.74,False,20,1381.2340041990005,fault_test,0.01639344262295082,True
1.5kW,1.5kW_turn_current_8p74pct,interturn,8.74,False,21,1414.3873796306684,fault_test,0.01639344262295082,True
1.5kW,1.5kW_turn_current_8p74pct,interturn,8.74,False,22,1425.5988348862436,fault_test,0.01639344262295082,True
1.5kW,1.5kW_turn_current_8p74pct,interturn,8.74,False,23,1490.435806214898,fault_test,0.01639344262295082,True
1.5kW,1.5kW_turn_current_8p74pct,interturn,8.74,False,24,1447.0626005523827,fault_test,0.01639344262295082,True
1.5kW,1.5kW_turn_current_8p74pct,interturn,8.74,False,25,1445.8724111225404,fault_test,0.01639344262295082,True
1.5kW,1.5kW_turn_current_8p74pct,interturn,8.74,False,26,1376.5501836438368,fault_test,0.01639344262295082,True
1.5kW,1.5kW_turn_current_8p74pct,interturn,8.74,False,27,1455.427183513792,fault_test,0.01639344262295082,True
1.5kW,1.5kW_turn_current_8p74pct,interturn,8.74,False,28,1425.13882807884,fault_test,0.01639344262295082,True
1.5kW,1.5kW_turn_current_8p74pct,interturn,8.74,False,29,1402.2446956651968,fault_test,0.01639344262295082,True
1.5kW,1.5kW_turn_current_8p74pct,interturn,8.74,False,30,1514.520767095451,fault_test,0.01639344262295082,True
1.5kW,1.5kW_turn_current_8p74pct,interturn,8.74,False,31,1440.0720610618864,fault_test,0.01639344262295082,True
1.5kW,1.5kW_turn_current_8p74pct,interturn,8.74,False,32,1442.2815330530323,fault_test,0.01639344262295082,True
1.5kW,1.5kW_turn_current_8p74pct,interturn,8.74,False,33,1521.1834646685986,fault_test,0.01639344262295082,True
1.5kW,1.5kW_turn_current_8p74pct,interturn,8.74,False,34,1527.5027320779704,fault_test,0.01639344262295082,True
1.5kW,1.5kW_turn_current_8p74pct,interturn,8.74,False,35,1377.7935227448413,fault_test,0.01639344262295082,True
1.5kW,1.5kW_turn_current_8p74pct,interturn,8.74,False,36,1493.7094814000727,fault_test,0.01639344262295082,True
1.5kW,1.5kW_turn_current_8p74pct,interturn,8.74,False,37,1392.5105197689709,fault_test,0.01639344262295082,True
1.5kW,1.5kW_turn_current_8p74pct,interturn,8.74,False,38,1432.6527036078614,fault_test,0.01639344262295082,True
1.5kW,1.5kW_turn_current_8p74pct,interturn,8.74,False,39,1485.7314307356162,fault_test,0.01639344262295082,True
1.5kW,1.5kW_turn_current_8p74pct,interturn,8.74,False,40,1398.086249897981,fault_test,0.01639344262295082,True
1.5kW,1.5kW_turn_current_8p74pct,interturn,8.74,False,41,1459.5494515933854,fault_test,0.01639344262295082,True
1.5kW,1.5kW_turn_current_8p74pct,interturn,8.74,False,42,1434.9120196735607,fault_test,0.01639344262295082,True
1.5kW,1.5kW_turn_current_8p74pct,interturn,8.74,False,43,1425.1950167585503,fault_test,0.01639344262295082,True
1.5kW,1.5kW_turn_current_8p74pct,interturn,8.74,False,44,1435.2048007123958,fault_test,0.01639344262295082,True
1.5kW,1.5kW_turn_current_8p74pct,interturn,8.74,False,45,1408.4359922321412,fault_test,0.01639344262295082,True
1.5kW,1.5kW_turn_current_8p74pct,interturn,8.74,False,46,1389.122776829441,fault_test,0.01639344262295082,True
1.5kW,1.5kW_turn_current_8p74pct,interturn,8.74,False,47,1414.8015565560518,fault_test,0.01639344262295082,True
1.5kW,1.5kW_turn_current_8p74pct,interturn,8.74,False,48,1463.314537040748,fault_test,0.01639344262295082,True
1.5kW,1.5kW_turn_current_8p74pct,interturn,8.74,False,49,1437.040349212538,fault_test,0.01639344262295082,True
1.5kW,1.5kW_turn_current_8p74pct,interturn,8.74,False,50,1468.116466044814,fault_test,0.01639344262295082,True
1.5kW,1.5kW_turn_current_8p74pct,interturn,8.74,False,51,1464.4369121931454,fault_test,0.01639344262295082,True
1.5kW,1.5kW_turn_current_8p74pct,interturn,8.74,False,52,1476.426274626826,fault_test,0.01639344262295082,True
1.5kW,1.5kW_turn_current_8p74pct,interturn,8.74,False,53,1486.867122164642,fault_test,0.01639344262295082,True
1.5kW,1.5kW_turn_current_8p74pct,interturn,8.74,False,54,1414.378655294484,fault_test,0.01639344262295082,True
1.5kW,1.5kW_turn_current_8p74pct,interturn,8.74,False,55,1413.1755316469569,fault_test,0.01639344262295082,True
1.5kW,1.5kW_turn_current_8p74pct,interturn,8.74,False,56,1340.6759697884947,fault_test,0.01639344262295082,True
1.5kW,1.5kW_turn_current_8p74pct,interturn,8.74,False,57,1417.624772574292,fault_test,0.01639344262295082,True
1.5kW,1.5kW_turn_current_8p74pct,interturn,8.74,False,58,1425.4925257863267,fault_test,0.01639344262295082,True
1.5kW,1.5kW_turn_current_8p74pct,interturn,8.74,False,59,1369.5701982593318,fault_test,0.01639344262295082,True
1.5kW,1.5kW_turn_current_8p74pct,interturn,8.74,False,60,1360.060241314037,fault_test,0.01639344262295082,True
1.5kW,1.5kW_turn_current_8p74pct,interturn,8.74,False,61,1414.7929923109925,fault_test,0.01639344262295082,True
1.5kW,1.5kW_turn_current_8p74pct,interturn,8.74,False,62,1364.6778970965756,fault_test,0.01639344262295082,True
1.5kW,1.5kW_turn_current_8p74pct,interturn,8.74,False,63,1426.3421698982534,fault_test,0.01639344262295082,True
1.5kW,1.5kW_turn_current_8p74pct,interturn,8.74,False,64,1441.9175695323117,fault_test,0.01639344262295082,True
1.5kW,1.5kW_turn_current_8p74pct,interturn,8.74,False,65,1455.150676896539,fault_test,0.01639344262295082,True
1.5kW,1.5kW_turn_current_8p74pct,interturn,8.74,False,66,1387.0983942865164,fault_test,0.01639344262295082,True
1.5kW,1.5kW_turn_current_8p74pct,interturn,8.74,False,67,1387.450098362743,fault_test,0.01639344262295082,True
1.5kW,1.5kW_turn_current_8p74pct,interturn,8.74,False,68,1447.5069134389428,fault_test,0.01639344262295082,True
1.5kW,1.5kW_turn_current_8p74pct,interturn,8.74,False,69,1385.8995930251083,fault_test,0.01639344262295082,True
1.5kW,1.5kW_turn_current_8p74pct,interturn,8.74,False,70,1426.644162196101,fault_test,0.01639344262295082,True
1.5kW,1.5kW_turn_current_8p74pct,interturn,8.74,False,71,1386.8671840332754,fault_test,0.01639344262295082,True
1.5kW,1.5kW_turn_current_8p74pct,interturn,8.74,False,72,1376.5576671027175,fault_test,0.01639344262295082,True
1.5kW,1.5kW_turn_current_8p74pct,interturn,8.74,False,73,1369.4291962604725,fault_test,0.01639344262295082,True
1.5kW,1.5kW_turn_current_8p74pct,interturn,8.74,False,74,1397.0980841372718,fault_test,0.01639344262295082,True
1.5kW,1.5kW_turn_current_8p74pct,interturn,8.74,False,75,1427.4937025764514,fault_test,0.01639344262295082,True
1.5kW,1.5kW_turn_current_8p74pct,interturn,8.74,False,76,1573.323785330484,fault_test,0.01639344262295082,True
1.5kW,1.5kW_turn_current_8p74pct,interturn,8.74,False,77,1403.6344781016023,fault_test,0.01639344262295082,True
1.5kW,1.5kW_turn_current_8p74pct,interturn,8.74,False,78,1381.5700680512869,fault_test,0.01639344262295082,True
1.5kW,1.5kW_turn_current_8p74pct,interturn,8.74,False,79,1394.9467271906449,fault_test,0.01639344262295082,True
1.5kW,1.5kW_turn_current_8p74pct,interturn,8.74,False,80,1370.428964283383,fault_test,0.01639344262295082,True
1.5kW,1.5kW_turn_current_8p74pct,interturn,8.74,False,81,1328.0442278158944,fault_test,0.01639344262295082,True
1.5kW,1.5kW_turn_current_8p74pct,interturn,8.74,False,82,1415.7664650758252,fault_test,0.01639344262295082,True
1.5kW,1.5kW_turn_current_8p74pct,interturn,8.74,False,83,1357.8589661798817,fault_test,0.01639344262295082,True
1.5kW,1.5kW_turn_current_8p74pct,interturn,8.74,False,84,1383.2992371607684,fault_test,0.01639344262295082,True
1.5kW,1.5kW_turn_current_8p74pct,interturn,8.74,False,85,1382.9095840480159,fault_test,0.01639344262295082,True
1.5kW,1.5kW_turn_current_8p74pct,interturn,8.74,False,86,1413.8259924044044,fault_test,0.01639344262295082,True
1.5kW,1.5kW_turn_current_8p74pct,interturn,8.74,False,87,1374.7366871584538,fault_test,0.01639344262295082,True
1.5kW,1.5kW_turn_current_8p74pct,interturn,8.74,False,88,1316.7601877341374,fault_test,0.01639344262295082,True
1.5kW,1.5kW_turn_current_8p74pct,interturn,8.74,False,89,1470.0734012911414,fault_test,0.01639344262295082,True
1.5kW,1.5kW_turn_current_8p74pct,interturn,8.74,False,90,1399.7902830617916,fault_test,0.01639344262295082,True
1.5kW,1.5kW_turn_current_8p74pct,interturn,8.74,False,91,1317.299932811071,fault_test,0.01639344262295082,True
1.5kW,1.5kW_turn_current_8p74pct,interturn,8.74,False,92,1284.2125141201925,fault_test,0.01639344262295082,True
1.5kW,1.5kW_turn_current_8p74pct,interturn,8.74,False,93,1403.7183628255261,fault_test,0.01639344262295082,True
1.5kW,1.5kW_turn_current_8p74pct,interturn,8.74,False,94,1324.033413515019,fault_test,0.01639344262295082,True
1.5kW,1.5kW_turn_current_8p74pct,interturn,8.74,False,95,1289.1755827734887,fault_test,0.01639344262295082,True
1.5kW,1.5kW_turn_current_8p74pct,interturn,8.74,False,96,1417.631148987545,fault_test,0.01639344262295082,True
1.5kW,1.5kW_turn_current_8p74pct,interturn,8.74,False,97,1359.1220736713087,fault_test,0.01639344262295082,True
1.5kW,1.5kW_turn_current_8p74pct,interturn,8.74,False,98,1369.5838424654137,fault_test,0.01639344262295082,True
1.5kW,1.5kW_turn_current_8p74pct,interturn,8.74,False,99,1353.7288619074204,fault_test,0.01639344262295082,True
1.5kW,1.5kW_turn_current_8p74pct,interturn,8.74,False,100,1423.8295544412138,fault_test,0.01639344262295082,True
1.5kW,1.5kW_turn_current_8p74pct,interturn,8.74,False,101,1390.0167742586407,fault_test,0.01639344262295082,True
1.5kW,1.5kW_turn_current_8p74pct,interturn,8.74,False,102,1390.8944577759285,fault_test,0.01639344262295082,True
1.5kW,1.5kW_turn_current_8p74pct,interturn,8.74,False,103,1332.097229220393,fault_test,0.01639344262295082,True
1.5kW,1.5kW_turn_current_8p74pct,interturn,8.74,False,104,1394.6184840851138,fault_test,0.01639344262295082,True
1.5kW,1.5kW_turn_current_8p74pct,interturn,8.74,False,105,1363.9747343070621,fault_test,0.01639344262295082,True
1.5kW,1.5kW_turn_current_8p74pct,interturn,8.74,False,106,1363.1989223029043,fault_test,0.01639344262295082,True
1.5kW,1.5kW_turn_current_8p74pct,interturn,8.74,False,107,1391.3757365365009,fault_test,0.01639344262295082,True
1.5kW,1.5kW_turn_current_8p74pct,interturn,8.74,False,108,1364.3385596169717,fault_test,0.01639344262295082,True
1.5kW,1.5kW_turn_current_8p74pct,interturn,8.74,False,109,1438.6422123207694,fault_test,0.01639344262295082,True
1.5kW,1.5kW_turn_current_8p74pct,interturn,8.74,False,110,1287.297023411956,fault_test,0.01639344262295082,True
1.5kW,1.5kW_turn_current_8p74pct,interturn,8.74,False,111,1446.7158824351995,fault_test,0.01639344262295082,True
1.5kW,1.5kW_turn_current_8p74pct,interturn,8.74,False,112,1261.6153639014951,fault_test,0.01639344262295082,True
1.5kW,1.5kW_turn_current_8p74pct,interturn,8.74,False,113,1378.317074617839,fault_test,0.01639344262295082,True
1.5kW,1.5kW_turn_current_8p74pct,interturn,8.74,False,114,1407.6691854134833,fault_test,0.01639344262295082,True
1.5kW,1.5kW_turn_current_8p74pct,interturn,8.74,False,115,1434.162143530867,fault_test,0.01639344262295082,True
1.5kW,1.5kW_turn_current_8p74pct,interturn,8.74,False,116,1398.6405200930142,fault_test,0.01639344262295082,True
1.5kW,1.5kW_turn_current_8p74pct,interturn,8.74,False,117,1344.8873481634118,fault_test,0.01639344262295082,True
1.5kW,1.5kW_turn_current_8p74pct,interturn,8.74,False,118,1371.4844902507728,fault_test,0.01639344262295082,True
1.5kW,1.5kW_turn_current_8p74pct,interturn,8.74,False,119,1434.3061041030808,fault_test,0.01639344262295082,True
