motor_id,record_id,fault_family,severity_percent,is_healthy,block_id,score,evaluation_role,p_value,alarm
3kW,3kW_coil_current_0pct,intercoil,0.0,True,0,115.76587475741007,adaptation,0.2459016393442623,False
3kW,3kW_coil_current_0pct,intercoil,0.0,True,1,25.859104110116693,adaptation,1.0,False
3kW,3kW_coil_current_0pct,intercoil,0.0,True,2,43.96203843814178,adaptation,0.8360655737704918,False
3kW,3kW_coil_current_0pct,intercoil,0.0,True,3,51.812753770331526,adaptation,0.7213114754098361,False
3kW,3kW_coil_current_0pct,intercoil,0.0,True,4,79.45165103224926,adaptation,0.47540983606557374,False
3kW,3kW_coil_current_0pct,intercoil,0.0,True,5,84.60539501440275,adaptation,0.4426229508196721,False
3kW,3kW_coil_current_0pct,intercoil,0.0,True,6,44.1554571738624,adaptation,0.8360655737704918,False
3kW,3kW_coil_current_0pct,intercoil,0.0,True,7,33.98707280245374,adaptation,0.9672131147540983,False
3kW,3kW_coil_current_0pct,intercoil,0.0,True,8,58.03186993937214,adaptation,0.6885245901639344,False
3kW,3kW_coil_current_0pct,intercoil,0.0,True,9,68.02699145292729,adaptation,0.6065573770491803,False
3kW,3kW_coil_current_0pct,intercoil,0.0,True,10,85.90885408827356,adaptation,0.4262295081967213,False
3kW,3kW_coil_current_0pct,intercoil,0.0,True,11,57.21701547603986,adaptation,0.7049180327868853,False
3kW,3kW_coil_current_0pct,intercoil,0.0,True,12,59.93872301371114,guard,0.6557377049180327,False
3kW,3kW_coil_current_0pct,intercoil,0.0,True,13,29.728124945436328,calibration,1.0,False
3kW,3kW_coil_current_0pct,intercoil,0.0,True,14,67.63649355502895,calibration,0.6229508196721312,False
3kW,3kW_coil_current_0pct,intercoil,0.0,True,15,78.91912618777786,calibration,0.5081967213114754,False
3kW,3kW_coil_current_0pct,intercoil,0.0,True,16,124.92530615030692,calibration,0.16393442622950818,False
3kW,3kW_coil_current_0pct,intercoil,0.0,True,17,84.68055733300507,calibration,0.4426229508196721,False
3kW,3kW_coil_current_0pct,intercoil,0.0,True,18,35.695233588236725,calibration,0.9672131147540983,False
3kW,3kW_coil_current_0pct,intercoil,0.0,True,19,41.91156953835366,calibration,0.8688524590163934,False
3kW,3kW_coil_current_0pct,intercoil,0.0,True,20,70.21984373431104,calibration,0.6065573770491803,False
3kW,3kW_coil_current_0pct,intercoil,0.0,True,21,98.73277292828351,calibration,0.3770491803278688,False
3kW,3kW_coil_current_0pct,intercoil,0.0,True,22,171.94123035607632,calibration,0.03278688524590164,True
3kW,3kW_coil_current_0pct,intercoil,0.0,True,23,116.14462842822539,calibration,0.2459016393442623,False
3kW,3kW_coil_current_0pct,intercoil,0.0,True,24,38.58571208209558,calibration,0.9344262295081968,False
3kW,3kW_coil_current_0pct,intercoil,0.0,True,25,58.28441095562762,calibration,0.6885245901639344,False
3kW,3kW_coil_current_0pct,intercoil,0.0,True,26,72.8517941598295,calibration,0.5901639344262295,False
3kW,3kW_coil_current_0pct,intercoil,0.0,True,27,103.80203107822665,calibration,0.3114754098360656,False
3kW,3kW_coil_current_0pct,intercoil,0.0,True,28,95.26157964937798,calibration,0.4098360655737705,False
3kW,3kW_coil_current_0pct,intercoil,0.0,True,29,46.1120733457811,calibration,0.819672131147541,False
3kW,3kW_coil_current_0pct,intercoil,0.0,True,30,51.47396972981386,calibration,0.7540983606557377,False
3kW,3kW_coil_current_0pct,intercoil,0.0,True,31,73.79903410652462,calibration,0.5573770491803278,False
3kW,3kW_coil_current_0pct,intercoil,0.0,True,32,131.5827081430492,calibration,0.09836065573770492,False
3kW,3kW_coil_current_0pct,intercoil,0.0,True,33,123.90577807708706,calibration,0.19672131147540983,False
3kW,3kW_coil_current_0pct,intercoil,0.0,True,34,43.08312041581018,calibration,0.8524590163934426,False
3kW,3kW_coil_current_0pct,intercoil,0.0,True,35,32.297849935507,calibration,0.9836065573770492,False
3kW,3kW_coil_current_0pct,intercoil,0.0,True,36,51.7840622984935,calibration,0.7377049180327869,False
3kW,3kW_coil_current_0pct,intercoil,0.0,True,37,65.77386934077501,calibration,0.639344262295082,False
3kW,3kW_coil_current_0pct,intercoil,0.0,True,38,103.82723178190807,calibration,0.29508196721311475,False
3kW,3kW_coil_current_0pct,intercoil,0.0,True,39,95.48326774619214,calibration,0.39344262295081966,False
3kW,3kW_coil_current_0pct,intercoil,0.0,True,40,41.370893637975314,calibration,0.8852459016393442,False
3kW,3kW_coil_current_0pct,intercoil,0.0,True,41,62.32525917838085,calibration,0.6557377049180327,False
3kW,3kW_coil_current_0pct,intercoil,0.0,True,42,73.93513386645654,calibration,0.5409836065573771,False
3kW,3kW_coil_current_0pct,intercoil,0.0,True,43,125.19636751800044,calibration,0.14754098360655737,False
3kW,3kW_coil_current_0pct,intercoil,0.0,True,44,127.85405203378113,calibration,0.13114754098360656,False
3kW,3kW_coil_current_0pct,intercoil,0.0,True,45,147.30371099507502,calibration,0.06557377049180328,False
3kW,3kW_coil_current_0pct,intercoil,0.0,True,46,55.97486893586892,calibration,0.7213114754098361,False
3kW,3kW_coil_current_0pct,intercoil,0.0,True,47,51.098996676853645,calibration,0.7704918032786885,False
3kW,3kW_coil_current_0pct,intercoil,0.0,True,48,72.96947331819084,calibration,0.5737704918032787,False
3kW,3kW_coil_current_0pct,intercoil,0.0,True,49,112.52329089160978,calibration,0.26229508196721313,False
3kW,3kW_coil_current_0pct,intercoil,0.0,True,50,111.23183808497828,calibration,0.2786885245901639,False
3kW,3kW_coil_current_0pct,intercoil,0.0,True,51,49.1071627620477,calibration,0.7868852459016393,False
3kW,3kW_coil_current_0pct,intercoil,0.0,True,52,36.671210076567284,calibration,0.9508196721311475,False
3kW,3kW_coil_current_0pct,intercoil,0.0,True,53,82.83034616310664,calibration,0.47540983606557374,False
3kW,3kW_coil_current_0pct,intercoil,0.0,True,54,99.32503173004636,calibration,0.36065573770491804,False
3kW,3kW_coil_current_0pct,intercoil,0.0,True,55,151.0720733170994,calibration,0.04918032786885246,True
3kW,3kW_coil_current_0pct,intercoil,0.0,True,56,45.23078830191357,calibration,0.8360655737704918,False
3kW,3kW_coil_current_0pct,intercoil,0.0,True,57,39.880675345787196,calibration,0.9016393442622951,False
3kW,3kW_coil_current_0pct,intercoil,0.0,True,58,94.85279217318126,calibration,0.4262295081967213,False
3kW,3kW_coil_current_0pct,intercoil,0.0,True,59,79.05467044098738,calibration,0.4918032786885246,False
3kW,3kW_coil_current_0pct,intercoil,0.0,True,60,128.62657468823852,calibration,0.11475409836065574,False
3kW,3kW_coil_current_0pct,intercoil,0.0,True,61,99.53189837029873,calibration,0.3442622950819672,False
3kW,3kW_coil_current_0pct,intercoil,0.0,True,62,59.013419115109826,calibration,0.6721311475409836,False
3kW,3kW_coil_current_0pct,intercoil,0.0,True,63,77.72256955880039,calibration,0.5245901639344263,False
3kW,3kW_coil_current_0pct,intercoil,0.0,True,64,123.46758909447209,calibration,0.21311475409836064,False
3kW,3kW_coil_current_0pct,intercoil,0.0,True,65,124.06559899267096,calibration,0.18032786885245902,False
3kW,3kW_coil_current_0pct,intercoil,0.0,True,66,83.44305152808292,calibration,0.45901639344262296,False
3kW,3kW_coil_current_0pct,intercoil,0.0,True,67,57.6859941410785,calibration,0.7049180327868853,False
3kW,3kW_coil_current_0pct,intercoil,0.0,True,68,48.7759763080573,calibration,0.8032786885245902,False
3kW,3kW_coil_current_0pct,intercoil,0.0,True,69,100.50330387690298,calibration,0.32786885245901637,False
3kW,3kW_coil_current_0pct,intercoil,0.0,True,70,118.16486436983467,calibration,0.22950819672131148,False
3kW,3kW_coil_current_0pct,intercoil,0.0,True,71,141.80247843553596,calibration,0.08196721311475409,False
3kW,3kW_coil_current_0pct,intercoil,0.0,True,72,39.67282668517399,calibration,0.9180327868852459,False
3kW,3kW_coil_current_0pct,intercoil,0.0,True,73,51.091104244470706,guard,0.7704918032786885,False
3kW,3kW_coil_current_0pct,intercoil,0.0,True,74,77.86986199229156,healthy_test,0.5081967213114754,False
3kW,3kW_coil_current_0pct,intercoil,0.0,True,75,114.4343508848059,healthy_test,0.2459016393442623,False
3kW,3kW_coil_current_0pct,intercoil,0.0,True,76,162.27648659177862,healthy_test,0.03278688524590164,True
3kW,3kW_coil_current_0pct,intercoil,0.0,True,77,81.12693687140934,healthy_test,0.47540983606557374,False
3kW,3kW_coil_current_0pct,intercoil,0.0,True,78,43.29744018120494,healthy_test,0.8360655737704918,False
3kW,3kW_coil_current_0pct,intercoil,0.0,True,79,66.83634265165635,healthy_test,0.6229508196721312,False
3kW,3kW_coil_current_0pct,intercoil,0.0,True,80,109.25482345862945,healthy_test,0.2786885245901639,False
3kW,3kW_coil_current_0pct,intercoil,0.0,True,81,125.44058824063006,healthy_test,0.13114754098360656,False
3kW,3kW_coil_current_0pct,intercoil,0.0,True,82,52.668460043786446,healthy_test,0.7213114754098361,False
3kW,3kW_coil_current_0pct,intercoil,0.0,True,83,48.38833974096025,healthy_test,0.8032786885245902,False
3kW,3kW_coil_current_0pct,intercoil,0.0,True,84,62.35164618896354,healthy_test,0.639344262295082,False
3kW,3kW_coil_current_0pct,intercoil,0.0,True,85,104.40650132326189,healthy_test,0.2786885245901639,False
3kW,3kW_coil_current_0pct,intercoil,0.0,True,86,145.2409524716835,healthy_test,0.06557377049180328,False
3kW,3kW_coil_current_0pct,intercoil,0.0,True,87,78.06634808407172,healthy_test,0.5081967213114754,False
3kW,3kW_coil_current_0pct,intercoil,0.0,True,88,77.49205464688504,healthy_test,0.5245901639344263,False
3kW,3kW_coil_current_0pct,intercoil,0.0,True,89,58.95361932820083,healthy_test,0.6721311475409836,False
3kW,3kW_coil_current_0pct,intercoil,0.0,True,90,93.27197799971337,healthy_test,0.4262295081967213,False
3kW,3kW_coil_current_0pct,intercoil,0.0,True,91,88.36978220823448,healthy_test,0.4262295081967213,False
3kW,3kW_coil_current_0pct,intercoil,0.0,True,92,35.8347675940593,healthy_test,0.9508196721311475,False
3kW,3kW_coil_current_0pct,intercoil,0.0,True,93,34.62708610034987,healthy_test,0.9672131147540983,False
3kW,3kW_coil_current_0pct,intercoil,0.0,True,94,97.55633273653977,healthy_test,0.3770491803278688,False
3kW,3kW_coil_current_0pct,intercoil,0.0,True,95,112.55118714766085,healthy_test,0.2459016393442623,False
3kW,3kW_coil_current_0pct,intercoil,0.0,True,96,112.72434375985915,healthy_test,0.2459016393442623,False
3kW,3kW_coil_current_0pct,intercoil,0.0,True,97,84.81125678720386,healthy_test,0.4262295081967213,False
3kW,3kW_coil_current_0pct,intercoil,0.0,True,98,52.64571958555345,healthy_test,0.7213114754098361,False
3kW,3kW_coil_current_0pct,intercoil,0.0,True,99,70.37732752172938,healthy_test,0.5901639344262295,False
3kW,3kW_coil_current_0pct,intercoil,0.0,True,100,82.1736068688999,healthy_test,0.47540983606557374,False
3kW,3kW_coil_current_0pct,intercoil,0.0,True,101,148.78412904574873,healthy_test,0.04918032786885246,True
3kW,3kW_coil_current_0pct,intercoil,0.0,True,102,117.39073131373992,healthy_test,0.22950819672131148,False
3kW,3kW_coil_current_0pct,intercoil,0.0,True,103,50.889162981363995,healthy_test,0.7704918032786885,False
3kW,3kW_coil_current_0pct,intercoil,0.0,True,104,44.96528548700203,healthy_test,0.8360655737704918,False
3kW,3kW_coil_current_0pct,intercoil,0.0,True,105,80.80622853758206,healthy_test,0.47540983606557374,False
3kW,3kW_coil_current_0pct,intercoil,0.0,True,106,114.72164946233144,healthy_test,0.2459016393442623,False
3kW,3kW_coil_current_0pct,intercoil,0.0,True,107,41.36960612790535,healthy_test,0.8852459016393442,False
3kW,3kW_coil_current_0pct,intercoil,0.0,True,108,37.08622376780883,healthy_test,0.9344262295081968,False
3kW,3kW_coil_current_0pct,intercoil,0.0,True,109,62.500535488080374,healthy_test,0.639344262295082,False
3kW,3kW_coil_current_0pct,intercoil,0.0,True,110,103.124282888813,healthy_test,0.3114754098360656,False
3kW,3kW_coil_current_0pct,intercoil,0.0,True,111,110.81036103737276,healthy_test,0.2786885245901639,False
3kW,3kW_coil_current_0pct,intercoil,0.0,True,112,50.02975021533811,healthy_test,0.7704918032786885,False
3kW,3kW_coil_current_0pct,intercoil,0.0,True,113,36.57734007625065,healthy_test,0.9508196721311475,False
3kW,3kW_coil_current_0pct,intercoil,0.0,True,114,104.91648200050498,healthy_test,0.2786885245901639,False
3kW,3kW_coil_current_0pct,intercoil,0.0,True,115,120.57281251661854,healthy_test,0.21311475409836064,False
3kW,3kW_coil_current_0pct,intercoil,0.0,True,116,127.35375582979975,healthy_test,0.13114754098360656,False
3kW,3kW_coil_current_0pct,intercoil,0.0,True,117,56.96243083090488,healthy_test,0.7049180327868853,False
3kW,3kW_coil_current_0pct,intercoil,0.0,True,118,57.61161131914016,healthy_test,0.7049180327868853,False
3kW,3kW_coil_current_0pct,intercoil,0.0,True,119,85.01041752258165,healthy_test,0.4262295081967213,False
3kW,3kW_coil_current_13p3pct,intercoil,13.3,False,0,649777.6554221213,fault_test,0.01639344262295082,True
3kW,3kW_coil_current_13p3pct,intercoil,13.3,False,1,643824.972922812,fault_test,0.01639344262295082,True
3kW,3kW_coil_current_13p3pct,intercoil,13.3,False,2,640740.2568585232,fault_test,0.01639344262295082,True
3kW,3kW_coil_current_13p3pct,intercoil,13.3,False,3,650964.065919001,fault_test,0.01639344262295082,True
3kW,3kW_coil_current_13p3pct,intercoil,13.3,False,4,662526.3888288065,fault_test,0.01639344262295082,True
3kW,3kW_coil_current_13p3pct,intercoil,13.3,False,5,661420.3922439573,fault_test,0.01639344262295082,True
3kW,3kW_coil_current_13p3pct,intercoil,13.3,False,6,658413.243867904,fault_test,0.01639344262295082,True
3kW,3kW_coil_current_13p3pct,intercoil,13.3,False,7,652222.2069111995,fault_test,0.01639344262295082,True
3kW,3kW_coil_current_13p3pct,intercoil,13.3,False,8,647140.6590021008,fault_test,0.01639344262295082,True
3kW,3kW_coil_current_13p3pct,intercoil,13.3,False,9,637364.3650715833,fault_test,0.01639344262295082,True
3kW,3kW_coil_current_13p3pct,intercoil,13.3,False,10,649548.0003122482,fault_test,0.01639344262295082,True
3kW,3kW_coil_current_13p3pct,intercoil,13.3,False,11,660880.8768196944,fault_test,0.01639344262295082,True
3kW,3kW_coil_current_13p3pct,intercoil,13.3,False,12,661819.9473690091,fault_test,0.01639344262295082,True
3kW,3kW_coil_current_13p3pct,intercoil,13.3,False,13,659762.477203596,fault_test,0.01639344262295082,True
3kW,3kW_coil_current_13p3pct,intercoil,13.3,False,14,653017.7522894151,fault_test,0.01639344262295082,True
3kW,3kW_coil_current_13p3pct,intercoil,13.3,False,15,650350.3691468004,fault_test,0.01639344262295082,True
3kW,3kW_coil_current_13p3pct,intercoil,13.3,False,16,637698.9443363519,fault_test,0.01639344262295082,True
3kW,3kW_coil_current_13p3pct,intercoil,13.3,False,17,643466.606325638,fault_test,0.01639344262295082,True
3kW,3kW_coil_current_13p3pct,intercoil,13.3,False,18,660018.5981685217,fault_test,0.01639344262295082,True
3kW,3kW_coil_current_13p3pct,intercoil,13.3,False,19,659746.171643094,fault_test,0.01639344262295082,True
3kW,3kW_coil_current_13p3pct,intercoil,13.3,False,20,658982.5963648265,fault_test,0.01639344262295082,True
3kW,3kW_coil_current_13p3pct,intercoil,13.3,False,21,653574.1636600295,fault_test,0.01639344262295082,True
3kW,3kW_coil_current_13p3pct,intercoil,13.3,False,22,647471.1549579605,fault_test,0.01639344262295082,True
3kW,3kW_coil_current_13p3pct,intercoil,13.3,False,23,638113.1245981574,fault_test,0.01639344262295082,True
3kW,3kW_coil_current_13p3pct,intercoil,13.3,False,24,641121.0835828222,fault_test,0.01639344262295082,True
3kW,3kW_coil_current_13p3pct,intercoil,13.3,False,25,656374.4315046939,fault_test,0.01639344262295082,True
3kW,3kW_coil_current_13p3pct,intercoil,13.3,False,26,661389.3828480929,fault_test,0.01639344262295082,True
3kW,3kW_coil_current_13p3pct,intercoil,13.3,False,27,660589.0593594587,fault_test,0.01639344262295082,True
3kW,3kW_coil_current_13p3pct,intercoil,13.3,False,28,657091.1461343433,fault_test,0.01639344262295082,True
3kW,3kW_coil_current_13p3pct,intercoil,13.3,False,29,649727.3644704932,fault_test,0.01639344262295082,True
3kW,3kW_coil_current_13p3pct,intercoil,13.3,False,30,637399.7441324841,fault_test,0.01639344262295082,True
3kW,3kW_coil_current_13p3pct,intercoil,13.3,False,31,636579.0657017666,fault_test,0.01639344262295082,True
3kW,3kW_coil_current_13p3pct,intercoil,13.3,False,32,655599.0100020409,fault_test,0.01639344262295082,True
3kW,3kW_coil_current_13p3pct,intercoil,13.3,False,33,661796.7104359625,fault_test,0.01639344262295082,True
3kW,3kW_coil_current_13p3pct,intercoil,13.3,False,34,660435.432550456,fault_test,0.01639344262295082,True
3kW,3kW_coil_current_13p3pct,intercoil,13.3,False,35,654560.0449572207,fault_test,0.01639344262295082,True
3kW,3kW_coil_current_13p3pct,intercoil,13.3,False,36,654359.0404588508,fault_test,0.01639344262295082,True
3kW,3kW_coil_current_13p3pct,intercoil,13.3,False,37,643551.6699228083,fault_test,0.01639344262295082,True
3kW,3kW_coil_current_13p3pct,intercoil,13.3,False,38,634335.2207077291,fault_test,0.01639344262295082,True
3kW,3kW_coil_current_13p3pct,intercoil,13.3,False,39,650200.7002834646,fault_test,0.01639344262295082,True
3kW,3kW_coil_current_13p3pct,intercoil,13.3,False,40,656044.3702177207,fault_test,0.01639344262295082,True
3kW,3kW_coil_current_13p3pct,intercoil,13.3,False,41,657963.9990465174,fault_test,0.01639344262295082,True
3kW,3kW_coil_current_13p3pct,intercoil,13.3,False,42,660492.660365927,fault_test,0.01639344262295082,True
3kW,3kW_coil_current_13p3pct,intercoil,13.3,False,43,655936.0940544707,fault_test,0.01639344262295082,True
3kW,3kW_coil_current_13p3pct,intercoil,13.3,False,44,646337.7237354054,fault_test,0.01639344262295082,True
3kW,3kW_coil_current_13p3pct,intercoil,13.3,False,45,637293.2736607838,fault_test,0.01639344262295082,True
3kW,3kW_coil_current_13p3pct,intercoil,13.3,False,46,646142.1316208913,fault_test,0.01639344262295082,True
3kW,3kW_coil_current_13p3pct,intercoil,13.3,False,47,661332.1674365872,fault_test,0.01639344262295082,True
3kW,3kW_coil_current_13p3pct,intercoil,13.3,False,48,662429.7961198563,fault_test,0.01639344262295082,True
3kW,3kW_coil_current_13p3pct,intercoil,13.3,False,49,660623.0840518067,fault_test,0.01639344262295082,True
3kW,3kW_coil_current_13p3pct,intercoil,13.3,False,50,656371.0121005804,fault_test,0.01639344262295082,True
3kW,3kW_coil_current_13p3pct,intercoil,13.3,False,51,647727.1249257107,fault_test,0.01639344262295082,True
3kW,3kW_coil_current_13p3pct,intercoil,13.3,False,52,639952.5161052179,fault_test,0.01639344262295082,True
3kW,3kW_coil_current_13p3pct,intercoil,13.3,False,53,646435.5459270617,fault_test,0.01639344262295082,True
3kW,3kW_coil_current_13p3pct,intercoil,13.3,False,54,654626.5700140179,fault_test,0.01639344262295082,True
3kW,3kW_coil_current_13p3pct,intercoil,13.3,False,55,663348.3188318431,fault_test,0.01639344262295082,True
3kW,3kW_coil_current_13p3pct,intercoil,13.3,False,56,658746.6376646168,fault_test,0.01639344262295082,True
3kW,3kW_coil_current_13p3pct,intercoil,13.3,False,57,656544.7512806306,fault_test,0.01639344262295082,True
3kW,3kW_coil_current_13p3pct,intercoil,13.3,False,58,651613.4226741989,fault_test,0.01639344262295082,True
3kW,3kW_coil_current_13p3pct,intercoil,13.3,False,59,644956.5783997151,fault_test,0.01639344262295082,True
3kW,3kW_coil_current_13p3pct,intercoil,13.3,False,60,635965.8484403632,fault_test,0.01639344262295082,True
3kW,3kW_coil_current_13p3pct,intercoil,13.3,False,61,651097.4382612574,fault_test,0.01639344262295082,True
3kW,3kW_coil_current_13p3pct,intercoil,13.3,False,62,659141.0695234011,fault_test,0.01639344262295082,True
3kW,3kW_coil_current_13p3pct,intercoil,13.3,False,63,658232.3372826016,fault_test,0.01639344262295082,True
3kW,3kW_coil_current_13p3pct,intercoil,13.3,False,64,660231.8597353053,fault_test,0.01639344262295082,True
3kW,3kW_coil_current_13p3pct,intercoil,13.3,False,65,654819.3383860005,fault_test,0.01639344262295082,True
3kW,3kW_coil_current_13p3pct,intercoil,13.3,False,66,648515.8746740575,fault_test,0.01639344262295082,True
3kW,3kW_coil_current_13p3pct,intercoil,13.3,False,67,634484.318465211,fault_test,0.01639344262295082,True
3kW,3kW_coil_current_13p3pct,intercoil,13.3,False,68,652004.4621016929,fault_test,0.01639344262295082,True
3kW,3kW_coil_current_13p3pct,intercoil,13.3,False,69,662149.5406151946,fault_test,0.01639344262295082,True
3kW,3kW_coil_current_13p3pct,intercoil,13.3,False,70,659133.7776607596,fault_test,0.01639344262295082,True
3kW,3kW_coil_current_13p3pct,intercoil,13.3,False,71,658735.9168923924,fault_test,0.01639344262295082,True
3kW,3kW_coil_current_13p3pct,intercoil,13.3,False,72,656868.6819992507,fault_test,0.01639344262295082,True
3kW,3kW_coil_current_13p3pct,intercoil,13.3,False,73,650219.1017372945,fault_test,0.01639344262295082,True
3kW,3kW_coil_current_13p3pct,intercoil,13.3,False,74,641375.8870011809,fault_test,0.01639344262295082,True
3kW,3kW_coil_current_13p3pct,intercoil,13.3,False,75,638731.2806535095,fault_test,0.01639344262295082,True
3kW,3kW_coil_current_13p3pct,intercoil,13.3,False,76,661806.0975211451,fault_test,0.01639344262295082,True
3kW,3kW_coil_current_13p3pct,intercoil,13.3,False,77,660723.950173083,fault_test,0.01639344262295082,True
3kW,3kW_coil_current_13p3pct,intercoil,13.3,False,78,658623.145588658,fault_test,0.01639344262295082,True
3kW,3kW_coil_current_13p3pct,intercoil,13.3,False,79,656341.7823741544,fault_test,0.01639344262295082,True
3kW,3kW_coil_current_13p3pct,intercoil,13.3,False,80,652143.7874321571,fault_test,0.01639344262295082,True
3kW,3kW_coil_current_13p3pct,intercoil,13.3,False,81,643642.6125863545,fault_test,0.01639344262295082,True
3kW,3kW_coil_current_13p3pct,intercoil,13.3,False,82,638357.2385171141,fault_test,0.01639344262295082,True
3kW,3kW_coil_current_13p3pct,intercoil,13.3,False,83,654627.9503436573,fault_test,0.01639344262295082,True
3kW,3kW_coil_current_13p3pct,intercoil,13.3,False,84,660776.6468416296,fault_test,0.01639344262295082,True
3kW,3kW_coil_current_13p3pct,intercoil,13.3,False,85,662947.4434443243,fault_test,0.01639344262295082,True
3kW,3kW_coil_current_13p3pct,intercoil,13.3,False,86,655736.7134764506,fault_test,0.01639344262295082,True
3kW,3kW_coil_current_13p3pct,intercoil,13.3,False,87,654174.5545253762,fault_test,0.01639344262295082,True
3kW,3kW_coil_current_13p3pct,intercoil,13.3,False,88,646627.2072566863,fault_test,0.01639344262295082,True
3kW,3kW_coil_current_13p3pct,intercoil,13.3,False,89,638496.0880776414,fault_test,0.01639344262295082,True
3kW,3kW_coil_current_13p3pct,intercoil,13.3,False,90,651123.4392465951,fault_test,0.01639344262295082,True
3kW,3kW_coil_current_13p3pct,intercoil,13.3,False,91,661147.746330348,fault_test,0.01639344262295082,True
3kW,3kW_coil_current_13p3pct,intercoil,13.3,False,92,661791.1387335706,fault_test,0.01639344262295082,True
3kW,3kW_coil_current_13p3pct,intercoil,13.3,False,93,659260.6070959485,fault_test,0.01639344262295082,True
3kW,3kW_coil_current_13p3pct,intercoil,13.3,False,94,658689.2717264651,fault_test,0.01639344262295082,True
3kW,3kW_coil_current_13p3pct,intercoil,13.3,False,95,648981.3379049987,fault_test,0.01639344262295082,True
3kW,3kW_coil_current_13p3pct,intercoil,13.3,False,96,645041.9423286901,fault_test,0.01639344262295082,True
3kW,3kW_coil_current_13p3pct,intercoil,13.3,False,97,644120.8867544272,fault_test,0.01639344262295082,True
3kW,3kW_coil_current_13p3pct,intercoil,13.3,False,98,654259.0020456869,fault_test,0.01639344262295082,True
3kW,3kW_coil_current_13p3pct,intercoil,13.3,False,99,663467.0343412344,fault_test,0.01639344262295082,True
3kW,3kW_coil_current_13p3pct,intercoil,13.3,False,100,660999.7509853124,fault_test,0.01639344262295082,True
3kW,3kW_coil_current_13p3pct,intercoil,13.3,False,101,657716.4830374689,fault_test,0.01639344262295082,True
3kW,3kW_coil_current_13p3pct,intercoil,13.3,False,102,653429.1967314637,fault_test,0.01639344262295082,True
3kW,3kW_coil_current_13p3pct,intercoil,13.3,False,103,646673.9541479957,fault_test,0.01639344262295082,True
3kW,3kW_coil_current_13p3pct,intercoil,13.3,False,104,638887.0417352503,fault_test,0.01639344262295082,True
3kW,3kW_coil_current_13p3pct,intercoil,13.3,False,105,648405.6995940184,fault_test,0.01639344262295082,True
3kW,3kW_coil_current_13p3pct,intercoil,13.3,False,106,662265.2086603113,fault_test,0.01639344262295082,True
3kW,3kW_coil_current_13p3pct,intercoil,13.3,False,107,660872.2672752221,fault_test,0.01639344262295082,True
3kW,3kW_coil_current_13p3pct,intercoil,13.3,False,108,658494.8718850191,fault_test,0.01639344262295082,True
3kW,3kW_coil_current_13p3pct,intercoil,13.3,False,109,657140.4231471162,fault_test,0.01639344262295082,True
3kW,3kW_coil_current_13p3pct,intercoil,13.3,False,110,647706.0568428432,fault_test,0.01639344262295082,True
3kW,3kW_coil_current_13p3pct,intercoil,13.3,False,111,638772.1639579476,fault_test,0.01639344262295082,True
3kW,3kW_coil_current_13p3pct,intercoil,13.3,False,112,640999.1773639288,fault_test,0.01639344262295082,True
3kW,3kW_coil_current_13p3pct,intercoil,13.3,False,113,658242.2843419095,fault_test,0.01639344262295082,True
3kW,3kW_coil_current_13p3pct,intercoil,13.3,False,114,660845.7495250577,fault_test,0.01639344262295082,True
3kW,3kW_coil_current_13p3pct,intercoil,13.3,False,115,660891.6409575833,fault_test,0.01639344262295082,True
3kW,3kW_coil_current_13p3pct,intercoil,13.3,False,116,654395.4761585507,fault_test,0.01639344262295082,True
3kW,3kW_coil_current_13p3pct,intercoil,13.3,False,117,652158.8672729947,fault_test,0.01639344262295082,True
3kW,3kW_coil_current_13p3pct,intercoil,13.3,False,118,640162.2784721467,fault_test,0.01639344262295082,True
3kW,3kW_coil_current_13p3pct,intercoil,13.3,False,119,638001.2607451514,fault_test,0.01639344262295082,True
3kW,3kW_coil_current_23p48pct,intercoil,23.48,False,0,655916.329737258,fault_test,0.01639344262295082,True
3kW,3kW_coil_current_23p48pct,intercoil,23.48,False,1,662455.9159994759,fault_test,0.01639344262295082,True
3kW,3kW_coil_current_23p48pct,intercoil,23.48,False,2,663854.6562299217,fault_test,0.01639344262295082,True
3kW,3kW_coil_current_23p48pct,intercoil,23.48,False,3,654647.0426920457,fault_test,0.01639344262295082,True
3kW,3kW_coil_current_23p48pct,intercoil,23.48,False,4,646867.8525860495,fault_test,0.01639344262295082,True
3kW,3kW_coil_current_23p48pct,intercoil,23.48,False,5,640678.2444419517,fault_test,0.01639344262295082,True
3kW,3kW_coil_current_23p48pct,intercoil,23.48,False,6,650026.6221625742,fault_test,0.01639344262295082,True
3kW,3kW_coil_current_23p48pct,intercoil,23.48,False,7,657873.5086518669,fault_test,0.01639344262295082,True
3kW,3kW_coil_current_23p48pct,intercoil,23.48,False,8,659845.3571952094,fault_test,0.01639344262295082,True
3kW,3kW_coil_current_23p48pct,intercoil,23.48,False,9,661667.985100931,fault_test,0.01639344262295082,True
3kW,3kW_coil_current_23p48pct,intercoil,23.48,False,10,658821.9479705472,fault_test,0.01639344262295082,True
3kW,3kW_coil_current_23p48pct,intercoil,23.48,False,11,649693.7243271607,fault_test,0.01639344262295082,True
3kW,3kW_coil_current_23p48pct,intercoil,23.48,False,12,641263.4865056903,fault_test,0.01639344262295082,True
3kW,3kW_coil_current_23p48pct,intercoil,23.48,False,13,637835.3569113263,fault_test,0.01639344262295082,True
3kW,3kW_coil_current_23p48pct,intercoil,23.48,False,14,651185.622646163,fault_test,0.01639344262295082,True
3kW,3kW_coil_current_23p48pct,intercoil,23.48,False,15,658135.1912593388,fault_test,0.01639344262295082,True
3kW,3kW_coil_current_23p48pct,intercoil,23.48,False,16,658835.049679616,fault_test,0.01639344262295082,True
3kW,3kW_coil_current_23p48pct,intercoil,23.48,False,17,657073.6496404589,fault_test,0.01639344262295082,True
3kW,3kW_coil_current_23p48pct,intercoil,23.48,False,18,649886.7547884267,fault_test,0.01639344262295082,True
3kW,3kW_coil_current_23p48pct,intercoil,23.48,False,19,644859.1395908971,fault_test,0.01639344262295082,True
3kW,3kW_coil_current_23p48pct,intercoil,23.48,False,20,638264.6033612044,fault_test,0.01639344262295082,True
3kW,3kW_coil_current_23p48pct,intercoil,23.48,False,21,646379.8238669886,fault_test,0.01639344262295082,True
3kW,3kW_coil_current_23p48pct,intercoil,23.48,False,22,660459.3152168196,fault_test,0.01639344262295082,True
3kW,3kW_coil_current_23p48pct,intercoil,23.48,False,23,659573.4527349168,fault_test,0.01639344262295082,True
3kW,3kW_coil_current_23p48pct,intercoil,23.48,False,24,659661.4496982518,fault_test,0.01639344262295082,True
3kW,3kW_coil_current_23p48pct,intercoil,23.48,False,25,656603.6909162377,fault_test,0.01639344262295082,True
3kW,3kW_coil_current_23p48pct,intercoil,23.48,False,26,650891.0888992735,fault_test,0.01639344262295082,True
3kW,3kW_coil_current_23p48pct,intercoil,23.48,False,27,638446.2941420198,fault_test,0.01639344262295082,True
3kW,3kW_coil_current_23p48pct,intercoil,23.48,False,28,646133.2246599729,fault_test,0.01639344262295082,True
3kW,3kW_coil_current_23p48pct,intercoil,23.48,False,29,658079.0148042191,fault_test,0.01639344262295082,True
3kW,3kW_coil_current_23p48pct,intercoil,23.48,False,30,657731.1179301396,fault_test,0.01639344262295082,True
3kW,3kW_coil_current_23p48pct,intercoil,23.48,False,31,660009.9963398139,fault_test,0.01639344262295082,True
3kW,3kW_coil_current_23p48pct,intercoil,23.48,False,32,655849.8740514744,fault_test,0.01639344262295082,True
3kW,3kW_coil_current_23p48pct,intercoil,23.48,False,33,653265.0417491457,fault_test,0.01639344262295082,True
3kW,3kW_coil_current_23p48pct,intercoil,23.48,False,34,643778.422884676,fault_test,0.01639344262295082,True
3kW,3kW_coil_current_23p48pct,intercoil,23.48,False,35,634542.633405266,fault_test,0.01639344262295082,True
3kW,3kW_coil_current_23p48pct,intercoil,23.48,False,36,654810.5577229161,fault_test,0.01639344262295082,True
3kW,3kW_coil_current_23p48pct,intercoil,23.48,False,37,660496.7507457043,fault_test,0.01639344262295082,True
3kW,3kW_coil_current_23p48pct,intercoil,23.48,False,38,661155.5680986729,fault_test,0.01639344262295082,True
3kW,3kW_coil_current_23p48pct,intercoil,23.48,False,39,657339.3882513052,fault_test,0.01639344262295082,True
3kW,3kW_coil_current_23p48pct,intercoil,23.48,False,40,656082.539118735,fault_test,0.01639344262295082,True
3kW,3kW_coil_current_23p48pct,intercoil,23.48,False,41,649879.6666064127,fault_test,0.01639344262295082,True
3kW,3kW_coil_current_23p48pct,intercoil,23.48,False,42,640792.9413331456,fault_test,0.01639344262295082,True
3kW,3kW_coil_current_23p48pct,intercoil,23.48,False,43,645520.8352184771,fault_test,0.01639344262295082,True
3kW,3kW_coil_current_23p48pct,intercoil,23.48,False,44,656869.6923807207,fault_test,0.01639344262295082,True
3kW,3kW_coil_current_23p48pct,intercoil,23.48,False,45,660713.0226284699,fault_test,0.01639344262295082,True
3kW,3kW_coil_current_23p48pct,intercoil,23.48,False,46,659458.0197853677,fault_test,0.01639344262295082,True
3kW,3kW_coil_current_23p48pct,intercoil,23.48,False,47,658419.8302346144,fault_test,0.01639344262295082,True
3kW,3kW_coil_current_23p48pct,intercoil,23.48,False,48,653473.9806438893,fault_test,0.01639344262295082,True
3kW,3kW_coil_current_23p48pct,intercoil,23.48,False,49,645990.9453681335,fault_test,0.01639344262295082,True
3kW,3kW_coil_current_23p48pct,intercoil,23.48,False,50,640411.9608346182,fault_test,0.01639344262295082,True
3kW,3kW_coil_current_23p48pct,intercoil,23.48,False,51,646922.8015371943,fault_test,0.01639344262295082,True
3kW,3kW_coil_current_23p48pct,intercoil,23.48,False,52,659058.0386805173,fault_test,0.01639344262295082,True
3kW,3kW_coil_current_23p48pct,intercoil,23.48,False,53,660054.4438392364,fault_test,0.01639344262295082,True
3kW,3kW_coil_current_23p48pct,intercoil,23.48,False,54,658308.897535384,fault_test,0.01639344262295082,True
3kW,3kW_coil_current_23p48pct,intercoil,23.48,False,55,652718.4749625524,fault_test,0.01639344262295082,True
3kW,3kW_coil_current_23p48pct,intercoil,23.48,False,56,652356.0799130938,fault_test,0.01639344262295082,True
3kW,3kW_coil_current_23p48pct,intercoil,23.48,False,57,640700.6068404646,fault_test,0.01639344262295082,True
3kW,3kW_coil_current_23p48pct,intercoil,23.48,False,58,637941.3375884107,fault_test,0.01639344262295082,True
3kW,3kW_coil_current_23p48pct,intercoil,23.48,False,59,656609.2186980352,fault_test,0.01639344262295082,True
3kW,3kW_coil_current_23p48pct,intercoil,23.48,False,60,659508.4373546373,fault_test,0.01639344262295082,True
3kW,3kW_coil_current_23p48pct,intercoil,23.48,False,61,662909.6818306866,fault_test,0.01639344262295082,True
3kW,3kW_coil_current_23p48pct,intercoil,23.48,False,62,656219.0444537633,fault_test,0.01639344262295082,True
3kW,3kW_coil_current_23p48pct,intercoil,23.48,False,63,653289.7188165702,fault_test,0.01639344262295082,True
3kW,3kW_coil_current_23p48pct,intercoil,23.48,False,64,646003.1507906077,fault_test,0.01639344262295082,True
3kW,3kW_coil_current_23p48pct,intercoil,23.48,False,65,634633.0345331131,fault_test,0.01639344262295082,True
3kW,3kW_coil_current_23p48pct,intercoil,23.48,False,66,650153.9955876645,fault_test,0.01639344262295082,True
3kW,3kW_coil_current_23p48pct,intercoil,23.48,False,67,657794.0801731508,fault_test,0.01639344262295082,True
3kW,3kW_coil_current_23p48pct,intercoil,23.48,False,68,659745.0069884113,fault_test,0.01639344262295082,True
3kW,3kW_coil_current_23p48pct,intercoil,23.48,False,69,659754.6190941662,fault_test,0.01639344262295082,True
3kW,3kW_coil_current_23p48pct,intercoil,23.48,False,70,657732.482821853,fault_test,0.01639344262295082,True
3kW,3kW_coil_current_23p48pct,intercoil,23.48,False,71,649013.8290307701,fault_test,0.01639344262295082,True
3kW,3kW_coil_current_23p48pct,intercoil,23.48,False,72,640153.582924752,fault_test,0.01639344262295082,True
3kW,3kW_coil_current_23p48pct,intercoil,23.48,False,73,639379.0674485132,fault_test,0.01639344262295082,True
3kW,3kW_coil_current_23p48pct,intercoil,23.48,False,74,652995.0881602436,fault_test,0.01639344262295082,True
3kW,3kW_coil_current_23p48pct,intercoil,23.48,False,75,660435.0281262931,fault_test,0.01639344262295082,True
3kW,3kW_coil_current_23p48pct,intercoil,23.48,False,76,660061.3834320002,fault_test,0.01639344262295082,True
3kW,3kW_coil_current_23p48pct,intercoil,23.48,False,77,658703.1638047392,fault_test,0.01639344262295082,True
3kW,3kW_coil_current_23p48pct,intercoil,23.48,False,78,652788.2333528002,fault_test,0.01639344262295082,True
3kW,3kW_coil_current_23p48pct,intercoil,23.48,False,79,647573.8124282279,fault_test,0.01639344262295082,True
3kW,3kW_coil_current_23p48pct,intercoil,23.48,False,80,638380.7975230274,fault_test,0.01639344262295082,True
3kW,3kW_coil_current_23p48pct,intercoil,23.48,False,81,643335.1481889645,fault_test,0.01639344262295082,True
3kW,3kW_coil_current_23p48pct,intercoil,23.48,False,82,654782.8685855991,fault_test,0.01639344262295082,True
3kW,3kW_coil_current_23p48pct,intercoil,23.48,False,83,661857.5477937874,fault_test,0.01639344262295082,True
3kW,3kW_coil_current_23p48pct,intercoil,23.48,False,84,658157.5832023226,fault_test,0.01639344262295082,True
3kW,3kW_coil_current_23p48pct,intercoil,23.48,False,85,654027.5477662486,fault_test,0.01639344262295082,True
3kW,3kW_coil_current_23p48pct,intercoil,23.48,False,86,652759.2504343028,fault_test,0.01639344262295082,True
3kW,3kW_coil_current_23p48pct,intercoil,23.48,False,87,643947.1183091577,fault_test,0.01639344262295082,True
3kW,3kW_coil_current_23p48pct,intercoil,23.48,False,88,636662.4064988472,fault_test,0.01639344262295082,True
3kW,3kW_coil_current_23p48pct,intercoil,23.48,False,89,652241.7407526032,fault_test,0.01639344262295082,True
3kW,3kW_coil_current_23p48pct,intercoil,23.48,False,90,659390.5059566122,fault_test,0.01639344262295082,True
3kW,3kW_coil_current_23p48pct,intercoil,23.48,False,91,660320.9839718896,fault_test,0.01639344262295082,True
3kW,3kW_coil_current_23p48pct,intercoil,23.48,False,92,658644.541167746,fault_test,0.01639344262295082,True
3kW,3kW_coil_current_23p48pct,intercoil,23.48,False,93,653196.0341190287,fault_test,0.01639344262295082,True
3kW,3kW_coil_current_23p48pct,intercoil,23.48,False,94,647271.0614729946,fault_test,0.01639344262295082,True
3kW,3kW_coil_current_23p48pct,intercoil,23.48,False,95,639867.7031220215,fault_test,0.01639344262295082,True
3kW,3kW_coil_current_23p48pct,intercoil,23.48,False,96,646358.7680442216,fault_test,0.01639344262295082,True
3kW,3kW_coil_current_23p48pct,intercoil,23.48,False,97,654768.9497690784,fault_test,0.01639344262295082,True
3kW,3kW_coil_current_23p48pct,intercoil,23.48,False,98,660316.2224667401,fault_test,0.01639344262295082,True
3kW,3kW_coil_current_23p48pct,intercoil,23.48,False,99,660673.4220848641,fault_test,0.01639344262295082,True
3kW,3kW_coil_current_23p48pct,intercoil,23.48,False,100,659359.432157776,fault_test,0.01639344262295082,True
3kW,3kW_coil_current_23p48pct,intercoil,23.48,False,101,652889.127812599,fault_test,0.01639344262295082,True
3kW,3kW_coil_current_23p48pct,intercoil,23.48,False,102,647058.1834864301,fault_test,0.01639344262295082,True
3kW,3kW_coil_current_23p48pct,intercoil,23.48,False,103,634927.7198976777,fault_test,0.01639344262295082,True
3kW,3kW_coil_current_23p48pct,intercoil,23.48,False,104,650892.8333020138,fault_test,0.01639344262295082,True
3kW,3kW_coil_current_23p48pct,intercoil,23.48,False,105,657827.0546617274,fault_test,0.01639344262295082,True
3kW,3kW_coil_current_23p48pct,intercoil,23.48,False,106,661097.9601167991,fault_test,0.01639344262295082,True
3kW,3kW_coil_current_23p48pct,intercoil,23.48,False,107,663708.2375236274,fault_test,0.01639344262295082,True
3kW,3kW_coil_current_23p48pct,intercoil,23.48,False,108,658061.9406219897,fault_test,0.01639344262295082,True
3kW,3kW_coil_current_23p48pct,intercoil,23.48,False,109,654201.0299580313,fault_test,0.01639344262295082,True
3kW,3kW_coil_current_23p48pct,intercoil,23.48,False,110,643671.1678634939,fault_test,0.01639344262295082,True
3kW,3kW_coil_current_23p48pct,intercoil,23.48,False,111,638278.3397994279,fault_test,0.01639344262295082,True
3kW,3kW_coil_current_23p48pct,intercoil,23.48,False,112,651646.2950597459,fault_test,0.01639344262295082,True
3kW,3kW_coil_current_23p48pct,intercoil,23.48,False,113,658898.962290436,fault_test,0.01639344262295082,True
3kW,3kW_coil_current_23p48pct,intercoil,23.48,False,114,661593.1797908688,fault_test,0.01639344262295082,True
3kW,3kW_coil_current_23p48pct,intercoil,23.48,False,115,658075.2899907632,fault_test,0.01639344262295082,True
3kW,3kW_coil_current_23p48pct,intercoil,23.48,False,116,654645.1400940196,fault_test,0.01639344262295082,True
3kW,3kW_coil_current_23p48pct,intercoil,23.48,False,117,648559.7861859438,fault_test,0.01639344262295082,True
3kW,3kW_coil_current_23p48pct,intercoil,23.48,False,118,639600.7684728951,fault_test,0.01639344262295082,True
3kW,3kW_coil_current_23p48pct,intercoil,23.48,False,119,647046.3744946395,fault_test,0.01639344262295082,True
3kW,3kW_coil_current_2p49pct,intercoil,2.49,False,0,624031.3490187482,fault_test,0.01639344262295082,True
3kW,3kW_coil_current_2p49pct,intercoil,2.49,False,1,626969.3795074393,fault_test,0.01639344262295082,True
3kW,3kW_coil_current_2p49pct,intercoil,2.49,False,2,623951.7196632043,fault_test,0.01639344262295082,True
3kW,3kW_coil_current_2p49pct,intercoil,2.49,False,3,619380.7565263943,fault_test,0.01639344262295082,True
3kW,3kW_coil_current_2p49pct,intercoil,2.49,False,4,614723.1335934841,fault_test,0.01639344262295082,True
3kW,3kW_coil_current_2p49pct,intercoil,2.49,False,5,609198.6861869732,fault_test,0.01639344262295082,True
3kW,3kW_coil_current_2p49pct,intercoil,2.49,False,6,613853.8801152746,fault_test,0.01639344262295082,True
3kW,3kW_coil_current_2p49pct,intercoil,2.49,False,7,627505.4371152066,fault_test,0.01639344262295082,True
3kW,3kW_coil_current_2p49pct,intercoil,2.49,False,8,625756.0268204743,fault_test,0.01639344262295082,True
3kW,3kW_coil_current_2p49pct,intercoil,2.49,False,9,624053.6876671307,fault_test,0.01639344262295082,True
3kW,3kW_coil_current_2p49pct,intercoil,2.49,False,10,623264.3116379664,fault_test,0.01639344262295082,True
3kW,3kW_coil_current_2p49pct,intercoil,2.49,False,11,614260.8984513127,fault_test,0.01639344262295082,True
3kW,3kW_coil_current_2p49pct,intercoil,2.49,False,12,608761.1705347446,fault_test,0.01639344262295082,True
3kW,3kW_coil_current_2p49pct,intercoil,2.49,False,13,615563.8523151195,fault_test,0.01639344262295082,True
3kW,3kW_coil_current_2p49pct,intercoil,2.49,False,14,624763.8331610154,fault_test,0.01639344262295082,True
3kW,3kW_coil_current_2p49pct,intercoil,2.49,False,15,625881.989963303,fault_test,0.01639344262295082,True
3kW,3kW_coil_current_2p49pct,intercoil,2.49,False,16,626583.5483836727,fault_test,0.01639344262295082,True
3kW,3kW_coil_current_2p49pct,intercoil,2.49,False,17,620603.7203381411,fault_test,0.01639344262295082,True
3kW,3kW_coil_current_2p49pct,intercoil,2.49,False,18,613462.0256410995,fault_test,0.01639344262295082,True
3kW,3kW_coil_current_2p49pct,intercoil,2.49,False,19,608210.0363790414,fault_test,0.01639344262295082,True
3kW,3kW_coil_current_2p49pct,intercoil,2.49,False,20,615280.9985861947,fault_test,0.01639344262295082,True
3kW,3kW_coil_current_2p49pct,intercoil,2.49,False,21,624358.3199651872,fault_test,0.01639344262295082,True
3kW,3kW_coil_current_2p49pct,intercoil,2.49,False,22,629252.1795436132,fault_test,0.01639344262295082,True
3kW,3kW_coil_current_2p49pct,intercoil,2.49,False,23,625510.5452314912,fault_test,0.01639344262295082,True
3kW,3kW_coil_current_2p49pct,intercoil,2.49,False,24,621046.8033477921,fault_test,0.01639344262295082,True
3kW,3kW_coil_current_2p49pct,intercoil,2.49,False,25,615092.324375769,fault_test,0.01639344262295082,True
3kW,3kW_coil_current_2p49pct,intercoil,2.49,False,26,609374.8830891849,fault_test,0.01639344262295082,True
3kW,3kW_coil_current_2p49pct,intercoil,2.49,False,27,614057.8833272607,fault_test,0.01639344262295082,True
3kW,3kW_coil_current_2p49pct,intercoil,2.49,False,28,622942.7545274616,fault_test,0.01639344262295082,True
3kW,3kW_coil_current_2p49pct,intercoil,2.49,False,29,626621.079996787,fault_test,0.01639344262295082,True
3kW,3kW_coil_current_2p49pct,intercoil,2.49,False,30,625101.5082576631,fault_test,0.01639344262295082,True
3kW,3kW_coil_current_2p49pct,intercoil,2.49,False,31,621921.5920268925,fault_test,0.01639344262295082,True
3kW,3kW_coil_current_2p49pct,intercoil,2.49,False,32,615950.6332228212,fault_test,0.01639344262295082,True
3kW,3kW_coil_current_2p49pct,intercoil,2.49,False,33,613866.5475862453,fault_test,0.01639344262295082,True
3kW,3kW_coil_current_2p49pct,intercoil,2.49,False,34,607171.5196777855,fault_test,0.01639344262295082,True
3kW,3kW_coil_current_2p49pct,intercoil,2.49,False,35,618623.9483145742,fault_test,0.01639344262295082,True
3kW,3kW_coil_current_2p49pct,intercoil,2.49,False,36,627071.8694281816,fault_test,0.01639344262295082,True
3kW,3kW_coil_current_2p49pct,intercoil,2.49,False,37,624896.0045266382,fault_test,0.01639344262295082,True
3kW,3kW_coil_current_2p49pct,intercoil,2.49,False,38,622225.7923689096,fault_test,0.01639344262295082,True
3kW,3kW_coil_current_2p49pct,intercoil,2.49,False,39,618271.4537586251,fault_test,0.01639344262295082,True
3kW,3kW_coil_current_2p49pct,intercoil,2.49,False,40,615193.0461084468,fault_test,0.01639344262295082,True
3kW,3kW_coil_current_2p49pct,intercoil,2.49,False,41,605237.9898640469,fault_test,0.01639344262295082,True
3kW,3kW_coil_current_2p49pct,intercoil,2.49,False,42,618219.1092384965,fault_test,0.01639344262295082,True
3kW,3kW_coil_current_2p49pct,intercoil,2.49,False,43,626591.892744881,fault_test,0.01639344262295082,True
3kW,3kW_coil_current_2p49pct,intercoil,2.49,False,44,626783.470427578,fault_test,0.01639344262295082,True
3kW,3kW_coil_current_2p49pct,intercoil,2.49,False,45,625155.1930597598,fault_test,0.01639344262295082,True
3kW,3kW_coil_current_2p49pct,intercoil,2.49,False,46,620639.1045501352,fault_test,0.01639344262295082,True
3kW,3kW_coil_current_2p49pct,intercoil,2.49,False,47,615904.5316219666,fault_test,0.01639344262295082,True
3kW,3kW_coil_current_2p49pct,intercoil,2.49,False,48,606584.6692838967,fault_test,0.01639344262295082,True
3kW,3kW_coil_current_2p49pct,intercoil,2.49,False,49,614187.6761811508,fault_test,0.01639344262295082,True
3kW,3kW_coil_current_2p49pct,intercoil,2.49,False,50,623473.4682185461,fault_test,0.01639344262295082,True
3kW,3kW_coil_current_2p49pct,intercoil,2.49,False,51,626058.0629969997,fault_test,0.01639344262295082,True
3kW,3kW_coil_current_2p49pct,intercoil,2.49,False,52,624575.2785849766,fault_test,0.01639344262295082,True
3kW,3kW_coil_current_2p49pct,intercoil,2.49,False,53,622801.0674623447,fault_test,0.01639344262295082,True
3kW,3kW_coil_current_2p49pct,intercoil,2.49,False,54,620791.5135138122,fault_test,0.01639344262295082,True
3kW,3kW_coil_current_2p49pct,intercoil,2.49,False,55,612770.9663237357,fault_test,0.01639344262295082,True
3kW,3kW_coil_current_2p49pct,intercoil,2.49,False,56,606313.6941154129,fault_test,0.01639344262295082,True
3kW,3kW_coil_current_2p49pct,intercoil,2.49,False,57,620919.217979634,fault_test,0.01639344262295082,True
3kW,3kW_coil_current_2p49pct,intercoil,2.49,False,58,627147.4369286182,fault_test,0.01639344262295082,True
3kW,3kW_coil_current_2p49pct,intercoil,2.49,False,59,628439.7571475977,fault_test,0.01639344262295082,True
3kW,3kW_coil_current_2p49pct,intercoil,2.49,False,60,625320.5530991057,fault_test,0.01639344262295082,True
3kW,3kW_coil_current_2p49pct,intercoil,2.49,False,61,623076.8588415232,fault_test,0.01639344262295082,True
3kW,3kW_coil_current_2p49pct,intercoil,2.49,False,62,617258.0931301353,fault_test,0.01639344262295082,True
3kW,3kW_coil_current_2p49pct,intercoil,2.49,False,63,609358.1430478271,fault_test,0.01639344262295082,True
3kW,3kW_coil_current_2p49pct,intercoil,2.49,False,64,610994.9911629915,fault_test,0.01639344262295082,True
3kW,3kW_coil_current_2p49pct,intercoil,2.49,False,65,624039.8647017061,fault_test,0.01639344262295082,True
3kW,3kW_coil_current_2p49pct,intercoil,2.49,False,66,626345.2794887968,fault_test,0.01639344262295082,True
3kW,3kW_coil_current_2p49pct,intercoil,2.49,False,67,628327.7145508184,fault_test,0.01639344262295082,True
3kW,3kW_coil_current_2p49pct,intercoil,2.49,False,68,623032.9666677801,fault_test,0.01639344262295082,True
3kW,3kW_coil_current_2p49pct,intercoil,2.49,False,69,618240.3327083967,fault_test,0.01639344262295082,True
3kW,3kW_coil_current_2p49pct,intercoil,2.49,False,70,613353.7592427979,fault_test,0.01639344262295082,True
3kW,3kW_coil_current_2p49pct,intercoil,2.49,False,71,607258.6615652754,fault_test,0.01639344262295082,True
3kW,3kW_coil_current_2p49pct,intercoil,2.49,False,72,612947.7262241637,fault_test,0.01639344262295082,True
3kW,3kW_coil_current_2p49pct,intercoil,2.49,False,73,624526.8581003202,fault_test,0.01639344262295082,True
3kW,3kW_coil_current_2p49pct,intercoil,2.49,False,74,628082.3192028978,fault_test,0.01639344262295082,True
3kW,3kW_coil_current_2p49pct,intercoil,2.49,False,75,625651.3014298981,fault_test,0.01639344262295082,True
3kW,3kW_coil_current_2p49pct,intercoil,2.49,False,76,621806.9466530961,fault_test,0.01639344262295082,True
3kW,3kW_coil_current_2p49pct,intercoil,2.49,False,77,616566.0884709965,fault_test,0.01639344262295082,True
3kW,3kW_coil_current_2p49pct,intercoil,2.49,False,78,609350.7958484176,fault_test,0.01639344262295082,True
3kW,3kW_coil_current_2p49pct,intercoil,2.49,False,79,610925.9324564235,fault_test,0.01639344262295082,True
3kW,3kW_coil_current_2p49pct,intercoil,2.49,False,80,617250.0320939634,fault_test,0.01639344262295082,True
3kW,3kW_coil_current_2p49pct,intercoil,2.49,False,81,625871.5605812827,fault_test,0.01639344262295082,True
3kW,3kW_coil_current_2p49pct,intercoil,2.49,False,82,626635.7783675484,fault_test,0.01639344262295082,True
3kW,3kW_coil_current_2p49pct,intercoil,2.49,False,83,621313.6902205622,fault_test,0.01639344262295082,True
3kW,3kW_coil_current_2p49pct,intercoil,2.49,False,84,620928.5014172031,fault_test,0.01639344262295082,True
3kW,3kW_coil_current_2p49pct,intercoil,2.49,False,85,613964.3348955528,fault_test,0.01639344262295082,True
3kW,3kW_coil_current_2p49pct,intercoil,2.49,False,86,608838.763850589,fault_test,0.01639344262295082,True
3kW,3kW_coil_current_2p49pct,intercoil,2.49,False,87,616566.2615332325,fault_test,0.01639344262295082,True
3kW,3kW_coil_current_2p49pct,intercoil,2.49,False,88,624022.4443674401,fault_test,0.01639344262295082,True
3kW,3kW_coil_current_2p49pct,intercoil,2.49,False,89,625521.8410286738,fault_test,0.01639344262295082,True
3kW,3kW_coil_current_2p49pct,intercoil,2.49,False,90,625718.1719755532,fault_test,0.01639344262295082,True
3kW,3kW_coil_current_2p49pct,intercoil,2.49,False,91,623867.2033680952,fault_test,0.01639344262295082,True
3kW,3kW_coil_current_2p49pct,intercoil,2.49,False,92,618941.9677343604,fault_test,0.01639344262295082,True
3kW,3kW_coil_current_2p49pct,intercoil,2.49,False,93,611102.185939797,fault_test,0.01639344262295082,True
3kW,3kW_coil_current_2p49pct,intercoil,2.49,False,94,605964.2132664484,fault_test,0.01639344262295082,True
3kW,3kW_coil_current_2p49pct,intercoil,2.49,False,95,613001.6004150144,fault_test,0.01639344262295082,True
3kW,3kW_coil_current_2p49pct,intercoil,2.49,False,96,626705.8956193811,fault_test,0.01639344262295082,True
3kW,3kW_coil_current_2p49pct,intercoil,2.49,False,97,625908.7023480106,fault_test,0.01639344262295082,True
3kW,3kW_coil_current_2p49pct,intercoil,2.49,False,98,624489.335775347,fault_test,0.01639344262295082,True
3kW,3kW_coil_current_2p49pct,intercoil,2.49,False,99,623279.1044261393,fault_test,0.01639344262295082,True
3kW,3kW_coil_current_2p49pct,intercoil,2.49,False,100,617730.2683867031,fault_test,0.01639344262295082,True
3kW,3kW_coil_current_2p49pct,intercoil,2.49,False,101,610112.0809566855,fault_test,0.01639344262295082,True
3kW,3kW_coil_current_2p49pct,intercoil,2.49,False,102,614973.4899752331,fault_test,0.01639344262295082,True
3kW,3kW_coil_current_2p49pct,intercoil,2.49,False,103,621983.8527943449,fault_test,0.01639344262295082,True
3kW,3kW_coil_current_2p49pct,intercoil,2.49,False,104,626295.6301406183,fault_test,0.01639344262295082,True
3kW,3kW_coil_current_2p49pct,intercoil,2.49,False,105,627728.3569555562,fault_test,0.01639344262295082,True
3kW,3kW_coil_current_2p49pct,intercoil,2.49,False,106,623327.3177938011,fault_test,0.01639344262295082,True
3kW,3kW_coil_current_2p49pct,intercoil,2.49,False,107,620061.0071077712,fault_test,0.01639344262295082,True
3kW,3kW_coil_current_2p49pct,intercoil,2.49,False,108,615193.2802784953,fault_test,0.01639344262295082,True
3kW,3kW_coil_current_2p49pct,intercoil,2.49,False,109,610189.7753065547,fault_test,0.01639344262295082,True
3kW,3kW_coil_current_2p49pct,intercoil,2.49,False,110,614131.8862049154,fault_test,0.01639344262295082,True
3kW,3kW_coil_current_2p49pct,intercoil,2.49,False,111,625702.3445229023,fault_test,0.01639344262295082,True
3kW,3kW_coil_current_2p49pct,intercoil,2.49,False,112,626604.3562008758,fault_test,0.01639344262295082,True
3kW,3kW_coil_current_2p49pct,intercoil,2.49,False,113,623923.2596992969,fault_test,0.01639344262295082,True
3kW,3kW_coil_current_2p49pct,intercoil,2.49,False,114,622549.5932759192,fault_test,0.01639344262295082,True
3kW,3kW_coil_current_2p49pct,intercoil,2.49,False,115,616403.709626553,fault_test,0.01639344262295082,True
3kW,3kW_coil_current_2p49pct,intercoil,2.49,False,116,614565.1652538503,fault_test,0.01639344262295082,True
3kW,3kW_coil_current_2p49pct,intercoil,2.49,False,117,608720.3746729965,fault_test,0.01639344262295082,True
3kW,3kW_coil_current_2p49pct,intercoil,2.49,False,118,616180.2986908659,fault_test,0.01639344262295082,True
3kW,3kW_coil_current_2p49pct,intercoil,2.49,False,119,626098.371923995,fault_test,0.01639344262295082,True
3kW,3kW_coil_current_2p98pct,intercoil,2.98,False,0,646481.3037272247,fault_test,0.01639344262295082,True
3kW,3kW_coil_current_2p98pct,intercoil,2.98,False,1,640301.7307722819,fault_test,0.01639344262295082,True
3kW,3kW_coil_current_2p98pct,intercoil,2.98,False,2,652679.8490224215,fault_test,0.01639344262295082,True
3kW,3kW_coil_current_2p98pct,intercoil,2.98,False,3,660959.5579260923,fault_test,0.01639344262295082,True
3kW,3kW_coil_current_2p98pct,intercoil,2.98,False,4,665456.4973197054,fault_test,0.01639344262295082,True
3kW,3kW_coil_current_2p98pct,intercoil,2.98,False,5,660426.8042968439,fault_test,0.01639344262295082,True
3kW,3kW_coil_current_2p98pct,intercoil,2.98,False,6,657140.2649829363,fault_test,0.01639344262295082,True
3kW,3kW_coil_current_2p98pct,intercoil,2.98,False,7,650519.4077235733,fault_test,0.01639344262295082,True
3kW,3kW_coil_current_2p98pct,intercoil,2.98,False,8,646060.1390553673,fault_test,0.01639344262295082,True
3kW,3kW_coil_current_2p98pct,intercoil,2.98,False,9,640938.7245329149,fault_test,0.01639344262295082,True
3kW,3kW_coil_current_2p98pct,intercoil,2.98,False,10,651944.6241140406,fault_test,0.01639344262295082,True
3kW,3kW_coil_current_2p98pct,intercoil,2.98,False,11,659939.1587333445,fault_test,0.01639344262295082,True
3kW,3kW_coil_current_2p98pct,intercoil,2.98,False,12,662653.3518286718,fault_test,0.01639344262295082,True
3kW,3kW_coil_current_2p98pct,intercoil,2.98,False,13,660035.9381940735,fault_test,0.01639344262295082,True
3kW,3kW_coil_current_2p98pct,intercoil,2.98,False,14,656753.2875807855,fault_test,0.01639344262295082,True
3kW,3kW_coil_current_2p98pct,intercoil,2.98,False,15,650885.1837280681,fault_test,0.01639344262295082,True
3kW,3kW_coil_current_2p98pct,intercoil,2.98,False,16,642616.5928509596,fault_test,0.01639344262295082,True
3kW,3kW_coil_current_2p98pct,intercoil,2.98,False,17,635760.8512790952,fault_test,0.01639344262295082,True
3kW,3kW_coil_current_2p98pct,intercoil,2.98,False,18,653512.5316164489,fault_test,0.01639344262295082,True
3kW,3kW_coil_current_2p98pct,intercoil,2.98,False,19,662128.7821596082,fault_test,0.01639344262295082,True
3kW,3kW_coil_current_2p98pct,intercoil,2.98,False,20,661830.2120859342,fault_test,0.01639344262295082,True
3kW,3kW_coil_current_2p98pct,intercoil,2.98,False,21,658814.6258219574,fault_test,0.01639344262295082,True
3kW,3kW_coil_current_2p98pct,intercoil,2.98,False,22,657598.3973898188,fault_test,0.01639344262295082,True
3kW,3kW_coil_current_2p98pct,intercoil,2.98,False,23,649393.33290743,fault_test,0.01639344262295082,True
3kW,3kW_coil_current_2p98pct,intercoil,2.98,False,24,640960.9675768988,fault_test,0.01639344262295082,True
3kW,3kW_coil_current_2p98pct,intercoil,2.98,False,25,644949.957043683,fault_test,0.01639344262295082,True
3kW,3kW_coil_current_2p98pct,intercoil,2.98,False,26,648244.0870460261,fault_test,0.01639344262295082,True
3kW,3kW_coil_current_2p98pct,intercoil,2.98,False,27,661465.7250425435,fault_test,0.01639344262295082,True
3kW,3kW_coil_current_2p98pct,intercoil,2.98,False,28,660907.5795373862,fault_test,0.01639344262295082,True
3kW,3kW_coil_current_2p98pct,intercoil,2.98,False,29,657509.2745359804,fault_test,0.01639344262295082,True
3kW,3kW_coil_current_2p98pct,intercoil,2.98,False,30,654524.9305142495,fault_test,0.01639344262295082,True
3kW,3kW_coil_current_2p98pct,intercoil,2.98,False,31,646225.1335151345,fault_test,0.01639344262295082,True
3kW,3kW_coil_current_2p98pct,intercoil,2.98,False,32,639674.3609163198,fault_test,0.01639344262295082,True
3kW,3kW_coil_current_2p98pct,intercoil,2.98,False,33,645979.4898291887,fault_test,0.01639344262295082,True
3kW,3kW_coil_current_2p98pct,intercoil,2.98,False,34,659493.1014944518,fault_test,0.01639344262295082,True
3kW,3kW_coil_current_2p98pct,intercoil,2.98,False,35,660261.5781770858,fault_test,0.01639344262295082,True
3kW,3kW_coil_current_2p98pct,intercoil,2.98,False,36,659969.0885905197,fault_test,0.01639344262295082,True
3kW,3kW_coil_current_2p98pct,intercoil,2.98,False,37,656969.5986582213,fault_test,0.01639344262295082,True
3kW,3kW_coil_current_2p98pct,intercoil,2.98,False,38,653628.7044787174,fault_test,0.01639344262295082,True
3kW,3kW_coil_current_2p98pct,intercoil,2.98,False,39,644744.017570773,fault_test,0.01639344262295082,True
3kW,3kW_coil_current_2p98pct,intercoil,2.98,False,40,638734.3609380369,fault_test,0.01639344262295082,True
3kW,3kW_coil_current_2p98pct,intercoil,2.98,False,41,649781.6125783727,fault_test,0.01639344262295082,True
3kW,3kW_coil_current_2p98pct,intercoil,2.98,False,42,658153.1643097736,fault_test,0.01639344262295082,True
3kW,3kW_coil_current_2p98pct,intercoil,2.98,False,43,661650.1562884903,fault_test,0.01639344262295082,True
3kW,3kW_coil_current_2p98pct,intercoil,2.98,False,44,658878.7788825169,fault_test,0.01639344262295082,True
3kW,3kW_coil_current_2p98pct,intercoil,2.98,False,45,657932.6937492428,fault_test,0.01639344262295082,True
3kW,3kW_coil_current_2p98pct,intercoil,2.98,False,46,649575.9913092179,fault_test,0.01639344262295082,True
3kW,3kW_coil_current_2p98pct,intercoil,2.98,False,47,645310.6537801037,fault_test,0.01639344262295082,True
3kW,3kW_coil_current_2p98pct,intercoil,2.98,False,48,639645.8405666667,fault_test,0.01639344262295082,True
3kW,3kW_coil_current_2p98pct,intercoil,2.98,False,49,649094.6079497172,fault_test,0.01639344262295082,True
3kW,3kW_coil_current_2p98pct,intercoil,2.98,False,50,657322.8083890022,fault_test,0.01639344262295082,True
3kW,3kW_coil_current_2p98pct,intercoil,2.98,False,51,662092.700973544,fault_test,0.01639344262295082,True
3kW,3kW_coil_current_2p98pct,intercoil,2.98,False,52,657230.4376787553,fault_test,0.01639344262295082,True
3kW,3kW_coil_current_2p98pct,intercoil,2.98,False,53,651789.8558172131,fault_test,0.01639344262295082,True
3kW,3kW_coil_current_2p98pct,intercoil,2.98,False,54,651705.2739781544,fault_test,0.01639344262295082,True
3kW,3kW_coil_current_2p98pct,intercoil,2.98,False,55,641381.7163670176,fault_test,0.01639344262295082,True
3kW,3kW_coil_current_2p98pct,intercoil,2.98,False,56,635290.5200359502,fault_test,0.01639344262295082,True
3kW,3kW_coil_current_2p98pct,intercoil,2.98,False,57,649724.4951392908,fault_test,0.01639344262295082,True
3kW,3kW_coil_current_2p98pct,intercoil,2.98,False,58,657368.8873314575,fault_test,0.01639344262295082,True
3kW,3kW_coil_current_2p98pct,intercoil,2.98,False,59,661022.4533463799,fault_test,0.01639344262295082,True
3kW,3kW_coil_current_2p98pct,intercoil,2.98,False,60,657988.5679096193,fault_test,0.01639344262295082,True
3kW,3kW_coil_current_2p98pct,intercoil,2.98,False,61,655372.1198284648,fault_test,0.01639344262295082,True
3kW,3kW_coil_current_2p98pct,intercoil,2.98,False,62,646368.8475477264,fault_test,0.01639344262295082,True
3kW,3kW_coil_current_2p98pct,intercoil,2.98,False,63,641323.7048302235,fault_test,0.01639344262295082,True
3kW,3kW_coil_current_2p98pct,intercoil,2.98,False,64,638176.9664654798,fault_test,0.01639344262295082,True
3kW,3kW_coil_current_2p98pct,intercoil,2.98,False,65,650989.7200783024,fault_test,0.01639344262295082,True
3kW,3kW_coil_current_2p98pct,intercoil,2.98,False,66,658041.5027336604,fault_test,0.01639344262295082,True
3kW,3kW_coil_current_2p98pct,intercoil,2.98,False,67,659091.480807306,fault_test,0.01639344262295082,True
3kW,3kW_coil_current_2p98pct,intercoil,2.98,False,68,657637.3150429004,fault_test,0.01639344262295082,True
3kW,3kW_coil_current_2p98pct,intercoil,2.98,False,69,650429.5544684744,fault_test,0.01639344262295082,True
3kW,3kW_coil_current_2p98pct,intercoil,2.98,False,70,647088.9185174162,fault_test,0.01639344262295082,True
3kW,3kW_coil_current_2p98pct,intercoil,2.98,False,71,640206.0736320277,fault_test,0.01639344262295082,True
3kW,3kW_coil_current_2p98pct,intercoil,2.98,False,72,640181.8131521759,fault_test,0.01639344262295082,True
3kW,3kW_coil_current_2p98pct,intercoil,2.98,False,73,654918.554469062,fault_test,0.01639344262295082,True
3kW,3kW_coil_current_2p98pct,intercoil,2.98,False,74,660618.3413064295,fault_test,0.01639344262295082,True
3kW,3kW_coil_current_2p98pct,intercoil,2.98,False,75,661352.2978211929,fault_test,0.01639344262295082,True
3kW,3kW_coil_current_2p98pct,intercoil,2.98,False,76,657529.3944760644,fault_test,0.01639344262295082,True
3kW,3kW_coil_current_2p98pct,intercoil,2.98,False,77,653370.3031198399,fault_test,0.01639344262295082,True
3kW,3kW_coil_current_2p98pct,intercoil,2.98,False,78,646553.7133279346,fault_test,0.01639344262295082,True
3kW,3kW_coil_current_2p98pct,intercoil,2.98,False,79,642561.945735767,fault_test,0.01639344262295082,True
3kW,3kW_coil_current_2p98pct,intercoil,2.98,False,80,643084.3518532324,fault_test,0.01639344262295082,True
3kW,3kW_coil_current_2p98pct,intercoil,2.98,False,81,652396.2730921668,fault_test,0.01639344262295082,True
3kW,3kW_coil_current_2p98pct,intercoil,2.98,False,82,658239.7329595435,fault_test,0.01639344262295082,True
3kW,3kW_coil_current_2p98pct,intercoil,2.98,False,83,659092.9909422447,fault_test,0.01639344262295082,True
3kW,3kW_coil_current_2p98pct,intercoil,2.98,False,84,658757.5640034545,fault_test,0.01639344262295082,True
3kW,3kW_coil_current_2p98pct,intercoil,2.98,False,85,652633.7133659259,fault_test,0.01639344262295082,True
3kW,3kW_coil_current_2p98pct,intercoil,2.98,False,86,646472.8894240985,fault_test,0.01639344262295082,True
3kW,3kW_coil_current_2p98pct,intercoil,2.98,False,87,637084.0427072606,fault_test,0.01639344262295082,True
3kW,3kW_coil_current_2p98pct,intercoil,2.98,False,88,643401.7398592519,fault_test,0.01639344262295082,True
3kW,3kW_coil_current_2p98pct,intercoil,2.98,False,89,652617.9685809643,fault_test,0.01639344262295082,True
3kW,3kW_coil_current_2p98pct,intercoil,2.98,False,90,662011.4331953209,fault_test,0.01639344262295082,True
3kW,3kW_coil_current_2p98pct,intercoil,2.98,False,91,660041.1752305691,fault_test,0.01639344262295082,True
3kW,3kW_coil_current_2p98pct,intercoil,2.98,False,92,658178.0001637996,fault_test,0.01639344262295082,True
3kW,3kW_coil_current_2p98pct,intercoil,2.98,False,93,653793.5143427181,fault_test,0.01639344262295082,True
3kW,3kW_coil_current_2p98pct,intercoil,2.98,False,94,647890.4941072055,fault_test,0.01639344262295082,True
3kW,3kW_coil_current_2p98pct,intercoil,2.98,False,95,636392.6807818175,fault_test,0.01639344262295082,True
3kW,3kW_coil_current_2p98pct,intercoil,2.98,False,96,645942.850618264,fault_test,0.01639344262295082,True
3kW,3kW_coil_current_2p98pct,intercoil,2.98,False,97,658924.6501525445,fault_test,0.01639344262295082,True
3kW,3kW_coil_current_2p98pct,intercoil,2.98,False,98,662124.2010482695,fault_test,0.01639344262295082,True
3kW,3kW_coil_current_2p98pct,intercoil,2.98,False,99,659338.8210647424,fault_test,0.01639344262295082,True
3kW,3kW_coil_current_2p98pct,intercoil,2.98,False,100,657711.9726362065,fault_test,0.01639344262295082,True
3kW,3kW_coil_current_2p98pct,intercoil,2.98,False,101,648536.3217755271,fault_test,0.01639344262295082,True
3kW,3kW_coil_current_2p98pct,intercoil,2.98,False,102,646678.2298330758,fault_test,0.01639344262295082,True
3kW,3kW_coil_current_2p98pct,intercoil,2.98,False,103,635681.8953415619,fault_test,0.01639344262295082,True
3kW,3kW_coil_current_2p98pct,intercoil,2.98,False,104,645776.3479202396,fault_test,0.01639344262295082,True
3kW,3kW_coil_current_2p98pct,intercoil,2.98,False,105,657617.2876853639,fault_test,0.01639344262295082,True
3kW,3kW_coil_current_2p98pct,intercoil,2.98,False,106,659769.9015891158,fault_test,0.01639344262295082,True
3kW,3kW_coil_current_2p98pct,intercoil,2.98,False,107,658787.6487391558,fault_test,0.01639344262295082,True
3kW,3kW_coil_current_2p98pct,intercoil,2.98,False,108,653232.4089144832,fault_test,0.01639344262295082,True
3kW,3kW_coil_current_2p98pct,intercoil,2.98,False,109,650737.4263007165,fault_test,0.01639344262295082,True
3kW,3kW_coil_current_2p98pct,intercoil,2.98,False,110,642098.0682060705,fault_test,0.01639344262295082,True
3kW,3kW_coil_current_2p98pct,intercoil,2.98,False,111,635696.9120559044,fault_test,0.01639344262295082,True
3kW,3kW_coil_current_2p98pct,intercoil,2.98,False,112,648685.137079537,fault_test,0.01639344262295082,True
3kW,3kW_coil_current_2p98pct,intercoil,2.98,False,113,658308.2745672748,fault_test,0.01639344262295082,True
3kW,3kW_coil_current_2p98pct,intercoil,2.98,False,114,659238.7099726449,fault_test,0.01639344262295082,True
3kW,3kW_coil_current_2p98pct,intercoil,2.98,False,115,657597.5318519756,fault_test,0.01639344262295082,True
3kW,3kW_coil_current_2p98pct,intercoil,2.98,False,116,655880.1481233687,fault_test,0.01639344262295082,True
3kW,3kW_coil_current_2p98pct,intercoil,2.98,False,117,646357.2439280463,fault_test,0.01639344262295082,True
3kW,3kW_coil_current_2p98pct,intercoil,2.98,False,118,639710.9719762179,fault_test,0.01639344262295082,True
3kW,3kW_coil_current_2p98pct,intercoil,2.98,False,119,638207.6563776239,fault_test,0.01639344262295082,True
3kW,3kW_coil_current_3p69pct,intercoil,3.69,False,0,658909.7673325593,fault_test,0.01639344262295082,True
3kW,3kW_coil_current_3p69pct,intercoil,3.69,False,1,658672.0675401363,fault_test,0.01639344262295082,True
3kW,3kW_coil_current_3p69pct,intercoil,3.69,False,2,655386.2627697017,fault_test,0.01639344262295082,True
3kW,3kW_coil_current_3p69pct,intercoil,3.69,False,3,652027.8040949147,fault_test,0.01639344262295082,True
3kW,3kW_coil_current_3p69pct,intercoil,3.69,False,4,641544.7578963129,fault_test,0.01639344262295082,True
3kW,3kW_coil_current_3p69pct,intercoil,3.69,False,5,636752.5249702353,fault_test,0.01639344262295082,True
3kW,3kW_coil_current_3p69pct,intercoil,3.69,False,6,651310.1956483613,fault_test,0.01639344262295082,True
3kW,3kW_coil_current_3p69pct,intercoil,3.69,False,7,659451.057033232,fault_test,0.01639344262295082,True
3kW,3kW_coil_current_3p69pct,intercoil,3.69,False,8,658420.4005836224,fault_test,0.01639344262295082,True
3kW,3kW_coil_current_3p69pct,intercoil,3.69,False,9,653932.2075100748,fault_test,0.01639344262295082,True
3kW,3kW_coil_current_3p69pct,intercoil,3.69,False,10,652301.9553101665,fault_test,0.01639344262295082,True
3kW,3kW_coil_current_3p69pct,intercoil,3.69,False,11,638106.8200448194,fault_test,0.01639344262295082,True
3kW,3kW_coil_current_3p69pct,intercoil,3.69,False,12,639314.9222999063,fault_test,0.01639344262295082,True
3kW,3kW_coil_current_3p69pct,intercoil,3.69,False,13,655212.0685681376,fault_test,0.01639344262295082,True
3kW,3kW_coil_current_3p69pct,intercoil,3.69,False,14,657725.7012902056,fault_test,0.01639344262295082,True
3kW,3kW_coil_current_3p69pct,intercoil,3.69,False,15,655633.691216713,fault_test,0.01639344262295082,True
3kW,3kW_coil_current_3p69pct,intercoil,3.69,False,16,651931.947969551,fault_test,0.01639344262295082,True
3kW,3kW_coil_current_3p69pct,intercoil,3.69,False,17,645848.3265801012,fault_test,0.01639344262295082,True
3kW,3kW_coil_current_3p69pct,intercoil,3.69,False,18,640282.4994218694,fault_test,0.01639344262295082,True
3kW,3kW_coil_current_3p69pct,intercoil,3.69,False,19,642384.8425265945,fault_test,0.01639344262295082,True
3kW,3kW_coil_current_3p69pct,intercoil,3.69,False,20,661747.1083442954,fault_test,0.01639344262295082,True
3kW,3kW_coil_current_3p69pct,intercoil,3.69,False,21,661379.7651521971,fault_test,0.01639344262295082,True
3kW,3kW_coil_current_3p69pct,intercoil,3.69,False,22,656377.1848769253,fault_test,0.01639344262295082,True
3kW,3kW_coil_current_3p69pct,intercoil,3.69,False,23,649086.0903526264,fault_test,0.01639344262295082,True
3kW,3kW_coil_current_3p69pct,intercoil,3.69,False,24,643626.1271798536,fault_test,0.01639344262295082,True
3kW,3kW_coil_current_3p69pct,intercoil,3.69,False,25,634166.8929147829,fault_test,0.01639344262295082,True
3kW,3kW_coil_current_3p69pct,intercoil,3.69,False,26,646737.8088009488,fault_test,0.01639344262295082,True
3kW,3kW_coil_current_3p69pct,intercoil,3.69,False,27,657533.4571289074,fault_test,0.01639344262295082,True
3kW,3kW_coil_current_3p69pct,intercoil,3.69,False,28,657484.2409484868,fault_test,0.01639344262295082,True
3kW,3kW_coil_current_3p69pct,intercoil,3.69,False,29,657808.1114870833,fault_test,0.01639344262295082,True
3kW,3kW_coil_current_3p69pct,intercoil,3.69,False,30,647622.2841097295,fault_test,0.01639344262295082,True
3kW,3kW_coil_current_3p69pct,intercoil,3.69,False,31,645520.6143485768,fault_test,0.01639344262295082,True
3kW,3kW_coil_current_3p69pct,intercoil,3.69,False,32,635029.6807181117,fault_test,0.01639344262295082,True
3kW,3kW_coil_current_3p69pct,intercoil,3.69,False,33,651620.7351290635,fault_test,0.01639344262295082,True
3kW,3kW_coil_current_3p69pct,intercoil,3.69,False,34,659276.0841556321,fault_test,0.01639344262295082,True
3kW,3kW_coil_current_3p69pct,intercoil,3.69,False,35,656683.0399601226,fault_test,0.01639344262295082,True
3kW,3kW_coil_current_3p69pct,intercoil,3.69,False,36,653529.734061936,fault_test,0.01639344262295082,True
3kW,3kW_coil_current_3p69pct,intercoil,3.69,False,37,648241.4072447121,fault_test,0.01639344262295082,True
3kW,3kW_coil_current_3p69pct,intercoil,3.69,False,38,641953.0415631415,fault_test,0.01639344262295082,True
3kW,3kW_coil_current_3p69pct,intercoil,3.69,False,39,638630.7510021438,fault_test,0.01639344262295082,True
3kW,3kW_coil_current_3p69pct,intercoil,3.69,False,40,650248.8817672391,fault_test,0.01639344262295082,True
3kW,3kW_coil_current_3p69pct,intercoil,3.69,False,41,659785.1937203283,fault_test,0.01639344262295082,True
3kW,3kW_coil_current_3p69pct,intercoil,3.69,False,42,661499.9766747671,fault_test,0.01639344262295082,True
3kW,3kW_coil_current_3p69pct,intercoil,3.69,False,43,656600.9802753303,fault_test,0.01639344262295082,True
3kW,3kW_coil_current_3p69pct,intercoil,3.69,False,44,646899.7229234187,fault_test,0.01639344262295082,True
3kW,3kW_coil_current_3p69pct,intercoil,3.69,False,45,642290.0378775883,fault_test,0.01639344262295082,True
3kW,3kW_coil_current_3p69pct,intercoil,3.69,False,46,642436.6711704849,fault_test,0.01639344262295082,True
3kW,3kW_coil_current_3p69pct,intercoil,3.69,False,47,648153.1822537039,fault_test,0.01639344262295082,True
3kW,3kW_coil_current_3p69pct,intercoil,3.69,False,48,660618.6238261474,fault_test,0.01639344262295082,True
3kW,3kW_coil_current_3p69pct,intercoil,3.69,False,49,659611.0818395054,fault_test,0.01639344262295082,True
3kW,3kW_coil_current_3p69pct,intercoil,3.69,False,50,658172.6228067275,fault_test,0.01639344262295082,True
3kW,3kW_coil_current_3p69pct,intercoil,3.69,False,51,648271.7032001197,fault_test,0.01639344262295082,True
3kW,3kW_coil_current_3p69pct,intercoil,3.69,False,52,645874.267642824,fault_test,0.01639344262295082,True
3kW,3kW_coil_current_3p69pct,intercoil,3.69,False,53,640230.7143015066,fault_test,0.01639344262295082,True
3kW,3kW_coil_current_3p69pct,intercoil,3.69,False,54,653915.2329535644,fault_test,0.01639344262295082,True
3kW,3kW_coil_current_3p69pct,intercoil,3.69,False,55,657704.7203492522,fault_test,0.01639344262295082,True
3kW,3kW_coil_current_3p69pct,intercoil,3.69,False,56,659357.5276965763,fault_test,0.01639344262295082,True
3kW,3kW_coil_current_3p69pct,intercoil,3.69,False,57,653411.8019473647,fault_test,0.01639344262295082,True
3kW,3kW_coil_current_3p69pct,intercoil,3.69,False,58,646293.2882655681,fault_test,0.01639344262295082,True
3kW,3kW_coil_current_3p69pct,intercoil,3.69,False,59,643049.3053744033,fault_test,0.01639344262295082,True
3kW,3kW_coil_current_3p69pct,intercoil,3.69,False,60,638808.0417026135,fault_test,0.01639344262295082,True
3kW,3kW_coil_current_3p69pct,intercoil,3.69,False,61,649940.5416463804,fault_test,0.01639344262295082,True
3kW,3kW_coil_current_3p69pct,intercoil,3.69,False,62,660817.7841220564,fault_test,0.01639344262295082,True
3kW,3kW_coil_current_3p69pct,intercoil,3.69,False,63,657805.597396609,fault_test,0.01639344262295082,True
3kW,3kW_coil_current_3p69pct,intercoil,3.69,False,64,657655.5094451724,fault_test,0.01639344262295082,True
3kW,3kW_coil_current_3p69pct,intercoil,3.69,False,65,649260.0280963469,fault_test,0.01639344262295082,True
3kW,3kW_coil_current_3p69pct,intercoil,3.69,False,66,641713.8061721289,fault_test,0.01639344262295082,True
3kW,3kW_coil_current_3p69pct,intercoil,3.69,False,67,637149.9007407045,fault_test,0.01639344262295082,True
3kW,3kW_coil_current_3p69pct,intercoil,3.69,False,68,650120.1836040566,fault_test,0.01639344262295082,True
3kW,3kW_coil_current_3p69pct,intercoil,3.69,False,69,658733.758050389,fault_test,0.01639344262295082,True
3kW,3kW_coil_current_3p69pct,intercoil,3.69,False,70,657762.5231756149,fault_test,0.01639344262295082,True
3kW,3kW_coil_current_3p69pct,intercoil,3.69,False,71,657630.9677872262,fault_test,0.01639344262295082,True
3kW,3kW_coil_current_3p69pct,intercoil,3.69,False,72,650915.294948928,fault_test,0.01639344262295082,True
3kW,3kW_coil_current_3p69pct,intercoil,3.69,False,73,644824.7599337242,fault_test,0.01639344262295082,True
3kW,3kW_coil_current_3p69pct,intercoil,3.69,False,74,644026.8683070029,fault_test,0.01639344262295082,True
3kW,3kW_coil_current_3p69pct,intercoil,3.69,False,75,648314.6090506417,fault_test,0.01639344262295082,True
3kW,3kW_coil_current_3p69pct,intercoil,3.69,False,76,658163.4454136284,fault_test,0.01639344262295082,True
3kW,3kW_coil_current_3p69pct,intercoil,3.69,False,77,658947.8527994755,fault_test,0.01639344262295082,True
3kW,3kW_coil_current_3p69pct,intercoil,3.69,False,78,659002.572943161,fault_test,0.01639344262295082,True
3kW,3kW_coil_current_3p69pct,intercoil,3.69,False,79,649570.2447756393,fault_test,0.01639344262295082,True
3kW,3kW_coil_current_3p69pct,intercoil,3.69,False,80,645430.4626478833,fault_test,0.01639344262295082,True
3kW,3kW_coil_current_3p69pct,intercoil,3.69,False,81,635352.0635313126,fault_test,0.01639344262295082,True
3kW,3kW_coil_current_3p69pct,intercoil,3.69,False,82,645838.1666771047,fault_test,0.01639344262295082,True
3kW,3kW_coil_current_3p69pct,intercoil,3.69,False,83,655487.7508689488,fault_test,0.01639344262295082,True
3kW,3kW_coil_current_3p69pct,intercoil,3.69,False,84,658367.3142953647,fault_test,0.01639344262295082,True
3kW,3kW_coil_current_3p69pct,intercoil,3.69,False,85,657944.2265806282,fault_test,0.01639344262295082,True
3kW,3kW_coil_current_3p69pct,intercoil,3.69,False,86,652698.9833352775,fault_test,0.01639344262295082,True
3kW,3kW_coil_current_3p69pct,intercoil,3.69,False,87,644674.6650806607,fault_test,0.01639344262295082,True
3kW,3kW_coil_current_3p69pct,intercoil,3.69,False,88,634778.9966977399,fault_test,0.01639344262295082,True
3kW,3kW_coil_current_3p69pct,intercoil,3.69,False,89,643297.7362751698,fault_test,0.01639344262295082,True
3kW,3kW_coil_current_3p69pct,intercoil,3.69,False,90,656761.236010905,fault_test,0.01639344262295082,True
3kW,3kW_coil_current_3p69pct,intercoil,3.69,False,91,659666.1238630721,fault_test,0.01639344262295082,True
3kW,3kW_coil_current_3p69pct,intercoil,3.69,False,92,660838.559207655,fault_test,0.01639344262295082,True
3kW,3kW_coil_current_3p69pct,intercoil,3.69,False,93,656570.9844884616,fault_test,0.01639344262295082,True
3kW,3kW_coil_current_3p69pct,intercoil,3.69,False,94,648437.2610471306,fault_test,0.01639344262295082,True
3kW,3kW_coil_current_3p69pct,intercoil,3.69,False,95,640940.0183015032,fault_test,0.01639344262295082,True
3kW,3kW_coil_current_3p69pct,intercoil,3.69,False,96,643815.4588524074,fault_test,0.01639344262295082,True
3kW,3kW_coil_current_3p69pct,intercoil,3.69,False,97,658187.5072935824,fault_test,0.01639344262295082,True
3kW,3kW_coil_current_3p69pct,intercoil,3.69,False,98,663281.77887268,fault_test,0.01639344262295082,True
3kW,3kW_coil_current_3p69pct,intercoil,3.69,False,99,656141.7363588883,fault_test,0.01639344262295082,True
3kW,3kW_coil_current_3p69pct,intercoil,3.69,False,100,650524.7706094108,fault_test,0.01639344262295082,True
3kW,3kW_coil_current_3p69pct,intercoil,3.69,False,101,648947.7167641618,fault_test,0.01639344262295082,True
3kW,3kW_coil_current_3p69pct,intercoil,3.69,False,102,638921.3655200731,fault_test,0.01639344262295082,True
3kW,3kW_coil_current_3p69pct,intercoil,3.69,False,103,641880.7625694864,fault_test,0.01639344262295082,True
3kW,3kW_coil_current_3p69pct,intercoil,3.69,False,104,651910.1577829019,fault_test,0.01639344262295082,True
3kW,3kW_coil_current_3p69pct,intercoil,3.69,False,105,658604.8414962766,fault_test,0.01639344262295082,True
3kW,3kW_coil_current_3p69pct,intercoil,3.69,False,106,659879.4096664669,fault_test,0.01639344262295082,True
3kW,3kW_coil_current_3p69pct,intercoil,3.69,False,107,655990.3739949219,fault_test,0.01639344262295082,True
3kW,3kW_coil_current_3p69pct,intercoil,3.69,False,108,651706.5422628314,fault_test,0.01639344262295082,True
3kW,3kW_coil_current_3p69pct,intercoil,3.69,False,109,642937.6347353102,fault_test,0.01639344262295082,True
3kW,3kW_coil_current_3p69pct,intercoil,3.69,False,110,637075.6796821483,fault_test,0.01639344262295082,True
3kW,3kW_coil_current_3p69pct,intercoil,3.69,False,111,645622.8372260766,fault_test,0.01639344262295082,True
3kW,3kW_coil_current_3p69pct,intercoil,3.69,False,112,654541.8549535524,fault_test,0.01639344262295082,True
3kW,3kW_coil_current_3p69pct,intercoil,3.69,False,113,657450.2743770494,fault_test,0.01639344262295082,True
3kW,3kW_coil_current_3p69pct,intercoil,3.69,False,114,654676.9588448362,fault_test,0.01639344262295082,True
3kW,3kW_coil_current_3p69pct,intercoil,3.69,False,115,652855.8692918854,fault_test,0.01639344262295082,True
3kW,3kW_coil_current_3p69pct,intercoil,3.69,False,116,642800.9498912703,fault_test,0.01639344262295082,True
3kW,3kW_coil_current_3p69pct,intercoil,3.69,False,117,637375.608395038,fault_test,0.01639344262295082,True
3kW,3kW_coil_current_3p69pct,intercoil,3.69,False,118,648877.6005864989,fault_test,0.01639344262295082,True
3kW,3kW_coil_current_3p69pct,intercoil,3.69,False,119,657332.3609416152,fault_test,0.01639344262295082,True
3kW,3kW_coil_current_4p86pct,intercoil,4.86,False,0,647376.2113966161,fault_test,0.01639344262295082,True
3kW,3kW_coil_current_4p86pct,intercoil,4.86,False,1,642401.6621461464,fault_test,0.01639344262295082,True
3kW,3kW_coil_current_4p86pct,intercoil,4.86,False,2,641492.5808475863,fault_test,0.01639344262295082,True
3kW,3kW_coil_current_4p86pct,intercoil,4.86,False,3,659258.5024480093,fault_test,0.01639344262295082,True
3kW,3kW_coil_current_4p86pct,intercoil,4.86,False,4,662748.8961634072,fault_test,0.01639344262295082,True
3kW,3kW_coil_current_4p86pct,intercoil,4.86,False,5,660232.7684062113,fault_test,0.01639344262295082,True
3kW,3kW_coil_current_4p86pct,intercoil,4.86,False,6,656618.7327939377,fault_test,0.01639344262295082,True
3kW,3kW_coil_current_4p86pct,intercoil,4.86,False,7,653083.1051504811,fault_test,0.01639344262295082,True
3kW,3kW_coil_current_4p86pct,intercoil,4.86,False,8,642422.7582075503,fault_test,0.01639344262295082,True
3kW,3kW_coil_current_4p86pct,intercoil,4.86,False,9,640396.7378291165,fault_test,0.01639344262295082,True
3kW,3kW_coil_current_4p86pct,intercoil,4.86,False,10,651412.6636545815,fault_test,0.01639344262295082,True
3kW,3kW_coil_current_4p86pct,intercoil,4.86,False,11,660655.9141268942,fault_test,0.01639344262295082,True
3kW,3kW_coil_current_4p86pct,intercoil,4.86,False,12,663720.484281013,fault_test,0.01639344262295082,True
3kW,3kW_coil_current_4p86pct,intercoil,4.86,False,13,660987.453029658,fault_test,0.01639344262295082,True
3kW,3kW_coil_current_4p86pct,intercoil,4.86,False,14,654091.6675781762,fault_test,0.01639344262295082,True
3kW,3kW_coil_current_4p86pct,intercoil,4.86,False,15,646492.0677141842,fault_test,0.01639344262295082,True
3kW,3kW_coil_current_4p86pct,intercoil,4.86,False,16,641867.15088084,fault_test,0.01639344262295082,True
3kW,3kW_coil_current_4p86pct,intercoil,4.86,False,17,651533.8699194422,fault_test,0.01639344262295082,True
3kW,3kW_coil_current_4p86pct,intercoil,4.86,False,18,658274.1179399454,fault_test,0.01639344262295082,True
3kW,3kW_coil_current_4p86pct,intercoil,4.86,False,19,662095.0678009585,fault_test,0.01639344262295082,True
3kW,3kW_coil_current_4p86pct,intercoil,4.86,False,20,659486.7699934461,fault_test,0.01639344262295082,True
3kW,3kW_coil_current_4p86pct,intercoil,4.86,False,21,657443.9146644543,fault_test,0.01639344262295082,True
3kW,3kW_coil_current_4p86pct,intercoil,4.86,False,22,649418.792270436,fault_test,0.01639344262295082,True
3kW,3kW_coil_current_4p86pct,intercoil,4.86,False,23,645402.8043965695,fault_test,0.01639344262295082,True
3kW,3kW_coil_current_4p86pct,intercoil,4.86,False,24,643510.9441168592,fault_test,0.01639344262295082,True
3kW,3kW_coil_current_4p86pct,intercoil,4.86,False,25,652963.842378824,fault_test,0.01639344262295082,True
3kW,3kW_coil_current_4p86pct,intercoil,4.86,False,26,661720.4735605133,fault_test,0.01639344262295082,True
3kW,3kW_coil_current_4p86pct,intercoil,4.86,False,27,658990.3635079348,fault_test,0.01639344262295082,True
3kW,3kW_coil_current_4p86pct,intercoil,4.86,False,28,657058.4436348294,fault_test,0.01639344262295082,True
3kW,3kW_coil_current_4p86pct,intercoil,4.86,False,29,650730.621246178,fault_test,0.01639344262295082,True
3kW,3kW_coil_current_4p86pct,intercoil,4.86,False,30,647193.9161951191,fault_test,0.01639344262295082,True
3kW,3kW_coil_current_4p86pct,intercoil,4.86,False,31,639057.7965056095,fault_test,0.01639344262295082,True
3kW,3kW_coil_current_4p86pct,intercoil,4.86,False,32,650587.2244904963,fault_test,0.01639344262295082,True
3kW,3kW_coil_current_4p86pct,intercoil,4.86,False,33,659689.7909325473,fault_test,0.01639344262295082,True
3kW,3kW_coil_current_4p86pct,intercoil,4.86,False,34,662564.9787373005,fault_test,0.01639344262295082,True
3kW,3kW_coil_current_4p86pct,intercoil,4.86,False,35,659549.7484070195,fault_test,0.01639344262295082,True
3kW,3kW_coil_current_4p86pct,intercoil,4.86,False,36,653181.696634169,fault_test,0.01639344262295082,True
3kW,3kW_coil_current_4p86pct,intercoil,4.86,False,37,649140.6319007933,fault_test,0.01639344262295082,True
3kW,3kW_coil_current_4p86pct,intercoil,4.86,False,38,637595.0143828122,fault_test,0.01639344262295082,True
3kW,3kW_coil_current_4p86pct,intercoil,4.86,False,39,643711.6103542438,fault_test,0.01639344262295082,True
3kW,3kW_coil_current_4p86pct,intercoil,4.86,False,40,659715.4022754915,fault_test,0.01639344262295082,True
3kW,3kW_coil_current_4p86pct,intercoil,4.86,False,41,662286.9001280091,fault_test,0.01639344262295082,True
3kW,3kW_coil_current_4p86pct,intercoil,4.86,False,42,660776.4031983528,fault_test,0.01639344262295082,True
3kW,3kW_coil_current_4p86pct,intercoil,4.86,False,43,656977.7735486128,fault_test,0.01639344262295082,True
3kW,3kW_coil_current_4p86pct,intercoil,4.86,False,44,649016.435402033,fault_test,0.01639344262295082,True
3kW,3kW_coil_current_4p86pct,intercoil,4.86,False,45,643271.5914823595,fault_test,0.01639344262295082,True
3kW,3kW_coil_current_4p86pct,intercoil,4.86,False,46,638866.8694384428,fault_test,0.01639344262295082,True
3kW,3kW_coil_current_4p86pct,intercoil,4.86,False,47,655671.290178932,fault_test,0.01639344262295082,True
3kW,3kW_coil_current_4p86pct,intercoil,4.86,False,48,660009.3736007991,fault_test,0.01639344262295082,True
3kW,3kW_coil_current_4p86pct,intercoil,4.86,False,49,660874.3208148101,fault_test,0.01639344262295082,True
3kW,3kW_coil_current_4p86pct,intercoil,4.86,False,50,657437.159807771,fault_test,0.01639344262295082,True
3kW,3kW_coil_current_4p86pct,intercoil,4.86,False,51,654298.8310730967,fault_test,0.01639344262295082,True
3kW,3kW_coil_current_4p86pct,intercoil,4.86,False,52,642872.4810488021,fault_test,0.01639344262295082,True
3kW,3kW_coil_current_4p86pct,intercoil,4.86,False,53,637612.1816443687,fault_test,0.01639344262295082,True
3kW,3kW_coil_current_4p86pct,intercoil,4.86,False,54,649340.1313386048,fault_test,0.01639344262295082,True
3kW,3kW_coil_current_4p86pct,intercoil,4.86,False,55,663455.0924992056,fault_test,0.01639344262295082,True
3kW,3kW_coil_current_4p86pct,intercoil,4.86,False,56,658990.5109458318,fault_test,0.01639344262295082,True
3kW,3kW_coil_current_4p86pct,intercoil,4.86,False,57,660832.2002178842,fault_test,0.01639344262295082,True
3kW,3kW_coil_current_4p86pct,intercoil,4.86,False,58,655943.8204061356,fault_test,0.01639344262295082,True
3kW,3kW_coil_current_4p86pct,intercoil,4.86,False,59,646629.4857155051,fault_test,0.01639344262295082,True
3kW,3kW_coil_current_4p86pct,intercoil,4.86,False,60,642013.2703172457,fault_test,0.01639344262295082,True
3kW,3kW_coil_current_4p86pct,intercoil,4.86,False,61,641558.3317703614,fault_test,0.01639344262295082,True
3kW,3kW_coil_current_4p86pct,intercoil,4.86,False,62,655778.4744866547,fault_test,0.01639344262295082,True
3kW,3kW_coil_current_4p86pct,intercoil,4.86,False,63,664268.5094017105,fault_test,0.01639344262295082,True
3kW,3kW_coil_current_4p86pct,intercoil,4.86,False,64,660725.1935944012,fault_test,0.01639344262295082,True
3kW,3kW_coil_current_4p86pct,intercoil,4.86,False,65,656586.7273799827,fault_test,0.01639344262295082,True
3kW,3kW_coil_current_4p86pct,intercoil,4.86,False,66,651829.6408113732,fault_test,0.01639344262295082,True
3kW,3kW_coil_current_4p86pct,intercoil,4.86,False,67,643908.0961633056,fault_test,0.01639344262295082,True
3kW,3kW_coil_current_4p86pct,intercoil,4.86,False,68,633352.3327998307,fault_test,0.01639344262295082,True
3kW,3kW_coil_current_4p86pct,intercoil,4.86,False,69,645265.8216851765,fault_test,0.01639344262295082,True
3kW,3kW_coil_current_4p86pct,intercoil,4.86,False,70,658605.8481554091,fault_test,0.01639344262295082,True
3kW,3kW_coil_current_4p86pct,intercoil,4.86,False,71,659983.3513143436,fault_test,0.01639344262295082,True
3kW,3kW_coil_current_4p86pct,intercoil,4.86,False,72,657971.221233565,fault_test,0.01639344262295082,True
3kW,3kW_coil_current_4p86pct,intercoil,4.86,False,73,653866.962952568,fault_test,0.01639344262295082,True
3kW,3kW_coil_current_4p86pct,intercoil,4.86,False,74,646726.4686352998,fault_test,0.01639344262295082,True
3kW,3kW_coil_current_4p86pct,intercoil,4.86,False,75,636525.8704476752,fault_test,0.01639344262295082,True
3kW,3kW_coil_current_4p86pct,intercoil,4.86,False,76,643722.5341236672,fault_test,0.01639344262295082,True
3kW,3kW_coil_current_4p86pct,intercoil,4.86,False,77,655646.6237728476,fault_test,0.01639344262295082,True
3kW,3kW_coil_current_4p86pct,intercoil,4.86,False,78,661166.055716901,fault_test,0.01639344262295082,True
3kW,3kW_coil_current_4p86pct,intercoil,4.86,False,79,662218.0622120253,fault_test,0.01639344262295082,True
3kW,3kW_coil_current_4p86pct,intercoil,4.86,False,80,654920.220004242,fault_test,0.01639344262295082,True
3kW,3kW_coil_current_4p86pct,intercoil,4.86,False,81,648530.9185770542,fault_test,0.01639344262295082,True
3kW,3kW_coil_current_4p86pct,intercoil,4.86,False,82,640561.4345272382,fault_test,0.01639344262295082,True
3kW,3kW_coil_current_4p86pct,intercoil,4.86,False,83,638637.3480005005,fault_test,0.01639344262295082,True
3kW,3kW_coil_current_4p86pct,intercoil,4.86,False,84,657369.8611505155,fault_test,0.01639344262295082,True
3kW,3kW_coil_current_4p86pct,intercoil,4.86,False,85,663205.3164010219,fault_test,0.01639344262295082,True
3kW,3kW_coil_current_4p86pct,intercoil,4.86,False,86,660903.7610077817,fault_test,0.01639344262295082,True
3kW,3kW_coil_current_4p86pct,intercoil,4.86,False,87,658857.6485463997,fault_test,0.01639344262295082,True
3kW,3kW_coil_current_4p86pct,intercoil,4.86,False,88,655033.1189071438,fault_test,0.01639344262295082,True
3kW,3kW_coil_current_4p86pct,intercoil,4.86,False,89,646345.5107645001,fault_test,0.01639344262295082,True
3kW,3kW_coil_current_4p86pct,intercoil,4.86,False,90,638338.7810233969,fault_test,0.01639344262295082,True
3kW,3kW_coil_current_4p86pct,intercoil,4.86,False,91,648519.88988364,fault_test,0.01639344262295082,True
3kW,3kW_coil_current_4p86pct,intercoil,4.86,False,92,662724.1167572289,fault_test,0.01639344262295082,True
3kW,3kW_coil_current_4p86pct,intercoil,4.86,False,93,661501.4968918323,fault_test,0.01639344262295082,True
3kW,3kW_coil_current_4p86pct,intercoil,4.86,False,94,659633.7118958592,fault_test,0.01639344262295082,True
3kW,3kW_coil_current_4p86pct,intercoil,4.86,False,95,655494.7058102072,fault_test,0.01639344262295082,True
3kW,3kW_coil_current_4p86pct,intercoil,4.86,False,96,647442.8185550078,fault_test,0.01639344262295082,True
3kW,3kW_coil_current_4p86pct,intercoil,4.86,False,97,641140.592434602,fault_test,0.01639344262295082,True
3kW,3kW_coil_current_4p86pct,intercoil,4.86,False,98,643691.3239219714,fault_test,0.01639344262295082,True
3kW,3kW_coil_current_4p86pct,intercoil,4.86,False,99,651450.9223479581,fault_test,0.01639344262295082,True
3kW,3kW_coil_current_4p86pct,intercoil,4.86,False,100,660559.4101640945,fault_test,0.01639344262295082,True
3kW,3kW_coil_current_4p86pct,intercoil,4.86,False,101,661456.0144443355,fault_test,0.01639344262295082,True
3kW,3kW_coil_current_4p86pct,intercoil,4.86,False,102,655342.2042208445,fault_test,0.01639344262295082,True
3kW,3kW_coil_current_4p86pct,intercoil,4.86,False,103,651359.3892024392,fault_test,0.01639344262295082,True
3kW,3kW_coil_current_4p86pct,intercoil,4.86,False,104,644265.1827890337,fault_test,0.01639344262295082,True
3kW,3kW_coil_current_4p86pct,intercoil,4.86,False,105,639065.1409330616,fault_test,0.01639344262295082,True
3kW,3kW_coil_current_4p86pct,intercoil,4.86,False,106,645076.8179798747,fault_test,0.01639344262295082,True
3kW,3kW_coil_current_4p86pct,intercoil,4.86,False,107,659866.5406480784,fault_test,0.01639344262295082,True
3kW,3kW_coil_current_4p86pct,intercoil,4.86,False,108,660021.4183828658,fault_test,0.01639344262295082,True
3kW,3kW_coil_current_4p86pct,intercoil,4.86,False,109,656789.1825232572,fault_test,0.01639344262295082,True
3kW,3kW_coil_current_4p86pct,intercoil,4.86,False,110,650815.5776647944,fault_test,0.01639344262295082,True
3kW,3kW_coil_current_4p86pct,intercoil,4.86,False,111,647543.0553427348,fault_test,0.01639344262295082,True
3kW,3kW_coil_current_4p86pct,intercoil,4.86,False,112,640117.960552136,fault_test,0.01639344262295082,True
3kW,3kW_coil_current_4p86pct,intercoil,4.86,False,113,641194.8210052826,fault_test,0.01639344262295082,True
3kW,3kW_coil_current_4p86pct,intercoil,4.86,False,114,656837.5677512351,fault_test,0.01639344262295082,True
3kW,3kW_coil_current_4p86pct,intercoil,4.86,False,115,658668.6738978644,fault_test,0.01639344262295082,True
3kW,3kW_coil_current_4p86pct,intercoil,4.86,False,116,658699.936416903,fault_test,0.01639344262295082,True
3kW,3kW_coil_current_4p86pct,intercoil,4.86,False,117,654705.2128073045,fault_test,0.01639344262295082,True
3kW,3kW_coil_current_4p86pct,intercoil,4.86,False,118,651247.3116276918,fault_test,0.01639344262295082,True
3kW,3kW_coil_current_4p86pct,intercoil,4.86,False,119,643164.5880966566,fault_test,0.01639344262295082,True
3kW,3kW_coil_current_7p12pct,intercoil,7.12,False,0,639563.110602679,fault_test,0.01639344262295082,True
3kW,3kW_coil_current_7p12pct,intercoil,7.12,False,1,645157.0779996436,fault_test,0.01639344262295082,True
3kW,3kW_coil_current_7p12pct,intercoil,7.12,False,2,656998.8347002004,fault_test,0.01639344262295082,True
3kW,3kW_coil_current_7p12pct,intercoil,7.12,False,3,659824.4042010828,fault_test,0.01639344262295082,True
3kW,3kW_coil_current_7p12pct,intercoil,7.12,False,4,656848.5952977934,fault_test,0.01639344262295082,True
3kW,3kW_coil_current_7p12pct,intercoil,7.12,False,5,651437.8583741483,fault_test,0.01639344262295082,True
3kW,3kW_coil_current_7p12pct,intercoil,7.12,False,6,642744.4577374096,fault_test,0.01639344262295082,True
3kW,3kW_coil_current_7p12pct,intercoil,7.12,False,7,639503.6299663672,fault_test,0.01639344262295082,True
3kW,3kW_coil_current_7p12pct,intercoil,7.12,False,8,658035.375374604,fault_test,0.01639344262295082,True
3kW,3kW_coil_current_7p12pct,intercoil,7.12,False,9,659445.4553680012,fault_test,0.01639344262295082,True
3kW,3kW_coil_current_7p12pct,intercoil,7.12,False,10,659425.407013311,fault_test,0.01639344262295082,True
3kW,3kW_coil_current_7p12pct,intercoil,7.12,False,11,653419.0664858188,fault_test,0.01639344262295082,True
3kW,3kW_coil_current_7p12pct,intercoil,7.12,False,12,644003.9471815701,fault_test,0.01639344262295082,True
3kW,3kW_coil_current_7p12pct,intercoil,7.12,False,13,633314.7968465963,fault_test,0.01639344262295082,True
3kW,3kW_coil_current_7p12pct,intercoil,7.12,False,14,645681.4705679214,fault_test,0.01639344262295082,True
3kW,3kW_coil_current_7p12pct,intercoil,7.12,False,15,657735.1480482075,fault_test,0.01639344262295082,True
3kW,3kW_coil_current_7p12pct,intercoil,7.12,False,16,658593.4108689233,fault_test,0.01639344262295082,True
3kW,3kW_coil_current_7p12pct,intercoil,7.12,False,17,656883.0998999893,fault_test,0.01639344262295082,True
3kW,3kW_coil_current_7p12pct,intercoil,7.12,False,18,647402.44720832,fault_test,0.01639344262295082,True
3kW,3kW_coil_current_7p12pct,intercoil,7.12,False,19,639966.4270034806,fault_test,0.01639344262295082,True
3kW,3kW_coil_current_7p12pct,intercoil,7.12,False,20,643396.2318234511,fault_test,0.01639344262295082,True
3kW,3kW_coil_current_7p12pct,intercoil,7.12,False,21,651534.7821647199,fault_test,0.01639344262295082,True
3kW,3kW_coil_current_7p12pct,intercoil,7.12,False,22,660771.5710992642,fault_test,0.01639344262295082,True
3kW,3kW_coil_current_7p12pct,intercoil,7.12,False,23,658719.6794516564,fault_test,0.01639344262295082,True
3kW,3kW_coil_current_7p12pct,intercoil,7.12,False,24,652891.6846560495,fault_test,0.01639344262295082,True
3kW,3kW_coil_current_7p12pct,intercoil,7.12,False,25,643109.78964431,fault_test,0.01639344262295082,True
3kW,3kW_coil_current_7p12pct,intercoil,7.12,False,26,636167.6168423702,fault_test,0.01639344262295082,True
3kW,3kW_coil_current_7p12pct,intercoil,7.12,False,27,652126.8449586185,fault_test,0.01639344262295082,True
3kW,3kW_coil_current_7p12pct,intercoil,7.12,False,28,659849.2315546867,fault_test,0.01639344262295082,True
3kW,3kW_coil_current_7p12pct,intercoil,7.12,False,29,661955.5859623707,fault_test,0.01639344262295082,True
3kW,3kW_coil_current_7p12pct,intercoil,7.12,False,30,654220.4674485532,fault_test,0.01639344262295082,True
3kW,3kW_coil_current_7p12pct,intercoil,7.12,False,31,649020.8276778751,fault_test,0.01639344262295082,True
3kW,3kW_coil_current_7p12pct,intercoil,7.12,False,32,641124.4121169484,fault_test,0.01639344262295082,True
3kW,3kW_coil_current_7p12pct,intercoil,7.12,False,33,639712.3516960137,fault_test,0.01639344262295082,True
3kW,3kW_coil_current_7p12pct,intercoil,7.12,False,34,655759.0369223402,fault_test,0.01639344262295082,True
3kW,3kW_coil_current_7p12pct,intercoil,7.12,False,35,662300.2112251361,fault_test,0.01639344262295082,True
3kW,3kW_coil_current_7p12pct,intercoil,7.12,False,36,659369.0812282874,fault_test,0.01639344262295082,True
3kW,3kW_coil_current_7p12pct,intercoil,7.12,False,37,653914.2102474525,fault_test,0.01639344262295082,True
3kW,3kW_coil_current_7p12pct,intercoil,7.12,False,38,648325.1686104445,fault_test,0.01639344262295082,True
3kW,3kW_coil_current_7p12pct,intercoil,7.12,False,39,637078.9519272348,fault_test,0.01639344262295082,True
3kW,3kW_coil_current_7p12pct,intercoil,7.12,False,40,645510.3590547963,fault_test,0.01639344262295082,True
3kW,3kW_coil_current_7p12pct,intercoil,7.12,False,41,660249.6499378845,fault_test,0.01639344262295082,True
3kW,3kW_coil_current_7p12pct,intercoil,7.12,False,42,660021.524390216,fault_test,0.01639344262295082,True
3kW,3kW_coil_current_7p12pct,intercoil,7.12,False,43,659109.1264175574,fault_test,0.01639344262295082,True
3kW,3kW_coil_current_7p12pct,intercoil,7.12,False,44,653245.4814539666,fault_test,0.01639344262295082,True
3kW,3kW_coil_current_7p12pct,intercoil,7.12,False,45,647103.9288273252,fault_test,0.01639344262295082,True
3kW,3kW_coil_current_7p12pct,intercoil,7.12,False,46,637201.0342648077,fault_test,0.01639344262295082,True
3kW,3kW_coil_current_7p12pct,intercoil,7.12,False,47,646497.754716775,fault_test,0.01639344262295082,True
3kW,3kW_coil_current_7p12pct,intercoil,7.12,False,48,658312.9973680982,fault_test,0.01639344262295082,True
3kW,3kW_coil_current_7p12pct,intercoil,7.12,False,49,659543.9668894892,fault_test,0.01639344262295082,True
3kW,3kW_coil_current_7p12pct,intercoil,7.12,False,50,657145.3092816838,fault_test,0.01639344262295082,True
3kW,3kW_coil_current_7p12pct,intercoil,7.12,False,51,649035.1783141051,fault_test,0.01639344262295082,True
3kW,3kW_coil_current_7p12pct,intercoil,7.12,False,52,645025.6480734568,fault_test,0.01639344262295082,True
3kW,3kW_coil_current_7p12pct,intercoil,7.12,False,53,640007.8091123586,fault_test,0.01639344262295082,True
3kW,3kW_coil_current_7p12pct,intercoil,7.12,False,54,649388.5455599503,fault_test,0.01639344262295082,True
3kW,3kW_coil_current_7p12pct,intercoil,7.12,False,55,662648.4867518651,fault_test,0.01639344262295082,True
3kW,3kW_coil_current_7p12pct,intercoil,7.12,False,56,658142.6599245222,fault_test,0.01639344262295082,True
3kW,3kW_coil_current_7p12pct,intercoil,7.12,False,57,656742.3106618116,fault_test,0.01639344262295082,True
3kW,3kW_coil_current_7p12pct,intercoil,7.12,False,58,651537.3782682008,fault_test,0.01639344262295082,True
3kW,3kW_coil_current_7p12pct,intercoil,7.12,False,59,642690.8387191021,fault_test,0.01639344262295082,True
3kW,3kW_coil_current_7p12pct,intercoil,7.12,False,60,644613.8444725055,fault_test,0.01639344262295082,True
3kW,3kW_coil_current_7p12pct,intercoil,7.12,False,61,655231.600838694,fault_test,0.01639344262295082,True
3kW,3kW_coil_current_7p12pct,intercoil,7.12,False,62,660753.0462758152,fault_test,0.01639344262295082,True
3kW,3kW_coil_current_7p12pct,intercoil,7.12,False,63,657198.9921156835,fault_test,0.01639344262295082,True
3kW,3kW_coil_current_7p12pct,intercoil,7.12,False,64,656263.5206368018,fault_test,0.01639344262295082,True
3kW,3kW_coil_current_7p12pct,intercoil,7.12,False,65,644941.686765393,fault_test,0.01639344262295082,True
3kW,3kW_coil_current_7p12pct,intercoil,7.12,False,66,639198.3646280074,fault_test,0.01639344262295082,True
3kW,3kW_coil_current_7p12pct,intercoil,7.12,False,67,644378.7342694438,fault_test,0.01639344262295082,True
3kW,3kW_coil_current_7p12pct,intercoil,7.12,False,68,659726.2412021406,fault_test,0.01639344262295082,True
3kW,3kW_coil_current_7p12pct,intercoil,7.12,False,69,661044.5985649113,fault_test,0.01639344262295082,True
3kW,3kW_coil_current_7p12pct,intercoil,7.12,False,70,660458.7542833147,fault_test,0.01639344262295082,True
3kW,3kW_coil_current_7p12pct,intercoil,7.12,False,71,653852.0693646999,fault_test,0.01639344262295082,True
3kW,3kW_coil_current_7p12pct,intercoil,7.12,False,72,646212.2477449027,fault_test,0.01639344262295082,True
3kW,3kW_coil_current_7p12pct,intercoil,7.12,False,73,639446.0962538101,fault_test,0.01639344262295082,True
3kW,3kW_coil_current_7p12pct,intercoil,7.12,False,74,640098.4754637576,fault_test,0.01639344262295082,True
3kW,3kW_coil_current_7p12pct,intercoil,7.12,False,75,657347.1637791579,fault_test,0.01639344262295082,True
3kW,3kW_coil_current_7p12pct,intercoil,7.12,False,76,658822.3299588955,fault_test,0.01639344262295082,True
3kW,3kW_coil_current_7p12pct,intercoil,7.12,False,77,655166.8063083412,fault_test,0.01639344262295082,True
3kW,3kW_coil_current_7p12pct,intercoil,7.12,False,78,651202.3332500885,fault_test,0.01639344262295082,True
3kW,3kW_coil_current_7p12pct,intercoil,7.12,False,79,647701.209325439,fault_test,0.01639344262295082,True
3kW,3kW_coil_current_7p12pct,intercoil,7.12,False,80,640168.5003339864,fault_test,0.01639344262295082,True
3kW,3kW_coil_current_7p12pct,intercoil,7.12,False,81,644018.7997578528,fault_test,0.01639344262295082,True
3kW,3kW_coil_current_7p12pct,intercoil,7.12,False,82,656855.9050117702,fault_test,0.01639344262295082,True
3kW,3kW_coil_current_7p12pct,intercoil,7.12,False,83,660805.4261465741,fault_test,0.01639344262295082,True
3kW,3kW_coil_current_7p12pct,intercoil,7.12,False,84,656878.2957733776,fault_test,0.01639344262295082,True
3kW,3kW_coil_current_7p12pct,intercoil,7.12,False,85,654656.9700482335,fault_test,0.01639344262295082,True
3kW,3kW_coil_current_7p12pct,intercoil,7.12,False,86,644980.7031324209,fault_test,0.01639344262295082,True
3kW,3kW_coil_current_7p12pct,intercoil,7.12,False,87,637029.3047680771,fault_test,0.01639344262295082,True
3kW,3kW_coil_current_7p12pct,intercoil,7.12,False,88,645621.0219310061,fault_test,0.01639344262295082,True
3kW,3kW_coil_current_7p12pct,intercoil,7.12,False,89,656892.4952083214,fault_test,0.01639344262295082,True
3kW,3kW_coil_current_7p12pct,intercoil,7.12,False,90,659306.9026917012,fault_test,0.01639344262295082,True
3kW,3kW_coil_current_7p12pct,intercoil,7.12,False,91,658401.7183499214,fault_test,0.01639344262295082,True
3kW,3kW_coil_current_7p12pct,intercoil,7.12,False,92,655867.4074159,fault_test,0.01639344262295082,True
3kW,3kW_coil_current_7p12pct,intercoil,7.12,False,93,645606.0716702213,fault_test,0.01639344262295082,True
3kW,3kW_coil_current_7p12pct,intercoil,7.12,False,94,637656.2761450575,fault_test,0.01639344262295082,True
3kW,3kW_coil_current_7p12pct,intercoil,7.12,False,95,645850.0045325594,fault_test,0.01639344262295082,True
3kW,3kW_coil_current_7p12pct,intercoil,7.12,False,96,660657.4818864956,fault_test,0.01639344262295082,True
3kW,3kW_coil_current_7p12pct,intercoil,7.12,False,97,660544.7293080254,fault_test,0.01639344262295082,True
3kW,3kW_coil_current_7p12pct,intercoil,7.12,False,98,658199.5974722228,fault_test,0.01639344262295082,True
3kW,3kW_coil_current_7p12pct,intercoil,7.12,False,99,654775.8590563122,fault_test,0.01639344262295082,True
3kW,3kW_coil_current_7p12pct,intercoil,7.12,False,100,644866.4439528112,fault_test,0.01639344262295082,True
3kW,3kW_coil_current_7p12pct,intercoil,7.12,False,101,638727.462420304,fault_test,0.01639344262295082,True
3kW,3kW_coil_current_7p12pct,intercoil,7.12,False,102,640923.7149885833,fault_test,0.01639344262295082,True
3kW,3kW_coil_current_7p12pct,intercoil,7.12,False,103,654944.852038299,fault_test,0.01639344262295082,True
3kW,3kW_coil_current_7p12pct,intercoil,7.12,False,104,658752.4358950087,fault_test,0.01639344262295082,True
3kW,3kW_coil_current_7p12pct,intercoil,7.12,False,105,657624.072159292,fault_test,0.01639344262295082,True
3kW,3kW_coil_current_7p12pct,intercoil,7.12,False,106,656507.8282054086,fault_test,0.01639344262295082,True
3kW,3kW_coil_current_7p12pct,intercoil,7.12,False,107,644634.0301415669,fault_test,0.01639344262295082,True
3kW,3kW_coil_current_7p12pct,intercoil,7.12,False,108,636306.8610964406,fault_test,0.01639344262295082,True
3kW,3kW_coil_current_7p12pct,intercoil,7.12,False,109,640797.7793243189,fault_test,0.01639344262295082,True
3kW,3kW_coil_current_7p12pct,intercoil,7.12,False,110,652184.2553189723,fault_test,0.01639344262295082,True
3kW,3kW_coil_current_7p12pct,intercoil,7.12,False,111,657689.5383998422,fault_test,0.01639344262295082,True
3kW,3kW_coil_current_7p12pct,intercoil,7.12,False,112,654967.6596980058,fault_test,0.01639344262295082,True
3kW,3kW_coil_current_7p12pct,intercoil,7.12,False,113,653478.6671927953,fault_test,0.01639344262295082,True
3kW,3kW_coil_current_7p12pct,intercoil,7.12,False,114,642624.8590161931,fault_test,0.01639344262295082,True
3kW,3kW_coil_current_7p12pct,intercoil,7.12,False,115,638469.8463120058,fault_test,0.01639344262295082,True
3kW,3kW_coil_current_7p12pct,intercoil,7.12,False,116,642378.001522925,fault_test,0.01639344262295082,True
3kW,3kW_coil_current_7p12pct,intercoil,7.12,False,117,653538.9826948112,fault_test,0.01639344262295082,True
3kW,3kW_coil_current_7p12pct,intercoil,7.12,False,118,661595.0253973642,fault_test,0.01639344262295082,True
3kW,3kW_coil_current_7p12pct,intercoil,7.12,False,119,657487.3763758834,fault_test,0.01639344262295082,True
3kW,3kW_turn_current_17p86pct,interturn,17.86,False,0,11068.077196982274,fault_test,0.01639344262295082,True
3kW,3kW_turn_current_17p86pct,interturn,17.86,False,1,10633.535136810788,fault_test,0.01639344262295082,True
3kW,3kW_turn_current_17p86pct,interturn,17.86,False,2,10495.086549182632,fault_test,0.01639344262295082,True
3kW,3kW_turn_current_17p86pct,interturn,17.86,False,3,10792.146895321894,fault_test,0.01639344262295082,True
3kW,3kW_turn_current_17p86pct,interturn,17.86,False,4,10305.915718561379,fault_test,0.01639344262295082,True
3kW,3kW_turn_current_17p86pct,interturn,17.86,False,5,10400.964239602356,fault_test,0.01639344262295082,True
3kW,3kW_turn_current_17p86pct,interturn,17.86,False,6,10650.474015285636,fault_test,0.01639344262295082,True
3kW,3kW_turn_current_17p86pct,interturn,17.86,False,7,10191.73602389104,fault_test,0.01639344262295082,True
3kW,3kW_turn_current_17p86pct,interturn,17.86,False,8,9772.1220321419,fault_test,0.01639344262295082,True
3kW,3kW_turn_current_17p86pct,interturn,17.86,False,9,10543.167507234994,fault_test,0.01639344262295082,True
3kW,3kW_turn_current_17p86pct,interturn,17.86,False,10,9919.7012995089,fault_test,0.01639344262295082,True
3kW,3kW_turn_current_17p86pct,interturn,17.86,False,11,9816.571494880609,fault_test,0.01639344262295082,True
3kW,3kW_turn_current_17p86pct,interturn,17.86,False,12,10149.86380828889,fault_test,0.01639344262295082,True
3kW,3kW_turn_current_17p86pct,interturn,17.86,False,13,9954.135737696663,fault_test,0.01639344262295082,True
3kW,3kW_turn_current_17p86pct,interturn,17.86,False,14,9665.655772036122,fault_test,0.01639344262295082,True
3kW,3kW_turn_current_17p86pct,interturn,17.86,False,15,9991.308638348673,fault_test,0.01639344262295082,True
3kW,3kW_turn_current_17p86pct,interturn,17.86,False,16,9989.055549772838,fault_test,0.01639344262295082,True
3kW,3kW_turn_current_17p86pct,interturn,17.86,False,17,13481.541318208761,fault_test,0.01639344262295082,True
3kW,3kW_turn_current_17p86pct,interturn,17.86,False,18,14793.671749252162,fault_test,0.01639344262295082,True
3kW,3kW_turn_current_17p86pct,interturn,17.86,False,19,14421.571780012344,fault_test,0.01639344262295082,True
3kW,3kW_turn_current_17p86pct,interturn,17.86,False,20,13623.00104470987,fault_test,0.01639344262295082,True
3kW,3kW_turn_current_17p86pct,interturn,17.86,False,21,14386.446609128325,fault_test,0.01639344262295082,True
3kW,3kW_turn_current_17p86pct,interturn,17.86,False,22,14134.155774892348,fault_test,0.01639344262295082,True
3kW,3kW_turn_current_17p86pct,interturn,17.86,False,23,13046.793550484426,fault_test,0.01639344262295082,True
3kW,3kW_turn_current_17p86pct,interturn,17.86,False,24,9359.34741641152,fault_test,0.01639344262295082,True
3kW,3kW_turn_current_17p86pct,interturn,17.86,False,25,12752.276420286045,fault_test,0.01639344262295082,True
3kW,3kW_turn_current_17p86pct,interturn,17.86,False,26,12741.452617389918,fault_test,0.01639344262295082,True
3kW,3kW_turn_current_17p86pct,interturn,17.86,False,27,13590.806607556406,fault_test,0.01639344262295082,True
3kW,3kW_turn_current_17p86pct,interturn,17.86,False,28,13629.21272612059,fault_test,0.01639344262295082,True
3kW,3kW_turn_current_17p86pct,interturn,17.86,False,29,12368.162184758467,fault_test,0.01639344262295082,True
3kW,3kW_turn_current_17p86pct,interturn,17.86,False,30,10902.276436524488,fault_test,0.01639344262295082,True
3kW,3kW_turn_current_17p86pct,interturn,17.86,False,31,189.14005545595714,fault_test,0.01639344262295082,True
3kW,3kW_turn_current_17p86pct,interturn,17.86,False,32,172.09260844362623,fault_test,0.01639344262295082,True
3kW,3kW_turn_current_17p86pct,interturn,17.86,False,33,151.13360449138284,fault_test,0.03278688524590164,True
3kW,3kW_turn_current_17p86pct,interturn,17.86,False,34,185.31561613681242,fault_test,0.01639344262295082,True
3kW,3kW_turn_current_17p86pct,interturn,17.86,False,35,150.00808194589763,fault_test,0.04918032786885246,True
3kW,3kW_turn_current_17p86pct,interturn,17.86,False,36,163.94093169646,fault_test,0.03278688524590164,True
3kW,3kW_turn_current_17p86pct,interturn,17.86,False,37,149.98899754073528,fault_test,0.04918032786885246,True
3kW,3kW_turn_current_17p86pct,interturn,17.86,False,38,156.6878337734421,fault_test,0.03278688524590164,True
3kW,3kW_turn_current_17p86pct,interturn,17.86,False,39,138.66113091997232,fault_test,0.08196721311475409,False
3kW,3kW_turn_current_17p86pct,interturn,17.86,False,40,233.77674968926098,fault_test,0.01639344262295082,True
3kW,3kW_turn_current_17p86pct,interturn,17.86,False,41,149.97635246473496,fault_test,0.04918032786885246,True
3kW,3kW_turn_current_17p86pct,interturn,17.86,False,42,159.53912834436514,fault_test,0.03278688524590164,True
3kW,3kW_turn_current_17p86pct,interturn,17.86,False,43,187.87871906861784,fault_test,0.01639344262295082,True
3kW,3kW_turn_current_17p86pct,interturn,17.86,False,44,215.1258111080741,fault_test,0.01639344262295082,True
3kW,3kW_turn_current_17p86pct,interturn,17.86,False,45,133.25421876462195,fault_test,0.08196721311475409,False
3kW,3kW_turn_current_17p86pct,interturn,17.86,False,46,181.05812847623702,fault_test,0.01639344262295082,True
3kW,3kW_turn_current_17p86pct,interturn,17.86,False,47,193.21413334549752,fault_test,0.01639344262295082,True
3kW,3kW_turn_current_17p86pct,interturn,17.86,False,48,135.06083549906006,fault_test,0.08196721311475409,False
3kW,3kW_turn_current_17p86pct,interturn,17.86,False,49,221.6186265337623,fault_test,0.01639344262295082,True
3kW,3kW_turn_current_17p86pct,interturn,17.86,False,50,164.13570975777318,fault_test,0.03278688524590164,True
3kW,3kW_turn_current_17p86pct,interturn,17.86,False,51,109.48235446021349,fault_test,0.2786885245901639,False
3kW,3kW_turn_current_17p86pct,interturn,17.86,False,52,143.49887966870128,fault_test,0.06557377049180328,False
3kW,3kW_turn_current_17p86pct,interturn,17.86,False,53,190.9427319892639,fault_test,0.01639344262295082,True
3kW,3kW_turn_current_17p86pct,interturn,17.86,False,54,134.47994692935774,fault_test,0.08196721311475409,False
3kW,3kW_turn_current_17p86pct,interturn,17.86,False,55,176.53999727335437,fault_test,0.01639344262295082,True
3kW,3kW_turn_current_17p86pct,interturn,17.86,False,56,210.32378903707192,fault_test,0.01639344262295082,True
3kW,3kW_turn_current_17p86pct,interturn,17.86,False,57,119.67891328420609,fault_test,0.21311475409836064,False
3kW,3kW_turn_current_17p86pct,interturn,17.86,False,58,148.12190159296048,fault_test,0.04918032786885246,True
3kW,3kW_turn_current_17p86pct,interturn,17.86,False,59,219.97625110146996,fault_test,0.01639344262295082,True
3kW,3kW_turn_current_17p86pct,interturn,17.86,False,60,107.73089264202217,fault_test,0.2786885245901639,False
3kW,3kW_turn_current_17p86pct,interturn,17.86,False,61,161.55946502552393,fault_test,0.03278688524590164,True
3kW,3kW_turn_current_17p86pct,interturn,17.86,False,62,245.69117819855856,fault_test,0.01639344262295082,True
3kW,3kW_turn_current_17p86pct,interturn,17.86,False,63,117.66458628464184,fault_test,0.22950819672131148,False
3kW,3kW_turn_current_17p86pct,interturn,17.86,False,64,135.6552501721638,fault_test,0.08196721311475409,False
3kW,3kW_turn_current_17p86pct,interturn,17.86,False,65,192.2935999692429,fault_test,0.01639344262295082,True
3kW,3kW_turn_current_17p86pct,interturn,17.86,False,66,161.71568898349952,fault_test,0.03278688524590164,True
3kW,3kW_turn_current_17p86pct,interturn,17.86,False,67,144.06605072815614,fault_test,0.06557377049180328,False
3kW,3kW_turn_current_17p86pct,interturn,17.86,False,68,173.92574278792762,fault_test,0.01639344262295082,True
3kW,3kW_turn_current_17p86pct,interturn,17.86,False,69,98.46783392066924,fault_test,0.3770491803278688,False
3kW,3kW_turn_current_17p86pct,interturn,17.86,False,70,140.21397376822,fault_test,0.08196721311475409,False
3kW,3kW_turn_current_17p86pct,interturn,17.86,False,71,217.81488534422874,fault_test,0.01639344262295082,True
3kW,3kW_turn_current_17p86pct,interturn,17.86,False,72,123.80015540388506,fault_test,0.19672131147540983,False
3kW,3kW_turn_current_17p86pct,interturn,17.86,False,73,125.66843043012044,fault_test,0.13114754098360656,False
3kW,3kW_turn_current_17p86pct,interturn,17.86,False,74,160.57441482652877,fault_test,0.03278688524590164,True
3kW,3kW_turn_current_17p86pct,interturn,17.86,False,75,150.98893465628257,fault_test,0.04918032786885246,True
3kW,3kW_turn_current_17p86pct,interturn,17.86,False,76,154.44204951021123,fault_test,0.03278688524590164,True
3kW,3kW_turn_current_17p86pct,interturn,17.86,False,77,205.0760268277051,fault_test,0.01639344262295082,True
3kW,3kW_turn_current_17p86pct,interturn,17.86,False,78,151.24157782121983,fault_test,0.03278688524590164,True
3kW,3kW_turn_current_17p86pct,interturn,17.86,False,79,167.3628131010671,fault_test,0.03278688524590164,True
3kW,3kW_turn_current_17p86pct,interturn,17.86,False,80,190.98704934160128,fault_test,0.01639344262295082,True
3kW,3kW_turn_current_17p86pct,interturn,17.86,False,81,244.62897344413426,fault_test,0.01639344262295082,True
3kW,3kW_turn_current_17p86pct,interturn,17.86,False,82,181.57179961116464,fault_test,0.01639344262295082,True
3kW,3kW_turn_current_17p86pct,interturn,17.86,False,83,203.12589284152293,fault_test,0.01639344262295082,True
3kW,3kW_turn_current_17p86pct,interturn,17.86,False,84,173.08006554499173,fault_test,0.01639344262295082,True
3kW,3kW_turn_current_17p86pct,interturn,17.86,False,85,129.1893539894222,fault_test,0.09836065573770492,False
3kW,3kW_turn_current_17p86pct,interturn,17.86,False,86,199.83808496368255,fault_test,0.01639344262295082,True
3kW,3kW_turn_current_17p86pct,interturn,17.86,False,87,137.03962247262774,fault_test,0.08196721311475409,False
3kW,3kW_turn_current_17p86pct,interturn,17.86,False,88,138.72866091147304,fault_test,0.08196721311475409,False
3kW,3kW_turn_current_17p86pct,interturn,17.86,False,89,220.152379455098,fault_test,0.01639344262295082,True
3kW,3kW_turn_current_17p86pct,interturn,17.86,False,90,212.97810128266696,fault_test,0.01639344262295082,True
3kW,3kW_turn_current_17p86pct,interturn,17.86,False,91,157.69905058045907,fault_test,0.03278688524590164,True
3kW,3kW_turn_current_17p86pct,interturn,17.86,False,92,187.07939806807286,fault_test,0.01639344262295082,True
3kW,3kW_turn_current_17p86pct,interturn,17.86,False,93,240.44496772007827,fault_test,0.01639344262295082,True
3kW,3kW_turn_current_17p86pct,interturn,17.86,False,94,143.07472257292005,fault_test,0.06557377049180328,False
3kW,3kW_turn_current_17p86pct,interturn,17.86,False,95,190.59852953176826,fault_test,0.01639344262295082,True
3kW,3kW_turn_current_17p86pct,interturn,17.86,False,96,150.84599421859673,fault_test,0.04918032786885246,True
3kW,3kW_turn_current_17p86pct,interturn,17.86,False,97,140.9519572999636,fault_test,0.08196721311475409,False
3kW,3kW_turn_current_17p86pct,interturn,17.86,False,98,218.87094778939542,fault_test,0.01639344262295082,True
3kW,3kW_turn_current_17p86pct,interturn,17.86,False,99,197.94936578557505,fault_test,0.01639344262295082,True
3kW,3kW_turn_current_17p86pct,interturn,17.86,False,100,176.919277885001,fault_test,0.01639344262295082,True
3kW,3kW_turn_current_17p86pct,interturn,17.86,False,101,232.3286883487642,fault_test,0.01639344262295082,True
3kW,3kW_turn_current_17p86pct,interturn,17.86,False,102,226.33032284283365,fault_test,0.01639344262295082,True
3kW,3kW_turn_current_17p86pct,interturn,17.86,False,103,156.61607579593638,fault_test,0.03278688524590164,True
3kW,3kW_turn_current_17p86pct,interturn,17.86,False,104,183.47249627369098,fault_test,0.01639344262295082,True
3kW,3kW_turn_current_17p86pct,interturn,17.86,False,105,143.2584328000546,fault_test,0.06557377049180328,False
3kW,3kW_turn_current_17p86pct,interturn,17.86,False,106,129.03198550315335,fault_test,0.09836065573770492,False
3kW,3kW_turn_current_17p86pct,interturn,17.86,False,107,194.91330960782142,fault_test,0.01639344262295082,True
3kW,3kW_turn_current_17p86pct,interturn,17.86,False,108,202.89277529715787,fault_test,0.01639344262295082,True
3kW,3kW_turn_current_17p86pct,interturn,17.86,False,109,129.15837055145653,fault_test,0.09836065573770492,False
3kW,3kW_turn_current_17p86pct,interturn,17.86,False,110,168.29733926047425,fault_test,0.03278688524590164,True
3kW,3kW_turn_current_17p86pct,interturn,17.86,False,111,178.45952249253747,fault_test,0.01639344262295082,True
3kW,3kW_turn_current_17p86pct,interturn,17.86,False,112,135.51560799858856,fault_test,0.08196721311475409,False
3kW,3kW_turn_current_17p86pct,interturn,17.86,False,113,174.0173727740634,fault_test,0.01639344262295082,True
3kW,3kW_turn_current_17p86pct,interturn,17.86,False,114,193.90549657734977,fault_test,0.01639344262295082,True
3kW,3kW_turn_current_17p86pct,interturn,17.86,False,115,146.8672881378713,fault_test,0.06557377049180328,False
3kW,3kW_turn_current_17p86pct,interturn,17.86,False,116,143.96434935429232,fault_test,0.06557377049180328,False
3kW,3kW_turn_current_17p86pct,interturn,17.86,False,117,237.47702379744376,fault_test,0.01639344262295082,True
3kW,3kW_turn_current_17p86pct,interturn,17.86,False,118,116.70269468679177,fault_test,0.22950819672131148,False
3kW,3kW_turn_current_17p86pct,interturn,17.86,False,119,237.46066268783568,fault_test,0.01639344262295082,True
3kW,3kW_turn_current_1p78pct,interturn,1.78,False,0,595.8366749356039,fault_test,0.01639344262295082,True
3kW,3kW_turn_current_1p78pct,interturn,1.78,False,1,672.1655787835933,fault_test,0.01639344262295082,True
3kW,3kW_turn_current_1p78pct,interturn,1.78,False,2,604.4076373150015,fault_test,0.01639344262295082,True
3kW,3kW_turn_current_1p78pct,interturn,1.78,False,3,710.1707463699057,fault_test,0.01639344262295082,True
3kW,3kW_turn_current_1p78pct,interturn,1.78,False,4,654.5131753162682,fault_test,0.01639344262295082,True
3kW,3kW_turn_current_1p78pct,interturn,1.78,False,5,719.5482512819043,fault_test,0.01639344262295082,True
3kW,3kW_turn_current_1p78pct,interturn,1.78,False,6,729.5806093744839,fault_test,0.01639344262295082,True
3kW,3kW_turn_current_1p78pct,interturn,1.78,False,7,744.099752325392,fault_test,0.01639344262295082,True
3kW,3kW_turn_current_1p78pct,interturn,1.78,False,8,634.2422472286992,fault_test,0.01639344262295082,True
3kW,3kW_turn_current_1p78pct,interturn,1.78,False,9,639.5017773853767,fault_test,0.01639344262295082,True
3kW,3kW_turn_current_1p78pct,interturn,1.78,False,10,547.583881546779,fault_test,0.01639344262295082,True
3kW,3kW_turn_current_1p78pct,interturn,1.78,False,11,748.1911612773669,fault_test,0.01639344262295082,True
3kW,3kW_turn_current_1p78pct,interturn,1.78,False,12,682.6697026730786,fault_test,0.01639344262295082,True
3kW,3kW_turn_current_1p78pct,interturn,1.78,False,13,683.3560848093065,fault_test,0.01639344262295082,True
3kW,3kW_turn_current_1p78pct,interturn,1.78,False,14,643.8330190768321,fault_test,0.01639344262295082,True
3kW,3kW_turn_current_1p78pct,interturn,1.78,False,15,683.4758267025787,fault_test,0.01639344262295082,True
3kW,3kW_turn_current_1p78pct,interturn,1.78,False,16,722.0174044155019,fault_test,0.01639344262295082,True
3kW,3kW_turn_current_1p78pct,interturn,1.78,False,17,736.4703537815298,fault_test,0.01639344262295082,True
3kW,3kW_turn_current_1p78pct,interturn,1.78,False,18,743.725152864057,fault_test,0.01639344262295082,True
3kW,3kW_turn_current_1p78pct,interturn,1.78,False,19,769.941054666696,fault_test,0.01639344262295082,True
3kW,3kW_turn_current_1p78pct,interturn,1.78,False,20,702.5447594215802,fault_test,0.01639344262295082,True
3kW,3kW_turn_current_1p78pct,interturn,1.78,False,21,788.5722904457424,fault_test,0.01639344262295082,True
3kW,3kW_turn_current_1p78pct,interturn,1.78,False,22,696.706587992101,fault_test,0.01639344262295082,True
3kW,3kW_turn_current_1p78pct,interturn,1.78,False,23,624.9313488082223,fault_test,0.01639344262295082,True
3kW,3kW_turn_current_1p78pct,interturn,1.78,False,24,727.4058141705918,fault_test,0.01639344262295082,True
3kW,3kW_turn_current_1p78pct,interturn,1.78,False,25,832.239843452337,fault_test,0.01639344262295082,True
3kW,3kW_turn_current_1p78pct,interturn,1.78,False,26,693.1231099227293,fault_test,0.01639344262295082,True
3kW,3kW_turn_current_1p78pct,interturn,1.78,False,27,652.1358388977408,fault_test,0.01639344262295082,True
3kW,3kW_turn_current_1p78pct,interturn,1.78,False,28,659.5422098351733,fault_test,0.01639344262295082,True
3kW,3kW_turn_current_1p78pct,interturn,1.78,False,29,632.5868467268767,fault_test,0.01639344262295082,True
3kW,3kW_turn_current_1p78pct,interturn,1.78,False,30,675.6834158956829,fault_test,0.01639344262295082,True
3kW,3kW_turn_current_1p78pct,interturn,1.78,False,31,720.1603840260066,fault_test,0.01639344262295082,True
3kW,3kW_turn_current_1p78pct,interturn,1.78,False,32,700.3570790052427,fault_test,0.01639344262295082,True
3kW,3kW_turn_current_1p78pct,interturn,1.78,False,33,594.9262890068227,fault_test,0.01639344262295082,True
3kW,3kW_turn_current_1p78pct,interturn,1.78,False,34,668.8044875332921,fault_test,0.01639344262295082,True
3kW,3kW_turn_current_1p78pct,interturn,1.78,False,35,625.5484284470056,fault_test,0.01639344262295082,True
3kW,3kW_turn_current_1p78pct,interturn,1.78,False,36,721.28044002786,fault_test,0.01639344262295082,True
3kW,3kW_turn_current_1p78pct,interturn,1.78,False,37,697.7031993244362,fault_test,0.01639344262295082,True
3kW,3kW_turn_current_1p78pct,interturn,1.78,False,38,695.4485236422686,fault_test,0.01639344262295082,True
3kW,3kW_turn_current_1p78pct,interturn,1.78,False,39,605.0277344541668,fault_test,0.01639344262295082,True
3kW,3kW_turn_current_1p78pct,interturn,1.78,False,40,781.3606269984958,fault_test,0.01639344262295082,True
3kW,3kW_turn_current_1p78pct,interturn,1.78,False,41,620.5783629804581,fault_test,0.01639344262295082,True
3kW,3kW_turn_current_1p78pct,interturn,1.78,False,42,682.4021887449201,fault_test,0.01639344262295082,True
3kW,3kW_turn_current_1p78pct,interturn,1.78,False,43,694.9833043928576,fault_test,0.01639344262295082,True
3kW,3kW_turn_current_1p78pct,interturn,1.78,False,44,678.1613433001485,fault_test,0.01639344262295082,True
3kW,3kW_turn_current_1p78pct,interturn,1.78,False,45,847.5813130872929,fault_test,0.01639344262295082,True
3kW,3kW_turn_current_1p78pct,interturn,1.78,False,46,798.8379421989607,fault_test,0.01639344262295082,True
3kW,3kW_turn_current_1p78pct,interturn,1.78,False,47,690.9760506040132,fault_test,0.01639344262295082,True
3kW,3kW_turn_current_1p78pct,interturn,1.78,False,48,801.9349814122476,fault_test,0.01639344262295082,True
3kW,3kW_turn_current_1p78pct,interturn,1.78,False,49,670.5102444542456,fault_test,0.01639344262295082,True
3kW,3kW_turn_current_1p78pct,interturn,1.78,False,50,734.2743860381488,fault_test,0.01639344262295082,True
3kW,3kW_turn_current_1p78pct,interturn,1.78,False,51,565.9407832283495,fault_test,0.01639344262295082,True
3kW,3kW_turn_current_1p78pct,interturn,1.78,False,52,708.7575860375323,fault_test,0.01639344262295082,True
3kW,3kW_turn_current_1p78pct,interturn,1.78,False,53,664.6921528835136,fault_test,0.01639344262295082,True
3kW,3kW_turn_current_1p78pct,interturn,1.78,False,54,612.3471054521187,fault_test,0.01639344262295082,True
3kW,3kW_turn_current_1p78pct,interturn,1.78,False,55,618.9774138986534,fault_test,0.01639344262295082,True
3kW,3kW_turn_current_1p78pct,interturn,1.78,False,56,684.7472003760339,fault_test,0.01639344262295082,True
3kW,3kW_turn_current_1p78pct,interturn,1.78,False,57,669.8514583146451,fault_test,0.01639344262295082,True
3kW,3kW_turn_current_1p78pct,interturn,1.78,False,58,644.7608076329508,fault_test,0.01639344262295082,True
3kW,3kW_turn_current_1p78pct,interturn,1.78,False,59,844.4007847196021,fault_test,0.01639344262295082,True
3kW,3kW_turn_current_1p78pct,interturn,1.78,False,60,658.5437438950083,fault_test,0.01639344262295082,True
3kW,3kW_turn_current_1p78pct,interturn,1.78,False,61,634.648494099255,fault_test,0.01639344262295082,True
3kW,3kW_turn_current_1p78pct,interturn,1.78,False,62,876.4949624372346,fault_test,0.01639344262295082,True
3kW,3kW_turn_current_1p78pct,interturn,1.78,False,63,692.3750723274475,fault_test,0.01639344262295082,True
3kW,3kW_turn_current_1p78pct,interturn,1.78,False,64,646.8303084919492,fault_test,0.01639344262295082,True
3kW,3kW_turn_current_1p78pct,interturn,1.78,False,65,603.1151493523142,fault_test,0.01639344262295082,True
3kW,3kW_turn_current_1p78pct,interturn,1.78,False,66,682.4429807006669,fault_test,0.01639344262295082,True
3kW,3kW_turn_current_1p78pct,interturn,1.78,False,67,656.4948380165894,fault_test,0.01639344262295082,True
3kW,3kW_turn_current_1p78pct,interturn,1.78,False,68,811.1374457995536,fault_test,0.01639344262295082,True
3kW,3kW_turn_current_1p78pct,interturn,1.78,False,69,611.7072307086712,fault_test,0.01639344262295082,True
3kW,3kW_turn_current_1p78pct,interturn,1.78,False,70,729.4613960853651,fault_test,0.01639344262295082,True
3kW,3kW_turn_current_1p78pct,interturn,1.78,False,71,598.5647846860509,fault_test,0.01639344262295082,True
3kW,3kW_turn_current_1p78pct,interturn,1.78,False,72,618.4846147513731,fault_test,0.01639344262295082,True
3kW,3kW_turn_current_1p78pct,interturn,1.78,False,73,659.8345357115454,fault_test,0.01639344262295082,True
3kW,3kW_turn_current_1p78pct,interturn,1.78,False,74,717.0007871765316,fault_test,0.01639344262295082,True
3kW,3kW_turn_current_1p78pct,interturn,1.78,False,75,650.5559124993471,fault_test,0.01639344262295082,True
3kW,3kW_turn_current_1p78pct,interturn,1.78,False,76,674.1060628114241,fault_test,0.01639344262295082,True
3kW,3kW_turn_current_1p78pct,interturn,1.78,False,77,713.6172335553173,fault_test,0.01639344262295082,True
3kW,3kW_turn_current_1p78pct,interturn,1.78,False,78,655.7112601276275,fault_test,0.01639344262295082,True
3kW,3kW_turn_current_1p78pct,interturn,1.78,False,79,616.1329412548896,fault_test,0.01639344262295082,True
3kW,3kW_turn_current_1p78pct,interturn,1.78,False,80,760.9031145307786,fault_test,0.01639344262295082,True
3kW,3kW_turn_current_1p78pct,interturn,1.78,False,81,643.2018835477876,fault_test,0.01639344262295082,True
3kW,3kW_turn_current_1p78pct,interturn,1.78,False,82,765.5043080989466,fault_test,0.01639344262295082,True
3kW,3kW_turn_current_1p78pct,interturn,1.78,False,83,702.7388159994478,fault_test,0.01639344262295082,True
3kW,3kW_turn_current_1p78pct,interturn,1.78,False,84,692.96244777458,fault_test,0.01639344262295082,True
3kW,3kW_turn_current_1p78pct,interturn,1.78,False,85,632.2589547307634,fault_test,0.01639344262295082,True
3kW,3kW_turn_current_1p78pct,interturn,1.78,False,86,684.2969862888152,fault_test,0.01639344262295082,True
3kW,3kW_turn_current_1p78pct,interturn,1.78,False,87,590.1306601506609,fault_test,0.01639344262295082,True
3kW,3kW_turn_current_1p78pct,interturn,1.78,False,88,686.8424099822665,fault_test,0.01639344262295082,True
3kW,3kW_turn_current_1p78pct,interturn,1.78,False,89,682.0176025465502,fault_test,0.01639344262295082,True
3kW,3kW_turn_current_1p78pct,interturn,1.78,False,90,664.7226381131248,fault_test,0.01639344262295082,True
3kW,3kW_turn_current_1p78pct,interturn,1.78,False,91,612.1347924125861,fault_test,0.01639344262295082,True
3kW,3kW_turn_current_1p78pct,interturn,1.78,False,92,645.5029244823646,fault_test,0.01639344262295082,True
3kW,3kW_turn_current_1p78pct,interturn,1.78,False,93,599.6101086480514,fault_test,0.01639344262295082,True
3kW,3kW_turn_current_1p78pct,interturn,1.78,False,94,736.8740531881135,fault_test,0.01639344262295082,True
3kW,3kW_turn_current_1p78pct,interturn,1.78,False,95,602.2281319401033,fault_test,0.01639344262295082,True
3kW,3kW_turn_current_1p78pct,interturn,1.78,False,96,685.1656075506824,fault_test,0.01639344262295082,True
3kW,3kW_turn_current_1p78pct,interturn,1.78,False,97,695.1874251062989,fault_test,0.01639344262295082,True
3kW,3kW_turn_current_1p78pct,interturn,1.78,False,98,717.9016818702303,fault_test,0.01639344262295082,True
3kW,3kW_turn_current_1p78pct,interturn,1.78,False,99,675.3534704109121,fault_test,0.01639344262295082,True
3kW,3kW_turn_current_1p78pct,interturn,1.78,False,100,832.2954107643753,fault_test,0.01639344262295082,True
3kW,3kW_turn_current_1p78pct,interturn,1.78,False,101,610.4127008823706,fault_test,0.01639344262295082,True
3kW,3kW_turn_current_1p78pct,interturn,1.78,False,102,668.1973168677326,fault_test,0.01639344262295082,True
3kW,3kW_turn_current_1p78pct,interturn,1.78,False,103,724.8851976887628,fault_test,0.01639344262295082,True
3kW,3kW_turn_current_1p78pct,interturn,1.78,False,104,714.3205919073433,fault_test,0.01639344262295082,True
3kW,3kW_turn_current_1p78pct,interturn,1.78,False,105,751.887603776973,fault_test,0.01639344262295082,True
3kW,3kW_turn_current_1p78pct,interturn,1.78,False,106,673.129885746085,fault_test,0.01639344262295082,True
3kW,3kW_turn_current_1p78pct,interturn,1.78,False,107,653.29894548146,fault_test,0.01639344262295082,True
3kW,3kW_turn_current_1p78pct,interturn,1.78,False,108,613.8433671346844,fault_test,0.01639344262295082,True
3kW,3kW_turn_current_1p78pct,interturn,1.78,False,109,666.0280864303261,fault_test,0.01639344262295082,True
3kW,3kW_turn_current_1p78pct,interturn,1.78,False,110,613.8864949592696,fault_test,0.01639344262295082,True
3kW,3kW_turn_current_1p78pct,interturn,1.78,False,111,735.4424375879255,fault_test,0.01639344262295082,True
3kW,3kW_turn_current_1p78pct,interturn,1.78,False,112,650.804825586012,fault_test,0.01639344262295082,True
3kW,3kW_turn_current_1p78pct,interturn,1.78,False,113,717.0800184349314,fault_test,0.01639344262295082,True
3kW,3kW_turn_current_1p78pct,interturn,1.78,False,114,613.9982543033381,fault_test,0.01639344262295082,True
3kW,3kW_turn_current_1p78pct,interturn,1.78,False,115,622.2120659974768,fault_test,0.01639344262295082,True
3kW,3kW_turn_current_1p78pct,interturn,1.78,False,116,696.7357117220945,fault_test,0.01639344262295082,True
3kW,3kW_turn_current_1p78pct,interturn,1.78,False,117,858.3103339074628,fault_test,0.01639344262295082,True
3kW,3kW_turn_current_1p78pct,interturn,1.78,False,118,725.818287595639,fault_test,0.01639344262295082,True
3kW,3kW_turn_current_1p78pct,interturn,1.78,False,119,741.3822721212629,fault_test,0.01639344262295082,True
3kW,3kW_turn_current_2p13pct,interturn,2.13,False,0,806.4748964366242,fault_test,0.01639344262295082,True
3kW,3kW_turn_current_2p13pct,interturn,2.13,False,1,748.1455947807881,fault_test,0.01639344262295082,True
3kW,3kW_turn_current_2p13pct,interturn,2.13,False,2,820.3209547612017,fault_test,0.01639344262295082,True
3kW,3kW_turn_current_2p13pct,interturn,2.13,False,3,744.5334182652898,fault_test,0.01639344262295082,True
3kW,3kW_turn_current_2p13pct,interturn,2.13,False,4,796.5190248017797,fault_test,0.01639344262295082,True
3kW,3kW_turn_current_2p13pct,interturn,2.13,False,5,697.5156615910417,fault_test,0.01639344262295082,True
3kW,3kW_turn_current_2p13pct,interturn,2.13,False,6,943.563579929875,fault_test,0.01639344262295082,True
3kW,3kW_turn_current_2p13pct,interturn,2.13,False,7,852.79737911673,fault_test,0.01639344262295082,True
3kW,3kW_turn_current_2p13pct,interturn,2.13,False,8,762.8440531913673,fault_test,0.01639344262295082,True
3kW,3kW_turn_current_2p13pct,interturn,2.13,False,9,814.6688432010894,fault_test,0.01639344262295082,True
3kW,3kW_turn_current_2p13pct,interturn,2.13,False,10,601.8979645393683,fault_test,0.01639344262295082,True
3kW,3kW_turn_current_2p13pct,interturn,2.13,False,11,815.1407335961983,fault_test,0.01639344262295082,True
3kW,3kW_turn_current_2p13pct,interturn,2.13,False,12,638.7016746985955,fault_test,0.01639344262295082,True
3kW,3kW_turn_current_2p13pct,interturn,2.13,False,13,795.7258354112685,fault_test,0.01639344262295082,True
3kW,3kW_turn_current_2p13pct,interturn,2.13,False,14,799.3569509826677,fault_test,0.01639344262295082,True
3kW,3kW_turn_current_2p13pct,interturn,2.13,False,15,757.1686229522093,fault_test,0.01639344262295082,True
3kW,3kW_turn_current_2p13pct,interturn,2.13,False,16,672.8492286701055,fault_test,0.01639344262295082,True
3kW,3kW_turn_current_2p13pct,interturn,2.13,False,17,662.4536059568328,fault_test,0.01639344262295082,True
3kW,3kW_turn_current_2p13pct,interturn,2.13,False,18,698.0345802530333,fault_test,0.01639344262295082,True
3kW,3kW_turn_current_2p13pct,interturn,2.13,False,19,684.7179963444939,fault_test,0.01639344262295082,True
3kW,3kW_turn_current_2p13pct,interturn,2.13,False,20,704.3994726494814,fault_test,0.01639344262295082,True
3kW,3kW_turn_current_2p13pct,interturn,2.13,False,21,688.0850502604309,fault_test,0.01639344262295082,True
3kW,3kW_turn_current_2p13pct,interturn,2.13,False,22,757.0529722135192,fault_test,0.01639344262295082,True
3kW,3kW_turn_current_2p13pct,interturn,2.13,False,23,703.4771144592908,fault_test,0.01639344262295082,True
3kW,3kW_turn_current_2p13pct,interturn,2.13,False,24,797.4091550791459,fault_test,0.01639344262295082,True
3kW,3kW_turn_current_2p13pct,interturn,2.13,False,25,649.4974927304313,fault_test,0.01639344262295082,True
3kW,3kW_turn_current_2p13pct,interturn,2.13,False,26,742.4079007746595,fault_test,0.01639344262295082,True
3kW,3kW_turn_current_2p13pct,interturn,2.13,False,27,630.8865821839877,fault_test,0.01639344262295082,True
3kW,3kW_turn_current_2p13pct,interturn,2.13,False,28,636.5800635184869,fault_test,0.01639344262295082,True
3kW,3kW_turn_current_2p13pct,interturn,2.13,False,29,858.0135292980691,fault_test,0.01639344262295082,True
3kW,3kW_turn_current_2p13pct,interturn,2.13,False,30,669.1634109938665,fault_test,0.01639344262295082,True
3kW,3kW_turn_current_2p13pct,interturn,2.13,False,31,607.5342228572623,fault_test,0.01639344262295082,True
3kW,3kW_turn_current_2p13pct,interturn,2.13,False,32,675.1008054343506,fault_test,0.01639344262295082,True
3kW,3kW_turn_current_2p13pct,interturn,2.13,False,33,627.0688304484896,fault_test,0.01639344262295082,True
3kW,3kW_turn_current_2p13pct,interturn,2.13,False,34,592.7945748561116,fault_test,0.01639344262295082,True
3kW,3kW_turn_current_2p13pct,interturn,2.13,False,35,701.8256944936958,fault_test,0.01639344262295082,True
3kW,3kW_turn_current_2p13pct,interturn,2.13,False,36,732.1837035556412,fault_test,0.01639344262295082,True
3kW,3kW_turn_current_2p13pct,interturn,2.13,False,37,605.9885247993749,fault_test,0.01639344262295082,True
3kW,3kW_turn_current_2p13pct,interturn,2.13,False,38,695.2272063674906,fault_test,0.01639344262295082,True
3kW,3kW_turn_current_2p13pct,interturn,2.13,False,39,855.8306452157623,fault_test,0.01639344262295082,True
3kW,3kW_turn_current_2p13pct,interturn,2.13,False,40,754.9377258798164,fault_test,0.01639344262295082,True
3kW,3kW_turn_current_2p13pct,interturn,2.13,False,41,644.1065420357895,fault_test,0.01639344262295082,True
3kW,3kW_turn_current_2p13pct,interturn,2.13,False,42,779.67450852987,fault_test,0.01639344262295082,True
3kW,3kW_turn_current_2p13pct,interturn,2.13,False,43,947.0690549366338,fault_test,0.01639344262295082,True
3kW,3kW_turn_current_2p13pct,interturn,2.13,False,44,935.9518952357741,fault_test,0.01639344262295082,True
3kW,3kW_turn_current_2p13pct,interturn,2.13,False,45,760.1718825747757,fault_test,0.01639344262295082,True
3kW,3kW_turn_current_2p13pct,interturn,2.13,False,46,759.3947975575769,fault_test,0.01639344262295082,True
3kW,3kW_turn_current_2p13pct,interturn,2.13,False,47,765.3357678645356,fault_test,0.01639344262295082,True
3kW,3kW_turn_current_2p13pct,interturn,2.13,False,48,784.6248141235615,fault_test,0.01639344262295082,True
3kW,3kW_turn_current_2p13pct,interturn,2.13,False,49,780.1782832117806,fault_test,0.01639344262295082,True
3kW,3kW_turn_current_2p13pct,interturn,2.13,False,50,849.4275043100351,fault_test,0.01639344262295082,True
3kW,3kW_turn_current_2p13pct,interturn,2.13,False,51,705.0398012857278,fault_test,0.01639344262295082,True
3kW,3kW_turn_current_2p13pct,interturn,2.13,False,52,787.3379659379378,fault_test,0.01639344262295082,True
3kW,3kW_turn_current_2p13pct,interturn,2.13,False,53,745.7812833930078,fault_test,0.01639344262295082,True
3kW,3kW_turn_current_2p13pct,interturn,2.13,False,54,760.9358647921724,fault_test,0.01639344262295082,True
3kW,3kW_turn_current_2p13pct,interturn,2.13,False,55,796.7184875173047,fault_test,0.01639344262295082,True
3kW,3kW_turn_current_2p13pct,interturn,2.13,False,56,823.919801094673,fault_test,0.01639344262295082,True
3kW,3kW_turn_current_2p13pct,interturn,2.13,False,57,798.2806335397477,fault_test,0.01639344262295082,True
3kW,3kW_turn_current_2p13pct,interturn,2.13,False,58,633.4023962371153,fault_test,0.01639344262295082,True
3kW,3kW_turn_current_2p13pct,interturn,2.13,False,59,660.6143702592043,fault_test,0.01639344262295082,True
3kW,3kW_turn_current_2p13pct,interturn,2.13,False,60,729.7973256510605,fault_test,0.01639344262295082,True
3kW,3kW_turn_current_2p13pct,interturn,2.13,False,61,635.4505401230801,fault_test,0.01639344262295082,True
3kW,3kW_turn_current_2p13pct,interturn,2.13,False,62,680.7802340630487,fault_test,0.01639344262295082,True
3kW,3kW_turn_current_2p13pct,interturn,2.13,False,63,637.2828174174729,fault_test,0.01639344262295082,True
3kW,3kW_turn_current_2p13pct,interturn,2.13,False,64,687.1439402880377,fault_test,0.01639344262295082,True
3kW,3kW_turn_current_2p13pct,interturn,2.13,False,65,582.9991283909867,fault_test,0.01639344262295082,True
3kW,3kW_turn_current_2p13pct,interturn,2.13,False,66,729.159806536768,fault_test,0.01639344262295082,True
3kW,3kW_turn_current_2p13pct,interturn,2.13,False,67,710.7567221456728,fault_test,0.01639344262295082,True
3kW,3kW_turn_current_2p13pct,interturn,2.13,False,68,667.3400468677498,fault_test,0.01639344262295082,True
3kW,3kW_turn_current_2p13pct,interturn,2.13,False,69,659.6217479286188,fault_test,0.01639344262295082,True
3kW,3kW_turn_current_2p13pct,interturn,2.13,False,70,643.8279889494497,fault_test,0.01639344262295082,True
3kW,3kW_turn_current_2p13pct,interturn,2.13,False,71,671.0899079239493,fault_test,0.01639344262295082,True
3kW,3kW_turn_current_2p13pct,interturn,2.13,False,72,654.2423767128673,fault_test,0.01639344262295082,True
3kW,3kW_turn_current_2p13pct,interturn,2.13,False,73,620.7631484044144,fault_test,0.01639344262295082,True
3kW,3kW_turn_current_2p13pct,interturn,2.13,False,74,590.9772534224222,fault_test,0.01639344262295082,True
3kW,3kW_turn_current_2p13pct,interturn,2.13,False,75,665.1650788011391,fault_test,0.01639344262295082,True
3kW,3kW_turn_current_2p13pct,interturn,2.13,False,76,662.3299845855167,fault_test,0.01639344262295082,True
3kW,3kW_turn_current_2p13pct,interturn,2.13,False,77,728.0773800656776,fault_test,0.01639344262295082,True
3kW,3kW_turn_current_2p13pct,interturn,2.13,False,78,711.9262657790118,fault_test,0.01639344262295082,True
3kW,3kW_turn_current_2p13pct,interturn,2.13,False,79,719.5559554446071,fault_test,0.01639344262295082,True
3kW,3kW_turn_current_2p13pct,interturn,2.13,False,80,685.4498318582665,fault_test,0.01639344262295082,True
3kW,3kW_turn_current_2p13pct,interturn,2.13,False,81,682.0568627709106,fault_test,0.01639344262295082,True
3kW,3kW_turn_current_2p13pct,interturn,2.13,False,82,676.0794496847849,fault_test,0.01639344262295082,True
3kW,3kW_turn_current_2p13pct,interturn,2.13,False,83,637.5446007429753,fault_test,0.01639344262295082,True
3kW,3kW_turn_current_2p13pct,interturn,2.13,False,84,669.6618854545499,fault_test,0.01639344262295082,True
3kW,3kW_turn_current_2p13pct,interturn,2.13,False,85,661.6182093325892,fault_test,0.01639344262295082,True
3kW,3kW_turn_current_2p13pct,interturn,2.13,False,86,686.334598096655,fault_test,0.01639344262295082,True
3kW,3kW_turn_current_2p13pct,interturn,2.13,False,87,644.523924778814,fault_test,0.01639344262295082,True
3kW,3kW_turn_current_2p13pct,interturn,2.13,False,88,949.2835794114453,fault_test,0.01639344262295082,True
3kW,3kW_turn_current_2p13pct,interturn,2.13,False,89,645.1418224976443,fault_test,0.01639344262295082,True
3kW,3kW_turn_current_2p13pct,interturn,2.13,False,90,773.9954141101097,fault_test,0.01639344262295082,True
3kW,3kW_turn_current_2p13pct,interturn,2.13,False,91,651.6599508204708,fault_test,0.01639344262295082,True
3kW,3kW_turn_current_2p13pct,interturn,2.13,False,92,645.4601247339078,fault_test,0.01639344262295082,True
3kW,3kW_turn_current_2p13pct,interturn,2.13,False,93,686.0056842085611,fault_test,0.01639344262295082,True
3kW,3kW_turn_current_2p13pct,interturn,2.13,False,94,638.6855939671805,fault_test,0.01639344262295082,True
3kW,3kW_turn_current_2p13pct,interturn,2.13,False,95,568.1648694584757,fault_test,0.01639344262295082,True
3kW,3kW_turn_current_2p13pct,interturn,2.13,False,96,836.6036844484206,fault_test,0.01639344262295082,True
3kW,3kW_turn_current_2p13pct,interturn,2.13,False,97,723.5729501337576,fault_test,0.01639344262295082,True
3kW,3kW_turn_current_2p13pct,interturn,2.13,False,98,731.9766900959066,fault_test,0.01639344262295082,True
3kW,3kW_turn_current_2p13pct,interturn,2.13,False,99,575.2580962054656,fault_test,0.01639344262295082,True
3kW,3kW_turn_current_2p13pct,interturn,2.13,False,100,587.0802127457936,fault_test,0.01639344262295082,True
3kW,3kW_turn_current_2p13pct,interturn,2.13,False,101,663.4798870548391,fault_test,0.01639344262295082,True
3kW,3kW_turn_current_2p13pct,interturn,2.13,False,102,762.4226475113301,fault_test,0.01639344262295082,True
3kW,3kW_turn_current_2p13pct,interturn,2.13,False,103,726.9860209126059,fault_test,0.01639344262295082,True
3kW,3kW_turn_current_2p13pct,interturn,2.13,False,104,613.8284254125059,fault_test,0.01639344262295082,True
3kW,3kW_turn_current_2p13pct,interturn,2.13,False,105,730.6923606322224,fault_test,0.01639344262295082,True
3kW,3kW_turn_current_2p13pct,interturn,2.13,False,106,698.2228581068518,fault_test,0.01639344262295082,True
3kW,3kW_turn_current_2p13pct,interturn,2.13,False,107,669.0918725541841,fault_test,0.01639344262295082,True
3kW,3kW_turn_current_2p13pct,interturn,2.13,False,108,690.9747741143793,fault_test,0.01639344262295082,True
3kW,3kW_turn_current_2p13pct,interturn,2.13,False,109,757.6975916481323,fault_test,0.01639344262295082,True
3kW,3kW_turn_current_2p13pct,interturn,2.13,False,110,591.9355999884607,fault_test,0.01639344262295082,True
3kW,3kW_turn_current_2p13pct,interturn,2.13,False,111,586.2696132443043,fault_test,0.01639344262295082,True
3kW,3kW_turn_current_2p13pct,interturn,2.13,False,112,721.053909072625,fault_test,0.01639344262295082,True
3kW,3kW_turn_current_2p13pct,interturn,2.13,False,113,643.0636824742797,fault_test,0.01639344262295082,True
3kW,3kW_turn_current_2p13pct,interturn,2.13,False,114,744.7518039821922,fault_test,0.01639344262295082,True
3kW,3kW_turn_current_2p13pct,interturn,2.13,False,115,697.0153888730719,fault_test,0.01639344262295082,True
3kW,3kW_turn_current_2p13pct,interturn,2.13,False,116,621.08069469261,fault_test,0.01639344262295082,True
3kW,3kW_turn_current_2p13pct,interturn,2.13,False,117,801.7114019229199,fault_test,0.01639344262295082,True
3kW,3kW_turn_current_2p13pct,interturn,2.13,False,118,650.6435995188384,fault_test,0.01639344262295082,True
3kW,3kW_turn_current_2p13pct,interturn,2.13,False,119,623.8807221382833,fault_test,0.01639344262295082,True
3kW,3kW_turn_current_2p65pct,interturn,2.65,False,0,291.9768368090297,fault_test,0.01639344262295082,True
3kW,3kW_turn_current_2p65pct,interturn,2.65,False,1,172.62506923784264,fault_test,0.01639344262295082,True
3kW,3kW_turn_current_2p65pct,interturn,2.65,False,2,182.9018596473444,fault_test,0.01639344262295082,True
3kW,3kW_turn_current_2p65pct,interturn,2.65,False,3,203.79391493248653,fault_test,0.01639344262295082,True
3kW,3kW_turn_current_2p65pct,interturn,2.65,False,4,136.81187694059471,fault_test,0.08196721311475409,False
3kW,3kW_turn_current_2p65pct,interturn,2.65,False,5,152.58166883922627,fault_test,0.03278688524590164,True
3kW,3kW_turn_current_2p65pct,interturn,2.65,False,6,184.88196204779663,fault_test,0.01639344262295082,True
3kW,3kW_turn_current_2p65pct,interturn,2.65,False,7,124.31939692299093,fault_test,0.16393442622950818,False
3kW,3kW_turn_current_2p65pct,interturn,2.65,False,8,207.4956486698298,fault_test,0.01639344262295082,True
3kW,3kW_turn_current_2p65pct,interturn,2.65,False,9,88.27766750744763,fault_test,0.4262295081967213,False
3kW,3kW_turn_current_2p65pct,interturn,2.65,False,10,138.26387472321971,fault_test,0.08196721311475409,False
3kW,3kW_turn_current_2p65pct,interturn,2.65,False,11,171.67049603140876,fault_test,0.03278688524590164,True
3kW,3kW_turn_current_2p65pct,interturn,2.65,False,12,110.4479478034269,fault_test,0.2786885245901639,False
3kW,3kW_turn_current_2p65pct,interturn,2.65,False,13,145.18155357042136,fault_test,0.06557377049180328,False
3kW,3kW_turn_current_2p65pct,interturn,2.65,False,14,203.83692106312833,fault_test,0.01639344262295082,True
3kW,3kW_turn_current_2p65pct,interturn,2.65,False,15,110.66412726919648,fault_test,0.2786885245901639,False
3kW,3kW_turn_current_2p65pct,interturn,2.65,False,16,299.9399930314139,fault_test,0.01639344262295082,True
3kW,3kW_turn_current_2p65pct,interturn,2.65,False,17,177.91146757983705,fault_test,0.01639344262295082,True
3kW,3kW_turn_current_2p65pct,interturn,2.65,False,18,163.5918588251778,fault_test,0.03278688524590164,True
3kW,3kW_turn_current_2p65pct,interturn,2.65,False,19,217.21354692665835,fault_test,0.01639344262295082,True
3kW,3kW_turn_current_2p65pct,interturn,2.65,False,20,162.15993549420799,fault_test,0.03278688524590164,True
3kW,3kW_turn_current_2p65pct,interturn,2.65,False,21,228.0275492920149,fault_test,0.01639344262295082,True
3kW,3kW_turn_current_2p65pct,interturn,2.65,False,22,157.89362580672793,fault_test,0.03278688524590164,True
3kW,3kW_turn_current_2p65pct,interturn,2.65,False,23,136.1123713642196,fault_test,0.08196721311475409,False
3kW,3kW_turn_current_2p65pct,interturn,2.65,False,24,219.28730611436717,fault_test,0.01639344262295082,True
3kW,3kW_turn_current_2p65pct,interturn,2.65,False,25,99.90413165940616,fault_test,0.32786885245901637,False
3kW,3kW_turn_current_2p65pct,interturn,2.65,False,26,116.6688500387137,fault_test,0.22950819672131148,False
3kW,3kW_turn_current_2p65pct,interturn,2.65,False,27,223.3332989748909,fault_test,0.01639344262295082,True
3kW,3kW_turn_current_2p65pct,interturn,2.65,False,28,126.74931519316549,fault_test,0.13114754098360656,False
3kW,3kW_turn_current_2p65pct,interturn,2.65,False,29,125.78817387954979,fault_test,0.13114754098360656,False
3kW,3kW_turn_current_2p65pct,interturn,2.65,False,30,147.37992311389985,fault_test,0.04918032786885246,True
3kW,3kW_turn_current_2p65pct,interturn,2.65,False,31,142.16576758701464,fault_test,0.06557377049180328,False
3kW,3kW_turn_current_2p65pct,interturn,2.65,False,32,182.52510015717627,fault_test,0.01639344262295082,True
3kW,3kW_turn_current_2p65pct,interturn,2.65,False,33,131.9982417585034,fault_test,0.08196721311475409,False
3kW,3kW_turn_current_2p65pct,interturn,2.65,False,34,157.41183425582818,fault_test,0.03278688524590164,True
3kW,3kW_turn_current_2p65pct,interturn,2.65,False,35,286.1798848544237,fault_test,0.01639344262295082,True
3kW,3kW_turn_current_2p65pct,interturn,2.65,False,36,118.67361946860805,fault_test,0.21311475409836064,False
3kW,3kW_turn_current_2p65pct,interturn,2.65,False,37,282.9191001980197,fault_test,0.01639344262295082,True
3kW,3kW_turn_current_2p65pct,interturn,2.65,False,38,302.15951272888685,fault_test,0.01639344262295082,True
3kW,3kW_turn_current_2p65pct,interturn,2.65,False,39,120.5963769682679,fault_test,0.21311475409836064,False
3kW,3kW_turn_current_2p65pct,interturn,2.65,False,40,211.50105110982418,fault_test,0.01639344262295082,True
3kW,3kW_turn_current_2p65pct,interturn,2.65,False,41,139.1514564179279,fault_test,0.08196721311475409,False
3kW,3kW_turn_current_2p65pct,interturn,2.65,False,42,128.20277878222575,fault_test,0.11475409836065574,False
3kW,3kW_turn_current_2p65pct,interturn,2.65,False,43,196.0353072991943,fault_test,0.01639344262295082,True
3kW,3kW_turn_current_2p65pct,interturn,2.65,False,44,127.97780026935516,fault_test,0.11475409836065574,False
3kW,3kW_turn_current_2p65pct,interturn,2.65,False,45,138.68347096057434,fault_test,0.08196721311475409,False
3kW,3kW_turn_current_2p65pct,interturn,2.65,False,46,207.59890739756727,fault_test,0.01639344262295082,True
3kW,3kW_turn_current_2p65pct,interturn,2.65,False,47,103.80758466164129,fault_test,0.29508196721311475,False
3kW,3kW_turn_current_2p65pct,interturn,2.65,False,48,255.8927565286175,fault_test,0.01639344262295082,True
3kW,3kW_turn_current_2p65pct,interturn,2.65,False,49,206.1881541861399,fault_test,0.01639344262295082,True
3kW,3kW_turn_current_2p65pct,interturn,2.65,False,50,97.81351341131605,fault_test,0.3770491803278688,False
3kW,3kW_turn_current_2p65pct,interturn,2.65,False,51,139.72189026427475,fault_test,0.08196721311475409,False
3kW,3kW_turn_current_2p65pct,interturn,2.65,False,52,143.33915036760368,fault_test,0.06557377049180328,False
3kW,3kW_turn_current_2p65pct,interturn,2.65,False,53,194.34772563706414,fault_test,0.01639344262295082,True
3kW,3kW_turn_current_2p65pct,interturn,2.65,False,54,178.85713894505554,fault_test,0.01639344262295082,True
3kW,3kW_turn_current_2p65pct,interturn,2.65,False,55,145.21692754585808,fault_test,0.06557377049180328,False
3kW,3kW_turn_current_2p65pct,interturn,2.65,False,56,171.53075652398857,fault_test,0.03278688524590164,True
3kW,3kW_turn_current_2p65pct,interturn,2.65,False,57,163.41733511922035,fault_test,0.03278688524590164,True
3kW,3kW_turn_current_2p65pct,interturn,2.65,False,58,160.11543051979646,fault_test,0.03278688524590164,True
3kW,3kW_turn_current_2p65pct,interturn,2.65,False,59,175.42828376421258,fault_test,0.01639344262295082,True
3kW,3kW_turn_current_2p65pct,interturn,2.65,False,60,110.91682938232451,fault_test,0.2786885245901639,False
3kW,3kW_turn_current_2p65pct,interturn,2.65,False,61,196.89132894858528,fault_test,0.01639344262295082,True
3kW,3kW_turn_current_2p65pct,interturn,2.65,False,62,279.00759711845586,fault_test,0.01639344262295082,True
3kW,3kW_turn_current_2p65pct,interturn,2.65,False,63,111.08156791233853,fault_test,0.2786885245901639,False
3kW,3kW_turn_current_2p65pct,interturn,2.65,False,64,161.7130565636746,fault_test,0.03278688524590164,True
3kW,3kW_turn_current_2p65pct,interturn,2.65,False,65,226.534114222927,fault_test,0.01639344262295082,True
3kW,3kW_turn_current_2p65pct,interturn,2.65,False,66,131.36875069975775,fault_test,0.09836065573770492,False
3kW,3kW_turn_current_2p65pct,interturn,2.65,False,67,260.06335864138515,fault_test,0.01639344262295082,True
3kW,3kW_turn_current_2p65pct,interturn,2.65,False,68,228.87475701452823,fault_test,0.01639344262295082,True
3kW,3kW_turn_current_2p65pct,interturn,2.65,False,69,182.5591998594967,fault_test,0.01639344262295082,True
3kW,3kW_turn_current_2p65pct,interturn,2.65,False,70,223.63929523094015,fault_test,0.01639344262295082,True
3kW,3kW_turn_current_2p65pct,interturn,2.65,False,71,144.19287444120422,fault_test,0.06557377049180328,False
3kW,3kW_turn_current_2p65pct,interturn,2.65,False,72,187.97485477424067,fault_test,0.01639344262295082,True
3kW,3kW_turn_current_2p65pct,interturn,2.65,False,73,208.56797299827468,fault_test,0.01639344262295082,True
3kW,3kW_turn_current_2p65pct,interturn,2.65,False,74,135.27941194062916,fault_test,0.08196721311475409,False
3kW,3kW_turn_current_2p65pct,interturn,2.65,False,75,244.5539606577234,fault_test,0.01639344262295082,True
3kW,3kW_turn_current_2p65pct,interturn,2.65,False,76,105.99254910907786,fault_test,0.2786885245901639,False
3kW,3kW_turn_current_2p65pct,interturn,2.65,False,77,161.8760700760738,fault_test,0.03278688524590164,True
3kW,3kW_turn_current_2p65pct,interturn,2.65,False,78,215.16622702994817,fault_test,0.01639344262295082,True
3kW,3kW_turn_current_2p65pct,interturn,2.65,False,79,101.82703331752614,fault_test,0.3114754098360656,False
3kW,3kW_turn_current_2p65pct,interturn,2.65,False,80,137.12415163492676,fault_test,0.08196721311475409,False
3kW,3kW_turn_current_2p65pct,interturn,2.65,False,81,320.86946839487655,fault_test,0.01639344262295082,True
3kW,3kW_turn_current_2p65pct,interturn,2.65,False,82,141.5888802467415,fault_test,0.08196721311475409,False
3kW,3kW_turn_current_2p65pct,interturn,2.65,False,83,171.87338574275856,fault_test,0.03278688524590164,True
3kW,3kW_turn_current_2p65pct,interturn,2.65,False,84,138.4590707712398,fault_test,0.08196721311475409,False
3kW,3kW_turn_current_2p65pct,interturn,2.65,False,85,134.66283186513394,fault_test,0.08196721311475409,False
3kW,3kW_turn_current_2p65pct,interturn,2.65,False,86,163.48231036893523,fault_test,0.03278688524590164,True
3kW,3kW_turn_current_2p65pct,interturn,2.65,False,87,161.6390204457196,fault_test,0.03278688524590164,True
3kW,3kW_turn_current_2p65pct,interturn,2.65,False,88,199.08665160221142,fault_test,0.01639344262295082,True
3kW,3kW_turn_current_2p65pct,interturn,2.65,False,89,136.69300971081117,fault_test,0.08196721311475409,False
3kW,3kW_turn_current_2p65pct,interturn,2.65,False,90,122.956868409623,fault_test,0.21311475409836064,False
3kW,3kW_turn_current_2p65pct,interturn,2.65,False,91,218.23581779534666,fault_test,0.01639344262295082,True
3kW,3kW_turn_current_2p65pct,interturn,2.65,False,92,154.30061462482442,fault_test,0.03278688524590164,True
3kW,3kW_turn_current_2p65pct,interturn,2.65,False,93,144.77992392764915,fault_test,0.06557377049180328,False
3kW,3kW_turn_current_2p65pct,interturn,2.65,False,94,191.41478556982756,fault_test,0.01639344262295082,True
3kW,3kW_turn_current_2p65pct,interturn,2.65,False,95,149.3479410670146,fault_test,0.04918032786885246,True
3kW,3kW_turn_current_2p65pct,interturn,2.65,False,96,147.05331418328046,fault_test,0.06557377049180328,False
3kW,3kW_turn_current_2p65pct,interturn,2.65,False,97,242.17500562932236,fault_test,0.01639344262295082,True
3kW,3kW_turn_current_2p65pct,interturn,2.65,False,98,128.90406745903235,fault_test,0.09836065573770492,False
3kW,3kW_turn_current_2p65pct,interturn,2.65,False,99,144.37731006790668,fault_test,0.06557377049180328,False
3kW,3kW_turn_current_2p65pct,interturn,2.65,False,100,177.5314395619154,fault_test,0.01639344262295082,True
3kW,3kW_turn_current_2p65pct,interturn,2.65,False,101,148.86883634461145,fault_test,0.04918032786885246,True
3kW,3kW_turn_current_2p65pct,interturn,2.65,False,102,309.5835502595612,fault_test,0.01639344262295082,True
3kW,3kW_turn_current_2p65pct,interturn,2.65,False,103,155.06269550758228,fault_test,0.03278688524590164,True
3kW,3kW_turn_current_2p65pct,interturn,2.65,False,104,135.6899911102932,fault_test,0.08196721311475409,False
3kW,3kW_turn_current_2p65pct,interturn,2.65,False,105,148.48959966197964,fault_test,0.04918032786885246,True
3kW,3kW_turn_current_2p65pct,interturn,2.65,False,106,127.19132491403973,fault_test,0.13114754098360656,False
3kW,3kW_turn_current_2p65pct,interturn,2.65,False,107,110.00976149690345,fault_test,0.2786885245901639,False
3kW,3kW_turn_current_2p65pct,interturn,2.65,False,108,157.86423638482984,fault_test,0.03278688524590164,True
3kW,3kW_turn_current_2p65pct,interturn,2.65,False,109,130.92447006340103,fault_test,0.09836065573770492,False
3kW,3kW_turn_current_2p65pct,interturn,2.65,False,110,163.33556587236984,fault_test,0.03278688524590164,True
3kW,3kW_turn_current_2p65pct,interturn,2.65,False,111,100.60906163388081,fault_test,0.3114754098360656,False
3kW,3kW_turn_current_2p65pct,interturn,2.65,False,112,129.6717155529859,fault_test,0.09836065573770492,False
3kW,3kW_turn_current_2p65pct,interturn,2.65,False,113,198.27717025754723,fault_test,0.01639344262295082,True
3kW,3kW_turn_current_2p65pct,interturn,2.65,False,114,114.43615466252133,fault_test,0.2459016393442623,False
3kW,3kW_turn_current_2p65pct,interturn,2.65,False,115,233.30795202311594,fault_test,0.01639344262295082,True
3kW,3kW_turn_current_2p65pct,interturn,2.65,False,116,186.5688993149806,fault_test,0.01639344262295082,True
3kW,3kW_turn_current_2p65pct,interturn,2.65,False,117,136.02669140109705,fault_test,0.08196721311475409,False
3kW,3kW_turn_current_2p65pct,interturn,2.65,False,118,179.46731060454266,fault_test,0.01639344262295082,True
3kW,3kW_turn_current_2p65pct,interturn,2.65,False,119,139.7896875466674,fault_test,0.08196721311475409,False
3kW,3kW_turn_current_3p5pct,interturn,3.5,False,0,700.5229973983276,fault_test,0.01639344262295082,True
3kW,3kW_turn_current_3p5pct,interturn,3.5,False,1,742.411159297197,fault_test,0.01639344262295082,True
3kW,3kW_turn_current_3p5pct,interturn,3.5,False,2,725.5009050940635,fault_test,0.01639344262295082,True
3kW,3kW_turn_current_3p5pct,interturn,3.5,False,3,710.773295761389,fault_test,0.01639344262295082,True
3kW,3kW_turn_current_3p5pct,interturn,3.5,False,4,697.2854959180231,fault_test,0.01639344262295082,True
3kW,3kW_turn_current_3p5pct,interturn,3.5,False,5,709.8313907460151,fault_test,0.01639344262295082,True
3kW,3kW_turn_current_3p5pct,interturn,3.5,False,6,591.1860800434313,fault_test,0.01639344262295082,True
3kW,3kW_turn_current_3p5pct,interturn,3.5,False,7,624.0256254583751,fault_test,0.01639344262295082,True
3kW,3kW_turn_current_3p5pct,interturn,3.5,False,8,667.4221296798092,fault_test,0.01639344262295082,True
3kW,3kW_turn_current_3p5pct,interturn,3.5,False,9,707.089568180937,fault_test,0.01639344262295082,True
3kW,3kW_turn_current_3p5pct,interturn,3.5,False,10,683.2256052226027,fault_test,0.01639344262295082,True
3kW,3kW_turn_current_3p5pct,interturn,3.5,False,11,683.9035857357649,fault_test,0.01639344262295082,True
3kW,3kW_turn_current_3p5pct,interturn,3.5,False,12,671.2336879853796,fault_test,0.01639344262295082,True
3kW,3kW_turn_current_3p5pct,interturn,3.5,False,13,640.9408801642363,fault_test,0.01639344262295082,True
3kW,3kW_turn_current_3p5pct,interturn,3.5,False,14,673.7406152093369,fault_test,0.01639344262295082,True
3kW,3kW_turn_current_3p5pct,interturn,3.5,False,15,750.2554470811066,fault_test,0.01639344262295082,True
3kW,3kW_turn_current_3p5pct,interturn,3.5,False,16,670.0797051787833,fault_test,0.01639344262295082,True
3kW,3kW_turn_current_3p5pct,interturn,3.5,False,17,639.0093637769874,fault_test,0.01639344262295082,True
3kW,3kW_turn_current_3p5pct,interturn,3.5,False,18,665.5886889281807,fault_test,0.01639344262295082,True
3kW,3kW_turn_current_3p5pct,interturn,3.5,False,19,662.4857935873438,fault_test,0.01639344262295082,True
3kW,3kW_turn_current_3p5pct,interturn,3.5,False,20,665.1502555466706,fault_test,0.01639344262295082,True
3kW,3kW_turn_current_3p5pct,interturn,3.5,False,21,633.8163309087569,fault_test,0.01639344262295082,True
3kW,3kW_turn_current_3p5pct,interturn,3.5,False,22,648.1520033844705,fault_test,0.01639344262295082,True
3kW,3kW_turn_current_3p5pct,interturn,3.5,False,23,682.0130718523803,fault_test,0.01639344262295082,True
3kW,3kW_turn_current_3p5pct,interturn,3.5,False,24,688.6296332991377,fault_test,0.01639344262295082,True
3kW,3kW_turn_current_3p5pct,interturn,3.5,False,25,617.3853817826309,fault_test,0.01639344262295082,True
3kW,3kW_turn_current_3p5pct,interturn,3.5,False,26,577.7867579161939,fault_test,0.01639344262295082,True
3kW,3kW_turn_current_3p5pct,interturn,3.5,False,27,769.3039834796319,fault_test,0.01639344262295082,True
3kW,3kW_turn_current_3p5pct,interturn,3.5,False,28,570.5142523014703,fault_test,0.01639344262295082,True
3kW,3kW_turn_current_3p5pct,interturn,3.5,False,29,663.7286850063942,fault_test,0.01639344262295082,True
3kW,3kW_turn_current_3p5pct,interturn,3.5,False,30,877.5373543275127,fault_test,0.01639344262295082,True
3kW,3kW_turn_current_3p5pct,interturn,3.5,False,31,840.2258401306004,fault_test,0.01639344262295082,True
3kW,3kW_turn_current_3p5pct,interturn,3.5,False,32,663.1191335471025,fault_test,0.01639344262295082,True
3kW,3kW_turn_current_3p5pct,interturn,3.5,False,33,606.4381968999791,fault_test,0.01639344262295082,True
3kW,3kW_turn_current_3p5pct,interturn,3.5,False,34,783.8080006413303,fault_test,0.01639344262295082,True
3kW,3kW_turn_current_3p5pct,interturn,3.5,False,35,682.2911054460192,fault_test,0.01639344262295082,True
3kW,3kW_turn_current_3p5pct,interturn,3.5,False,36,602.7646097586428,fault_test,0.01639344262295082,True
3kW,3kW_turn_current_3p5pct,interturn,3.5,False,37,677.2183059304225,fault_test,0.01639344262295082,True
3kW,3kW_turn_current_3p5pct,interturn,3.5,False,38,725.907615697843,fault_test,0.01639344262295082,True
3kW,3kW_turn_current_3p5pct,interturn,3.5,False,39,712.2378071645345,fault_test,0.01639344262295082,True
3kW,3kW_turn_current_3p5pct,interturn,3.5,False,40,588.8916056193225,fault_test,0.01639344262295082,True
3kW,3kW_turn_current_3p5pct,interturn,3.5,False,41,633.2815408931277,fault_test,0.01639344262295082,True
3kW,3kW_turn_current_3p5pct,interturn,3.5,False,42,698.4470977215669,fault_test,0.01639344262295082,True
3kW,3kW_turn_current_3p5pct,interturn,3.5,False,43,707.8133845332064,fault_test,0.01639344262295082,True
3kW,3kW_turn_current_3p5pct,interturn,3.5,False,44,687.2263189888997,fault_test,0.01639344262295082,True
3kW,3kW_turn_current_3p5pct,interturn,3.5,False,45,635.3339361496186,fault_test,0.01639344262295082,True
3kW,3kW_turn_current_3p5pct,interturn,3.5,False,46,726.788996032278,fault_test,0.01639344262295082,True
3kW,3kW_turn_current_3p5pct,interturn,3.5,False,47,638.0907438232007,fault_test,0.01639344262295082,True
3kW,3kW_turn_current_3p5pct,interturn,3.5,False,48,811.410084516591,fault_test,0.01639344262295082,True
3kW,3kW_turn_current_3p5pct,interturn,3.5,False,49,638.8646138576426,fault_test,0.01639344262295082,True
3kW,3kW_turn_current_3p5pct,interturn,3.5,False,50,642.8178626076766,fault_test,0.01639344262295082,True
3kW,3kW_turn_current_3p5pct,interturn,3.5,False,51,671.2874973634928,fault_test,0.01639344262295082,True
3kW,3kW_turn_current_3p5pct,interturn,3.5,False,52,724.8694819241848,fault_test,0.01639344262295082,True
3kW,3kW_turn_current_3p5pct,interturn,3.5,False,53,645.2075753056541,fault_test,0.01639344262295082,True
3kW,3kW_turn_current_3p5pct,interturn,3.5,False,54,641.1072907075809,fault_test,0.01639344262295082,True
3kW,3kW_turn_current_3p5pct,interturn,3.5,False,55,715.4771283032206,fault_test,0.01639344262295082,True
3kW,3kW_turn_current_3p5pct,interturn,3.5,False,56,661.9220217400014,fault_test,0.01639344262295082,True
3kW,3kW_turn_current_3p5pct,interturn,3.5,False,57,728.6705990291898,fault_test,0.01639344262295082,True
3kW,3kW_turn_current_3p5pct,interturn,3.5,False,58,635.0382985463248,fault_test,0.01639344262295082,True
3kW,3kW_turn_current_3p5pct,interturn,3.5,False,59,644.8725238854937,fault_test,0.01639344262295082,True
3kW,3kW_turn_current_3p5pct,interturn,3.5,False,60,626.9221734571886,fault_test,0.01639344262295082,True
3kW,3kW_turn_current_3p5pct,interturn,3.5,False,61,674.4774448657726,fault_test,0.01639344262295082,True
3kW,3kW_turn_current_3p5pct,interturn,3.5,False,62,663.7153733915378,fault_test,0.01639344262295082,True
3kW,3kW_turn_current_3p5pct,interturn,3.5,False,63,724.5712138582412,fault_test,0.01639344262295082,True
3kW,3kW_turn_current_3p5pct,interturn,3.5,False,64,641.2612602887059,fault_test,0.01639344262295082,True
3kW,3kW_turn_current_3p5pct,interturn,3.5,False,65,587.3907691162538,fault_test,0.01639344262295082,True
3kW,3kW_turn_current_3p5pct,interturn,3.5,False,66,701.6503658366722,fault_test,0.01639344262295082,True
3kW,3kW_turn_current_3p5pct,interturn,3.5,False,67,681.3778655480828,fault_test,0.01639344262295082,True
3kW,3kW_turn_current_3p5pct,interturn,3.5,False,68,603.0331150159088,fault_test,0.01639344262295082,True
3kW,3kW_turn_current_3p5pct,interturn,3.5,False,69,682.035893793483,fault_test,0.01639344262295082,True
3kW,3kW_turn_current_3p5pct,interturn,3.5,False,70,568.1338586894192,fault_test,0.01639344262295082,True
3kW,3kW_turn_current_3p5pct,interturn,3.5,False,71,713.1282691442498,fault_test,0.01639344262295082,True
3kW,3kW_turn_current_3p5pct,interturn,3.5,False,72,603.7428330814054,fault_test,0.01639344262295082,True
3kW,3kW_turn_current_3p5pct,interturn,3.5,False,73,609.2584755361154,fault_test,0.01639344262295082,True
3kW,3kW_turn_current_3p5pct,interturn,3.5,False,74,637.2188184639302,fault_test,0.01639344262295082,True
3kW,3kW_turn_current_3p5pct,interturn,3.5,False,75,681.3666577566014,fault_test,0.01639344262295082,True
3kW,3kW_turn_current_3p5pct,interturn,3.5,False,76,650.3212614906112,fault_test,0.01639344262295082,True
3kW,3kW_turn_current_3p5pct,interturn,3.5,False,77,776.8311660968737,fault_test,0.01639344262295082,True
3kW,3kW_turn_current_3p5pct,interturn,3.5,False,78,674.0657123968373,fault_test,0.01639344262295082,True
3kW,3kW_turn_current_3p5pct,interturn,3.5,False,79,685.541610266007,fault_test,0.01639344262295082,True
3kW,3kW_turn_current_3p5pct,interturn,3.5,False,80,675.8401002476227,fault_test,0.01639344262295082,True
3kW,3kW_turn_current_3p5pct,interturn,3.5,False,81,705.7839614736044,fault_test,0.01639344262295082,True
3kW,3kW_turn_current_3p5pct,interturn,3.5,False,82,642.6211999666796,fault_test,0.01639344262295082,True
3kW,3kW_turn_current_3p5pct,interturn,3.5,False,83,657.0193077227984,fault_test,0.01639344262295082,True
3kW,3kW_turn_current_3p5pct,interturn,3.5,False,84,684.9188175382244,fault_test,0.01639344262295082,True
3kW,3kW_turn_current_3p5pct,interturn,3.5,False,85,604.5070969058859,fault_test,0.01639344262295082,True
3kW,3kW_turn_current_3p5pct,interturn,3.5,False,86,626.8776970915033,fault_test,0.01639344262295082,True
3kW,3kW_turn_current_3p5pct,interturn,3.5,False,87,624.8646862547362,fault_test,0.01639344262295082,True
3kW,3kW_turn_current_3p5pct,interturn,3.5,False,88,623.0905818816736,fault_test,0.01639344262295082,True
3kW,3kW_turn_current_3p5pct,interturn,3.5,False,89,622.5896736335067,fault_test,0.01639344262295082,True
3kW,3kW_turn_current_3p5pct,interturn,3.5,False,90,779.7521984378322,fault_test,0.01639344262295082,True
3kW,3kW_turn_current_3p5pct,interturn,3.5,False,91,584.2249413129371,fault_test,0.01639344262295082,True
3kW,3kW_turn_current_3p5pct,interturn,3.5,False,92,721.9786531436365,fault_test,0.01639344262295082,True
3kW,3kW_turn_current_3p5pct,interturn,3.5,False,93,594.2579195309154,fault_test,0.01639344262295082,True
3kW,3kW_turn_current_3p5pct,interturn,3.5,False,94,631.8844887106046,fault_test,0.01639344262295082,True
3kW,3kW_turn_current_3p5pct,interturn,3.5,False,95,678.5612809432318,fault_test,0.01639344262295082,True
3kW,3kW_turn_current_3p5pct,interturn,3.5,False,96,682.4933567325935,fault_test,0.01639344262295082,True
3kW,3kW_turn_current_3p5pct,interturn,3.5,False,97,611.9826197552454,fault_test,0.01639344262295082,True
3kW,3kW_turn_current_3p5pct,interturn,3.5,False,98,731.5668355819145,fault_test,0.01639344262295082,True
3kW,3kW_turn_current_3p5pct,interturn,3.5,False,99,648.0807891712062,fault_test,0.01639344262295082,True
3kW,3kW_turn_current_3p5pct,interturn,3.5,False,100,633.0043375571292,fault_test,0.01639344262295082,True
3kW,3kW_turn_current_3p5pct,interturn,3.5,False,101,610.0124665045462,fault_test,0.01639344262295082,True
3kW,3kW_turn_current_3p5pct,interturn,3.5,False,102,703.4392291311879,fault_test,0.01639344262295082,True
3kW,3kW_turn_current_3p5pct,interturn,3.5,False,103,667.5417658602831,fault_test,0.01639344262295082,True
3kW,3kW_turn_current_3p5pct,interturn,3.5,False,104,693.261841108,fault_test,0.01639344262295082,True
3kW,3kW_turn_current_3p5pct,interturn,3.5,False,105,689.5952276140865,fault_test,0.01639344262295082,True
3kW,3kW_turn_current_3p5pct,interturn,3.5,False,106,670.3899410142677,fault_test,0.01639344262295082,True
3kW,3kW_turn_current_3p5pct,interturn,3.5,False,107,712.7095761728963,fault_test,0.01639344262295082,True
3kW,3kW_turn_current_3p5pct,interturn,3.5,False,108,716.7678009968555,fault_test,0.01639344262295082,True
3kW,3kW_turn_current_3p5pct,interturn,3.5,False,109,572.0862979273683,fault_test,0.01639344262295082,True
3kW,3kW_turn_current_3p5pct,interturn,3.5,False,110,649.0078638135403,fault_test,0.01639344262295082,True
3kW,3kW_turn_current_3p5pct,interturn,3.5,False,111,748.1519141616785,fault_test,0.01639344262295082,True
3kW,3kW_turn_current_3p5pct,interturn,3.5,False,112,688.0772363763507,fault_test,0.01639344262295082,True
3kW,3kW_turn_current_3p5pct,interturn,3.5,False,113,672.2607872040062,fault_test,0.01639344262295082,True
3kW,3kW_turn_current_3p5pct,interturn,3.5,False,114,624.2325029911185,fault_test,0.01639344262295082,True
3kW,3kW_turn_current_3p5pct,interturn,3.5,False,115,672.5750332036503,fault_test,0.01639344262295082,True
3kW,3kW_turn_current_3p5pct,interturn,3.5,False,116,583.5681032587128,fault_test,0.01639344262295082,True
3kW,3kW_turn_current_3p5pct,interturn,3.5,False,117,636.6312631661602,fault_test,0.01639344262295082,True
3kW,3kW_turn_current_3p5pct,interturn,3.5,False,118,623.9041610325426,fault_test,0.01639344262295082,True
3kW,3kW_turn_current_3p5pct,interturn,3.5,False,119,769.4191815020829,fault_test,0.01639344262295082,True
3kW,3kW_turn_current_5p16pct,interturn,5.16,False,0,58.39183370701592,fault_test,0.6721311475409836,False
3kW,3kW_turn_current_5p16pct,interturn,5.16,False,1,80.12627008880082,fault_test,0.47540983606557374,False
3kW,3kW_turn_current_5p16pct,interturn,5.16,False,2,207.3246956785927,fault_test,0.01639344262295082,True
3kW,3kW_turn_current_5p16pct,interturn,5.16,False,3,104.30779397704289,fault_test,0.2786885245901639,False
3kW,3kW_turn_current_5p16pct,interturn,5.16,False,4,99.4568287783905,fault_test,0.3442622950819672,False
3kW,3kW_turn_current_5p16pct,interturn,5.16,False,5,100.45238072773776,fault_test,0.32786885245901637,False
3kW,3kW_turn_current_5p16pct,interturn,5.16,False,6,115.04218587998537,fault_test,0.2459016393442623,False
3kW,3kW_turn_current_5p16pct,interturn,5.16,False,7,86.12113409195548,fault_test,0.4262295081967213,False
3kW,3kW_turn_current_5p16pct,interturn,5.16,False,8,128.3629027255859,fault_test,0.11475409836065574,False
3kW,3kW_turn_current_5p16pct,interturn,5.16,False,9,140.34554757112943,fault_test,0.08196721311475409,False
3kW,3kW_turn_current_5p16pct,interturn,5.16,False,10,164.0730242573227,fault_test,0.03278688524590164,True
3kW,3kW_turn_current_5p16pct,interturn,5.16,False,11,160.37667822015231,fault_test,0.03278688524590164,True
3kW,3kW_turn_current_5p16pct,interturn,5.16,False,12,190.89896313085612,fault_test,0.01639344262295082,True
3kW,3kW_turn_current_5p16pct,interturn,5.16,False,13,145.58828513874306,fault_test,0.06557377049180328,False
3kW,3kW_turn_current_5p16pct,interturn,5.16,False,14,74.13518651420486,fault_test,0.5245901639344263,False
3kW,3kW_turn_current_5p16pct,interturn,5.16,False,15,143.0336884135867,fault_test,0.06557377049180328,False
3kW,3kW_turn_current_5p16pct,interturn,5.16,False,16,231.0150522674823,fault_test,0.01639344262295082,True
3kW,3kW_turn_current_5p16pct,interturn,5.16,False,17,67.82069330195371,fault_test,0.6065573770491803,False
3kW,3kW_turn_current_5p16pct,interturn,5.16,False,18,141.4001099590282,fault_test,0.08196721311475409,False
3kW,3kW_turn_current_5p16pct,interturn,5.16,False,19,239.7716414430746,fault_test,0.01639344262295082,True
3kW,3kW_turn_current_5p16pct,interturn,5.16,False,20,96.36666310499758,fault_test,0.3770491803278688,False
3kW,3kW_turn_current_5p16pct,interturn,5.16,False,21,80.96512905055417,fault_test,0.47540983606557374,False
3kW,3kW_turn_current_5p16pct,interturn,5.16,False,22,160.859958336088,fault_test,0.03278688524590164,True
3kW,3kW_turn_current_5p16pct,interturn,5.16,False,23,107.91358153161511,fault_test,0.2786885245901639,False
3kW,3kW_turn_current_5p16pct,interturn,5.16,False,24,119.65359858868263,fault_test,0.21311475409836064,False
3kW,3kW_turn_current_5p16pct,interturn,5.16,False,25,170.71088954650634,fault_test,0.03278688524590164,True
3kW,3kW_turn_current_5p16pct,interturn,5.16,False,26,131.25032866284974,fault_test,0.09836065573770492,False
3kW,3kW_turn_current_5p16pct,interturn,5.16,False,27,114.28535840661542,fault_test,0.2459016393442623,False
3kW,3kW_turn_current_5p16pct,interturn,5.16,False,28,116.98497183428854,fault_test,0.22950819672131148,False
3kW,3kW_turn_current_5p16pct,interturn,5.16,False,29,199.24585461697677,fault_test,0.01639344262295082,True
3kW,3kW_turn_current_5p16pct,interturn,5.16,False,30,120.29336765741456,fault_test,0.21311475409836064,False
3kW,3kW_turn_current_5p16pct,interturn,5.16,False,31,111.73251601522371,fault_test,0.26229508196721313,False
3kW,3kW_turn_current_5p16pct,interturn,5.16,False,32,215.145923553762,fault_test,0.01639344262295082,True
3kW,3kW_turn_current_5p16pct,interturn,5.16,False,33,198.40831546718172,fault_test,0.01639344262295082,True
3kW,3kW_turn_current_5p16pct,interturn,5.16,False,34,97.10436247958702,fault_test,0.3770491803278688,False
3kW,3kW_turn_current_5p16pct,interturn,5.16,False,35,148.3868372567183,fault_test,0.04918032786885246,True
3kW,3kW_turn_current_5p16pct,interturn,5.16,False,36,233.82612414714072,fault_test,0.01639344262295082,True
3kW,3kW_turn_current_5p16pct,interturn,5.16,False,37,115.41651611126649,fault_test,0.2459016393442623,False
3kW,3kW_turn_current_5p16pct,interturn,5.16,False,38,135.6657206136575,fault_test,0.08196721311475409,False
3kW,3kW_turn_current_5p16pct,interturn,5.16,False,39,211.3808030205671,fault_test,0.01639344262295082,True
3kW,3kW_turn_current_5p16pct,interturn,5.16,False,40,77.99100502050752,fault_test,0.5081967213114754,False
3kW,3kW_turn_current_5p16pct,interturn,5.16,False,41,149.62765510097535,fault_test,0.04918032786885246,True
3kW,3kW_turn_current_5p16pct,interturn,5.16,False,42,174.60969958736416,fault_test,0.01639344262295082,True
3kW,3kW_turn_current_5p16pct,interturn,5.16,False,43,136.67485322394222,fault_test,0.08196721311475409,False
3kW,3kW_turn_current_5p16pct,interturn,5.16,False,44,169.25537592077185,fault_test,0.03278688524590164,True
3kW,3kW_turn_current_5p16pct,interturn,5.16,False,45,152.49885016331484,fault_test,0.03278688524590164,True
3kW,3kW_turn_current_5p16pct,interturn,5.16,False,46,170.17362910434767,fault_test,0.03278688524590164,True
3kW,3kW_turn_current_5p16pct,interturn,5.16,False,47,124.9719532769408,fault_test,0.14754098360655737,False
3kW,3kW_turn_current_5p16pct,interturn,5.16,False,48,159.67040663406027,fault_test,0.03278688524590164,True
3kW,3kW_turn_current_5p16pct,interturn,5.16,False,49,203.6528488930531,fault_test,0.01639344262295082,True
3kW,3kW_turn_current_5p16pct,interturn,5.16,False,50,73.95314067451162,fault_test,0.5245901639344263,False
3kW,3kW_turn_current_5p16pct,interturn,5.16,False,51,140.64422929814714,fault_test,0.08196721311475409,False
3kW,3kW_turn_current_5p16pct,interturn,5.16,False,52,182.67151349351468,fault_test,0.01639344262295082,True
3kW,3kW_turn_current_5p16pct,interturn,5.16,False,53,157.09343422948353,fault_test,0.03278688524590164,True
3kW,3kW_turn_current_5p16pct,interturn,5.16,False,54,106.9840394646113,fault_test,0.2786885245901639,False
3kW,3kW_turn_current_5p16pct,interturn,5.16,False,55,169.14778067193367,fault_test,0.03278688524590164,True
3kW,3kW_turn_current_5p16pct,interturn,5.16,False,56,185.76661109149362,fault_test,0.01639344262295082,True
3kW,3kW_turn_current_5p16pct,interturn,5.16,False,57,89.90434164097279,fault_test,0.4262295081967213,False
3kW,3kW_turn_current_5p16pct,interturn,5.16,False,58,117.21564603081818,fault_test,0.22950819672131148,False
3kW,3kW_turn_current_5p16pct,interturn,5.16,False,59,179.41445468669914,fault_test,0.01639344262295082,True
3kW,3kW_turn_current_5p16pct,interturn,5.16,False,60,204.63034067313393,fault_test,0.01639344262295082,True
3kW,3kW_turn_current_5p16pct,interturn,5.16,False,61,116.20209450183742,fault_test,0.22950819672131148,False
3kW,3kW_turn_current_5p16pct,interturn,5.16,False,62,233.0606152908831,fault_test,0.01639344262295082,True
3kW,3kW_turn_current_5p16pct,interturn,5.16,False,63,103.68762458222753,fault_test,0.3114754098360656,False
3kW,3kW_turn_current_5p16pct,interturn,5.16,False,64,160.68400519080205,fault_test,0.03278688524590164,True
3kW,3kW_turn_current_5p16pct,interturn,5.16,False,65,182.6004694845181,fault_test,0.01639344262295082,True
3kW,3kW_turn_current_5p16pct,interturn,5.16,False,66,137.88716947944002,fault_test,0.08196721311475409,False
3kW,3kW_turn_current_5p16pct,interturn,5.16,False,67,108.93017970506541,fault_test,0.2786885245901639,False
3kW,3kW_turn_current_5p16pct,interturn,5.16,False,68,272.0238473179836,fault_test,0.01639344262295082,True
3kW,3kW_turn_current_5p16pct,interturn,5.16,False,69,215.38974033995066,fault_test,0.01639344262295082,True
3kW,3kW_turn_current_5p16pct,interturn,5.16,False,70,114.68202453928804,fault_test,0.2459016393442623,False
3kW,3kW_turn_current_5p16pct,interturn,5.16,False,71,221.3502101876336,fault_test,0.01639344262295082,True
3kW,3kW_turn_current_5p16pct,interturn,5.16,False,72,252.2186853460737,fault_test,0.01639344262295082,True
3kW,3kW_turn_current_5p16pct,interturn,5.16,False,73,108.00579834735076,fault_test,0.2786885245901639,False
3kW,3kW_turn_current_5p16pct,interturn,5.16,False,74,158.13677387384274,fault_test,0.03278688524590164,True
3kW,3kW_turn_current_5p16pct,interturn,5.16,False,75,236.3446002894618,fault_test,0.01639344262295082,True
3kW,3kW_turn_current_5p16pct,interturn,5.16,False,76,131.1363465350208,fault_test,0.09836065573770492,False
3kW,3kW_turn_current_5p16pct,interturn,5.16,False,77,123.62838289366567,fault_test,0.19672131147540983,False
3kW,3kW_turn_current_5p16pct,interturn,5.16,False,78,161.7402864663734,fault_test,0.03278688524590164,True
3kW,3kW_turn_current_5p16pct,interturn,5.16,False,79,178.85140860354258,fault_test,0.01639344262295082,True
3kW,3kW_turn_current_5p16pct,interturn,5.16,False,80,129.5553529325921,fault_test,0.09836065573770492,False
3kW,3kW_turn_current_5p16pct,interturn,5.16,False,81,151.09349881990659,fault_test,0.03278688524590164,True
3kW,3kW_turn_current_5p16pct,interturn,5.16,False,82,235.5128741564738,fault_test,0.01639344262295082,True
3kW,3kW_turn_current_5p16pct,interturn,5.16,False,83,68.68689600555363,fault_test,0.6065573770491803,False
3kW,3kW_turn_current_5p16pct,interturn,5.16,False,84,129.11290288824804,fault_test,0.09836065573770492,False
3kW,3kW_turn_current_5p16pct,interturn,5.16,False,85,185.85553847526245,fault_test,0.01639344262295082,True
3kW,3kW_turn_current_5p16pct,interturn,5.16,False,86,71.93111303103048,fault_test,0.5901639344262295,False
3kW,3kW_turn_current_5p16pct,interturn,5.16,False,87,141.92838859310893,fault_test,0.06557377049180328,False
3kW,3kW_turn_current_5p16pct,interturn,5.16,False,88,167.69081792615384,fault_test,0.03278688524590164,True
3kW,3kW_turn_current_5p16pct,interturn,5.16,False,89,99.59951161733201,fault_test,0.32786885245901637,False
3kW,3kW_turn_current_5p16pct,interturn,5.16,False,90,125.92974125116137,fault_test,0.13114754098360656,False
3kW,3kW_turn_current_5p16pct,interturn,5.16,False,91,214.53340374564243,fault_test,0.01639344262295082,True
3kW,3kW_turn_current_5p16pct,interturn,5.16,False,92,78.71258066395106,fault_test,0.5081967213114754,False
3kW,3kW_turn_current_5p16pct,interturn,5.16,False,93,99.00702049015578,fault_test,0.36065573770491804,False
3kW,3kW_turn_current_5p16pct,interturn,5.16,False,94,136.64456467280348,fault_test,0.08196721311475409,False
3kW,3kW_turn_current_5p16pct,interturn,5.16,False,95,160.30967542173,fault_test,0.03278688524590164,True
3kW,3kW_turn_current_5p16pct,interturn,5.16,False,96,83.9385968508698,fault_test,0.4426229508196721,False
3kW,3kW_turn_current_5p16pct,interturn,5.16,False,97,126.21248540461681,fault_test,0.13114754098360656,False
3kW,3kW_turn_current_5p16pct,interturn,5.16,False,98,171.41330025252722,fault_test,0.03278688524590164,True
3kW,3kW_turn_current_5p16pct,interturn,5.16,False,99,62.361968180302405,fault_test,0.639344262295082,False
3kW,3kW_turn_current_5p16pct,interturn,5.16,False,100,163.03807600397613,fault_test,0.03278688524590164,True
3kW,3kW_turn_current_5p16pct,interturn,5.16,False,101,182.20184484089427,fault_test,0.01639344262295082,True
3kW,3kW_turn_current_5p16pct,interturn,5.16,False,102,77.6523977858197,fault_test,0.5245901639344263,False
3kW,3kW_turn_current_5p16pct,interturn,5.16,False,103,179.87598907101406,fault_test,0.01639344262295082,True
3kW,3kW_turn_current_5p16pct,interturn,5.16,False,104,151.38216607021,fault_test,0.03278688524590164,True
3kW,3kW_turn_current_5p16pct,interturn,5.16,False,105,105.71158775880113,fault_test,0.2786885245901639,False
3kW,3kW_turn_current_5p16pct,interturn,5.16,False,106,88.82869625630552,fault_test,0.4262295081967213,False
3kW,3kW_turn_current_5p16pct,interturn,5.16,False,107,132.40207212286847,fault_test,0.08196721311475409,False
3kW,3kW_turn_current_5p16pct,interturn,5.16,False,108,121.61093578062031,fault_test,0.21311475409836064,False
3kW,3kW_turn_current_5p16pct,interturn,5.16,False,109,96.45874789845212,fault_test,0.3770491803278688,False
3kW,3kW_turn_current_5p16pct,interturn,5.16,False,110,210.3851593230496,fault_test,0.01639344262295082,True
3kW,3kW_turn_current_5p16pct,interturn,5.16,False,111,162.72701426525015,fault_test,0.03278688524590164,True
3kW,3kW_turn_current_5p16pct,interturn,5.16,False,112,91.03327939912093,fault_test,0.4262295081967213,False
3kW,3kW_turn_current_5p16pct,interturn,5.16,False,113,211.57141381147864,fault_test,0.01639344262295082,True
3kW,3kW_turn_current_5p16pct,interturn,5.16,False,114,209.42740362943903,fault_test,0.01639344262295082,True
3kW,3kW_turn_current_5p16pct,interturn,5.16,False,115,102.31544953132959,fault_test,0.3114754098360656,False
3kW,3kW_turn_current_5p16pct,interturn,5.16,False,116,112.14550529000027,fault_test,0.26229508196721313,False
3kW,3kW_turn_current_5p16pct,interturn,5.16,False,117,177.5470396103204,fault_test,0.01639344262295082,True
3kW,3kW_turn_current_5p16pct,interturn,5.16,False,118,74.70107308872417,fault_test,0.5245901639344263,False
3kW,3kW_turn_current_5p16pct,interturn,5.16,False,119,147.52284425129113,fault_test,0.04918032786885246,True
3kW,3kW_turn_current_9p81pct,interturn,9.81,False,0,788.811457549503,fault_test,0.01639344262295082,True
3kW,3kW_turn_current_9p81pct,interturn,9.81,False,1,809.9954424491697,fault_test,0.01639344262295082,True
3kW,3kW_turn_current_9p81pct,interturn,9.81,False,2,789.991154760005,fault_test,0.01639344262295082,True
3kW,3kW_turn_current_9p81pct,interturn,9.81,False,3,761.0756827685801,fault_test,0.01639344262295082,True
3kW,3kW_turn_current_9p81pct,interturn,9.81,False,4,754.9088014342879,fault_test,0.01639344262295082,True
3kW,3kW_turn_current_9p81pct,interturn,9.81,False,5,832.7661802762548,fault_test,0.01639344262295082,True
3kW,3kW_turn_current_9p81pct,interturn,9.81,False,6,801.3087313811958,fault_test,0.01639344262295082,True
3kW,3kW_turn_current_9p81pct,interturn,9.81,False,7,719.4598438766599,fault_test,0.01639344262295082,True
3kW,3kW_turn_current_9p81pct,interturn,9.81,False,8,769.248995235924,fault_test,0.01639344262295082,True
3kW,3kW_turn_current_9p81pct,interturn,9.81,False,9,791.1372783702351,fault_test,0.01639344262295082,True
3kW,3kW_turn_current_9p81pct,interturn,9.81,False,10,818.3917080690435,fault_test,0.01639344262295082,True
3kW,3kW_turn_current_9p81pct,interturn,9.81,False,11,850.5169280046812,fault_test,0.01639344262295082,True
3kW,3kW_turn_current_9p81pct,interturn,9.81,False,12,763.695777148132,fault_test,0.01639344262295082,True
3kW,3kW_turn_current_9p81pct,interturn,9.81,False,13,767.8709702898923,fault_test,0.01639344262295082,True
3kW,3kW_turn_current_9p81pct,interturn,9.81,False,14,812.0441313072297,fault_test,0.01639344262295082,True
3kW,3kW_turn_current_9p81pct,interturn,9.81,False,15,820.828125597909,fault_test,0.01639344262295082,True
3kW,3kW_turn_current_9p81pct,interturn,9.81,False,16,787.5306328176099,fault_test,0.01639344262295082,True
3kW,3kW_turn_current_9p81pct,interturn,9.81,False,17,778.9353437729225,fault_test,0.01639344262295082,True
3kW,3kW_turn_current_9p81pct,interturn,9.81,False,18,751.3512681811552,fault_test,0.01639344262295082,True
3kW,3kW_turn_current_9p81pct,interturn,9.81,False,19,756.1590809844558,fault_test,0.01639344262295082,True
3kW,3kW_turn_current_9p81pct,interturn,9.81,False,20,680.4247016549211,fault_test,0.01639344262295082,True
3kW,3kW_turn_current_9p81pct,interturn,9.81,False,21,728.8261410305606,fault_test,0.01639344262295082,True
3kW,3kW_turn_current_9p81pct,interturn,9.81,False,22,789.6009121134917,fault_test,0.01639344262295082,True
3kW,3kW_turn_current_9p81pct,interturn,9.81,False,23,762.8141157302516,fault_test,0.01639344262295082,True
3kW,3kW_turn_current_9p81pct,interturn,9.81,False,24,743.1668278949842,fault_test,0.01639344262295082,True
3kW,3kW_turn_current_9p81pct,interturn,9.81,False,25,786.4257718733082,fault_test,0.01639344262295082,True
3kW,3kW_turn_current_9p81pct,interturn,9.81,False,26,757.0470215925866,fault_test,0.01639344262295082,True
3kW,3kW_turn_current_9p81pct,interturn,9.81,False,27,763.8231991625565,fault_test,0.01639344262295082,True
3kW,3kW_turn_current_9p81pct,interturn,9.81,False,28,772.371421667667,fault_test,0.01639344262295082,True
3kW,3kW_turn_current_9p81pct,interturn,9.81,False,29,776.842462728665,fault_test,0.01639344262295082,True
3kW,3kW_turn_current_9p81pct,interturn,9.81,False,30,766.7676326261051,fault_test,0.01639344262295082,True
3kW,3kW_turn_current_9p81pct,interturn,9.81,False,31,729.2295036626174,fault_test,0.01639344262295082,True
3kW,3kW_turn_current_9p81pct,interturn,9.81,False,32,729.6371804827633,fault_test,0.01639344262295082,True
3kW,3kW_turn_current_9p81pct,interturn,9.81,False,33,769.0228485926224,fault_test,0.01639344262295082,True
3kW,3kW_turn_current_9p81pct,interturn,9.81,False,34,714.08959128677,fault_test,0.01639344262295082,True
3kW,3kW_turn_current_9p81pct,interturn,9.81,False,35,750.0239075486467,fault_test,0.01639344262295082,True
3kW,3kW_turn_current_9p81pct,interturn,9.81,False,36,700.4757476806009,fault_test,0.01639344262295082,True
3kW,3kW_turn_current_9p81pct,interturn,9.81,False,37,689.2897894538041,fault_test,0.01639344262295082,True
3kW,3kW_turn_current_9p81pct,interturn,9.81,False,38,689.7500509516734,fault_test,0.01639344262295082,True
3kW,3kW_turn_current_9p81pct,interturn,9.81,False,39,783.3767897542594,fault_test,0.01639344262295082,True
3kW,3kW_turn_current_9p81pct,interturn,9.81,False,40,775.2061576555695,fault_test,0.01639344262295082,True
3kW,3kW_turn_current_9p81pct,interturn,9.81,False,41,775.2634179407172,fault_test,0.01639344262295082,True
3kW,3kW_turn_current_9p81pct,interturn,9.81,False,42,748.9276383497581,fault_test,0.01639344262295082,True
3kW,3kW_turn_current_9p81pct,interturn,9.81,False,43,789.225231558005,fault_test,0.01639344262295082,True
3kW,3kW_turn_current_9p81pct,interturn,9.81,False,44,678.9222762747569,fault_test,0.01639344262295082,True
3kW,3kW_turn_current_9p81pct,interturn,9.81,False,45,688.5786617633519,fault_test,0.01639344262295082,True
3kW,3kW_turn_current_9p81pct,interturn,9.81,False,46,721.4518155732866,fault_test,0.01639344262295082,True
3kW,3kW_turn_current_9p81pct,interturn,9.81,False,47,989.3113432787188,fault_test,0.01639344262295082,True
3kW,3kW_turn_current_9p81pct,interturn,9.81,False,48,815.20380485087,fault_test,0.01639344262295082,True
3kW,3kW_turn_current_9p81pct,interturn,9.81,False,49,718.3159904008096,fault_test,0.01639344262295082,True
3kW,3kW_turn_current_9p81pct,interturn,9.81,False,50,732.0387170800088,fault_test,0.01639344262295082,True
3kW,3kW_turn_current_9p81pct,interturn,9.81,False,51,711.2611095457999,fault_test,0.01639344262295082,True
3kW,3kW_turn_current_9p81pct,interturn,9.81,False,52,671.1004232760441,fault_test,0.01639344262295082,True
3kW,3kW_turn_current_9p81pct,interturn,9.81,False,53,706.6209604843964,fault_test,0.01639344262295082,True
3kW,3kW_turn_current_9p81pct,interturn,9.81,False,54,690.5518549073994,fault_test,0.01639344262295082,True
3kW,3kW_turn_current_9p81pct,interturn,9.81,False,55,741.1535117280824,fault_test,0.01639344262295082,True
3kW,3kW_turn_current_9p81pct,interturn,9.81,False,56,866.3970059823678,fault_test,0.01639344262295082,True
3kW,3kW_turn_current_9p81pct,interturn,9.81,False,57,796.8036107966061,fault_test,0.01639344262295082,True
3kW,3kW_turn_current_9p81pct,interturn,9.81,False,58,738.5146752084735,fault_test,0.01639344262295082,True
3kW,3kW_turn_current_9p81pct,interturn,9.81,False,59,754.0100414380472,fault_test,0.01639344262295082,True
3kW,3kW_turn_current_9p81pct,interturn,9.81,False,60,781.304473641149,fault_test,0.01639344262295082,True
3kW,3kW_turn_current_9p81pct,interturn,9.81,False,61,749.5612260184149,fault_test,0.01639344262295082,True
3kW,3kW_turn_current_9p81pct,interturn,9.81,False,62,784.249096659679,fault_test,0.01639344262295082,True
3kW,3kW_turn_current_9p81pct,interturn,9.81,False,63,706.5838970344812,fault_test,0.01639344262295082,True
3kW,3kW_turn_current_9p81pct,interturn,9.81,False,64,803.0669663066776,fault_test,0.01639344262295082,True
3kW,3kW_turn_current_9p81pct,interturn,9.81,False,65,671.5074452133819,fault_test,0.01639344262295082,True
3kW,3kW_turn_current_9p81pct,interturn,9.81,False,66,725.7281139324602,fault_test,0.01639344262295082,True
3kW,3kW_turn_current_9p81pct,interturn,9.81,False,67,724.4918994218965,fault_test,0.01639344262295082,True
3kW,3kW_turn_current_9p81pct,interturn,9.81,False,68,723.9452983064126,fault_test,0.01639344262295082,True
3kW,3kW_turn_current_9p81pct,interturn,9.81,False,69,653.0693104121094,fault_test,0.01639344262295082,True
3kW,3kW_turn_current_9p81pct,interturn,9.81,False,70,792.1350036767822,fault_test,0.01639344262295082,True
3kW,3kW_turn_current_9p81pct,interturn,9.81,False,71,705.4696949619915,fault_test,0.01639344262295082,True
3kW,3kW_turn_current_9p81pct,interturn,9.81,False,72,743.5147527285611,fault_test,0.01639344262295082,True
3kW,3kW_turn_current_9p81pct,interturn,9.81,False,73,689.491860011231,fault_test,0.01639344262295082,True
3kW,3kW_turn_current_9p81pct,interturn,9.81,False,74,778.493363728295,fault_test,0.01639344262295082,True
3kW,3kW_turn_current_9p81pct,interturn,9.81,False,75,664.8447243602692,fault_test,0.01639344262295082,True
3kW,3kW_turn_current_9p81pct,interturn,9.81,False,76,717.4081484029679,fault_test,0.01639344262295082,True
3kW,3kW_turn_current_9p81pct,interturn,9.81,False,77,715.8140174160355,fault_test,0.01639344262295082,True
3kW,3kW_turn_current_9p81pct,interturn,9.81,False,78,757.3215601221916,fault_test,0.01639344262295082,True
3kW,3kW_turn_current_9p81pct,interturn,9.81,False,79,774.5394600146337,fault_test,0.01639344262295082,True
3kW,3kW_turn_current_9p81pct,interturn,9.81,False,80,749.4212035274417,fault_test,0.01639344262295082,True
3kW,3kW_turn_current_9p81pct,interturn,9.81,False,81,710.5090111098364,fault_test,0.01639344262295082,True
3kW,3kW_turn_current_9p81pct,interturn,9.81,False,82,755.405059148213,fault_test,0.01639344262295082,True
3kW,3kW_turn_current_9p81pct,interturn,9.81,False,83,761.0119376382931,fault_test,0.01639344262295082,True
3kW,3kW_turn_current_9p81pct,interturn,9.81,False,84,755.1073065405586,fault_test,0.01639344262295082,True
3kW,3kW_turn_current_9p81pct,interturn,9.81,False,85,670.1501300722496,fault_test,0.01639344262295082,True
3kW,3kW_turn_current_9p81pct,interturn,9.81,False,86,740.3503390897322,fault_test,0.01639344262295082,True
3kW,3kW_turn_current_9p81pct,interturn,9.81,False,87,723.4429329644676,fault_test,0.01639344262295082,True
3kW,3kW_turn_current_9p81pct,interturn,9.81,False,88,762.3412909180463,fault_test,0.01639344262295082,True
3kW,3kW_turn_current_9p81pct,interturn,9.81,False,89,807.6484869978676,fault_test,0.01639344262295082,True
3kW,3kW_turn_current_9p81pct,interturn,9.81,False,90,700.982817694288,fault_test,0.01639344262295082,True
3kW,3kW_turn_current_9p81pct,interturn,9.81,False,91,730.7898048471105,fault_test,0.01639344262295082,True
3kW,3kW_turn_current_9p81pct,interturn,9.81,False,92,757.823448731281,fault_test,0.01639344262295082,True
3kW,3kW_turn_current_9p81pct,interturn,9.81,False,93,717.8517322581968,fault_test,0.01639344262295082,True
3kW,3kW_turn_current_9p81pct,interturn,9.81,False,94,811.9942251519644,fault_test,0.01639344262295082,True
3kW,3kW_turn_current_9p81pct,interturn,9.81,False,95,757.7103010369061,fault_test,0.01639344262295082,True
3kW,3kW_turn_current_9p81pct,interturn,9.81,False,96,820.2269319635338,fault_test,0.01639344262295082,True
3kW,3kW_turn_current_9p81pct,interturn,9.81,False,97,748.265417190263,fault_test,0.01639344262295082,True
3kW,3kW_turn_current_9p81pct,interturn,9.81,False,98,750.5136824604201,fault_test,0.01639344262295082,True
3kW,3kW_turn_current_9p81pct,interturn,9.81,False,99,744.413314132402,fault_test,0.01639344262295082,True
3kW,3kW_turn_current_9p81pct,interturn,9.81,False,100,828.0909882842672,fault_test,0.01639344262295082,True
3kW,3kW_turn_current_9p81pct,interturn,9.81,False,101,887.5864878711966,fault_test,0.01639344262295082,True
3kW,3kW_turn_current_9p81pct,interturn,9.81,False,102,782.3310124966825,fault_test,0.01639344262295082,True
3kW,3kW_turn_current_9p81pct,interturn,9.81,False,103,781.1696501526296,fault_test,0.01639344262295082,True
3kW,3kW_turn_current_9p81pct,interturn,9.81,False,104,658.9028127405326,fault_test,0.01639344262295082,True
3kW,3kW_turn_current_9p81pct,interturn,9.81,False,105,793.2952859283159,fault_test,0.01639344262295082,True
3kW,3kW_turn_current_9p81pct,interturn,9.81,False,106,779.5758025063058,fault_test,0.01639344262295082,True
3kW,3kW_turn_current_9p81pct,interturn,9.81,False,107,664.686980494637,fault_test,0.01639344262295082,True
3kW,3kW_turn_current_9p81pct,interturn,9.81,False,108,777.8488743756743,fault_test,0.01639344262295082,True
3kW,3kW_turn_current_9p81pct,interturn,9.81,False,109,749.094389761559,fault_test,0.01639344262295082,True
3kW,3kW_turn_current_9p81pct,interturn,9.81,False,110,758.4489975129037,fault_test,0.01639344262295082,True
3kW,3kW_turn_current_9p81pct,interturn,9.81,False,111,720.7942742877574,fault_test,0.01639344262295082,True
3kW,3kW_turn_current_9p81pct,interturn,9.81,False,112,757.0420184590517,fault_test,0.01639344262295082,True
3kW,3kW_turn_current_9p81pct,interturn,9.81,False,113,738.3064193505521,fault_test,0.01639344262295082,True
3kW,3kW_turn_current_9p81pct,interturn,9.81,False,114,707.8778580608251,fault_test,0.01639344262295082,True
3kW,3kW_turn_current_9p81pct,interturn,9.81,False,115,701.4731419701242,fault_test,0.01639344262295082,True
3kW,3kW_turn_current_9p81pct,interturn,9.81,False,116,706.452355353234,fault_test,0.01639344262295082,True
3kW,3kW_turn_current_9p81pct,interturn,9.81,False,117,742.5180444741429,fault_test,0.01639344262295082,True
3kW,3kW_turn_current_9p81pct,interturn,9.81,False,118,716.8874110575267,fault_test,0.01639344262295082,True
3kW,3kW_turn_current_9p81pct,interturn,9.81,False,119,794.7528325433415,fault_test,0.01639344262295082,True
