motor_id,record_id,fault_family,severity_percent,is_healthy,block_id,score,evaluation_role,p_value,alarm
1.5kW,1.5kW_coil_current_0pct,intercoil,0.0,True,0,43.99861795727897,adaptation,1.0,False
1.5kW,1.5kW_coil_current_0pct,intercoil,0.0,True,1,49.61335927020623,adaptation,1.0,False
1.5kW,1.5kW_coil_current_0pct,intercoil,0.0,True,2,58.80602586691684,adaptation,0.967741935483871,False
1.5kW,1.5kW_coil_current_0pct,intercoil,0.0,True,3,45.88485142864883,adaptation,1.0,False
1.5kW,1.5kW_coil_current_0pct,intercoil,0.0,True,4,44.36588750858397,adaptation,1.0,False
1.5kW,1.5kW_coil_current_0pct,intercoil,0.0,True,5,68.37763091143984,adaptation,0.8387096774193549,False
1.5kW,1.5kW_coil_current_0pct,intercoil,0.0,True,6,59.40605066950633,guard,0.9354838709677419,False
1.5kW,1.5kW_coil_current_0pct,intercoil,0.0,True,7,62.76487316631226,calibration,0.9032258064516129,False
1.5kW,1.5kW_coil_current_0pct,intercoil,0.0,True,8,63.93761169965909,calibration,0.8709677419354839,False
1.5kW,1.5kW_coil_current_0pct,intercoil,0.0,True,9,57.993446360050626,calibration,1.0,False
1.5kW,1.5kW_coil_current_0pct,intercoil,0.0,True,10,72.89451363892762,calibration,0.8387096774193549,False
1.5kW,1.5kW_coil_current_0pct,intercoil,0.0,True,11,58.9536840389524,calibration,0.967741935483871,False
1.5kW,1.5kW_coil_current_0pct,intercoil,0.0,True,12,82.76257975386861,calibration,0.6774193548387096,False
1.5kW,1.5kW_coil_current_0pct,intercoil,0.0,True,13,76.14933673929806,calibration,0.7419354838709677,False
1.5kW,1.5kW_coil_current_0pct,intercoil,0.0,True,14,143.70252135114566,calibration,0.2903225806451613,False
1.5kW,1.5kW_coil_current_0pct,intercoil,0.0,True,15,62.473212500444426,calibration,0.9354838709677419,False
1.5kW,1.5kW_coil_current_0pct,intercoil,0.0,True,16,73.46102610757501,calibration,0.8064516129032258,False
1.5kW,1.5kW_coil_current_0pct,intercoil,0.0,True,17,78.97541204713734,calibration,0.7096774193548387,False
1.5kW,1.5kW_coil_current_0pct,intercoil,0.0,True,18,75.36564151949894,calibration,0.7741935483870968,False
1.5kW,1.5kW_coil_current_0pct,intercoil,0.0,True,19,83.93948756079104,calibration,0.6129032258064516,False
1.5kW,1.5kW_coil_current_0pct,intercoil,0.0,True,20,140.3570668990355,calibration,0.3225806451612903,False
1.5kW,1.5kW_coil_current_0pct,intercoil,0.0,True,21,154.81384240781514,calibration,0.12903225806451613,False
1.5kW,1.5kW_coil_current_0pct,intercoil,0.0,True,22,90.47586803268447,calibration,0.5161290322580645,False
1.5kW,1.5kW_coil_current_0pct,intercoil,0.0,True,23,110.9001773230294,calibration,0.41935483870967744,False
1.5kW,1.5kW_coil_current_0pct,intercoil,0.0,True,24,85.11053229071828,calibration,0.5806451612903226,False
1.5kW,1.5kW_coil_current_0pct,intercoil,0.0,True,25,125.39587883765994,calibration,0.3870967741935484,False
1.5kW,1.5kW_coil_current_0pct,intercoil,0.0,True,26,148.84976573438507,calibration,0.1935483870967742,False
1.5kW,1.5kW_coil_current_0pct,intercoil,0.0,True,27,176.94403430386762,calibration,0.06451612903225806,False
1.5kW,1.5kW_coil_current_0pct,intercoil,0.0,True,28,143.71008539577167,calibration,0.25806451612903225,False
1.5kW,1.5kW_coil_current_0pct,intercoil,0.0,True,29,93.22405245673738,calibration,0.4838709677419355,False
1.5kW,1.5kW_coil_current_0pct,intercoil,0.0,True,30,151.57274459221674,calibration,0.16129032258064516,False
1.5kW,1.5kW_coil_current_0pct,intercoil,0.0,True,31,143.9021016584209,calibration,0.22580645161290322,False
1.5kW,1.5kW_coil_current_0pct,intercoil,0.0,True,32,163.4826510718564,calibration,0.0967741935483871,False
1.5kW,1.5kW_coil_current_0pct,intercoil,0.0,True,33,87.54007150045011,calibration,0.5483870967741935,False
1.5kW,1.5kW_coil_current_0pct,intercoil,0.0,True,34,106.012862168094,calibration,0.45161290322580644,False
1.5kW,1.5kW_coil_current_0pct,intercoil,0.0,True,35,82.9828352372347,calibration,0.6451612903225806,False
1.5kW,1.5kW_coil_current_0pct,intercoil,0.0,True,36,130.92927085675973,calibration,0.3548387096774194,False
1.5kW,1.5kW_coil_current_0pct,intercoil,0.0,True,37,59.643809047065346,guard,0.9354838709677419,False
1.5kW,1.5kW_coil_current_0pct,intercoil,0.0,True,38,69.1478910954513,healthy_test,0.8387096774193549,False
1.5kW,1.5kW_coil_current_0pct,intercoil,0.0,True,39,114.08909561693066,healthy_test,0.3870967741935484,False
1.5kW,1.5kW_coil_current_0pct,intercoil,0.0,True,40,63.23834547956355,healthy_test,0.8709677419354839,False
1.5kW,1.5kW_coil_current_0pct,intercoil,0.0,True,41,63.689012857659584,healthy_test,0.8709677419354839,False
1.5kW,1.5kW_coil_current_0pct,intercoil,0.0,True,42,69.71165288467137,healthy_test,0.8387096774193549,False
1.5kW,1.5kW_coil_current_0pct,intercoil,0.0,True,43,63.83847760661962,healthy_test,0.8709677419354839,False
1.5kW,1.5kW_coil_current_0pct,intercoil,0.0,True,44,71.85749958408343,healthy_test,0.8387096774193549,False
1.5kW,1.5kW_coil_current_0pct,intercoil,0.0,True,45,57.65469505974659,healthy_test,1.0,False
1.5kW,1.5kW_coil_current_0pct,intercoil,0.0,True,46,58.33053720000643,healthy_test,0.967741935483871,False
1.5kW,1.5kW_coil_current_0pct,intercoil,0.0,True,47,99.20521944556214,healthy_test,0.45161290322580644,False
1.5kW,1.5kW_coil_current_0pct,intercoil,0.0,True,48,54.29007997560158,healthy_test,1.0,False
1.5kW,1.5kW_coil_current_0pct,intercoil,0.0,True,49,92.91538909449636,healthy_test,0.4838709677419355,False
1.5kW,1.5kW_coil_current_0pct,intercoil,0.0,True,50,55.90574455116544,healthy_test,1.0,False
1.5kW,1.5kW_coil_current_0pct,intercoil,0.0,True,51,66.34094705582578,healthy_test,0.8387096774193549,False
1.5kW,1.5kW_coil_current_0pct,intercoil,0.0,True,52,54.960714171707934,healthy_test,1.0,False
1.5kW,1.5kW_coil_current_0pct,intercoil,0.0,True,53,89.039371937647,healthy_test,0.5161290322580645,False
1.5kW,1.5kW_coil_current_0pct,intercoil,0.0,True,54,71.74219296211527,healthy_test,0.8387096774193549,False
1.5kW,1.5kW_coil_current_0pct,intercoil,0.0,True,55,59.780027511062485,healthy_test,0.9354838709677419,False
1.5kW,1.5kW_coil_current_0pct,intercoil,0.0,True,56,87.46638521903549,healthy_test,0.5483870967741935,False
1.5kW,1.5kW_coil_current_0pct,intercoil,0.0,True,57,94.23663841151111,healthy_test,0.45161290322580644,False
1.5kW,1.5kW_coil_current_0pct,intercoil,0.0,True,58,83.67792590321642,healthy_test,0.6129032258064516,False
1.5kW,1.5kW_coil_current_0pct,intercoil,0.0,True,59,73.9627715259639,healthy_test,0.7741935483870968,False
1.5kW,1.5kW_coil_current_13p12pct,intercoil,13.12,False,0,210.16347024228594,fault_test,0.03225806451612903,True
1.5kW,1.5kW_coil_current_13p12pct,intercoil,13.12,False,1,254.38830851637994,fault_test,0.03225806451612903,True
1.5kW,1.5kW_coil_current_13p12pct,intercoil,13.12,False,2,222.40368659785062,fault_test,0.03225806451612903,True
1.5kW,1.5kW_coil_current_13p12pct,intercoil,13.12,False,3,215.24756046312524,fault_test,0.03225806451612903,True
1.5kW,1.5kW_coil_current_13p12pct,intercoil,13.12,False,4,217.13111310918057,fault_test,0.03225806451612903,True
1.5kW,1.5kW_coil_current_13p12pct,intercoil,13.12,False,5,209.55947248496497,fault_test,0.03225806451612903,True
1.5kW,1.5kW_coil_current_13p12pct,intercoil,13.12,False,6,208.22694802542327,fault_test,0.03225806451612903,True
1.5kW,1.5kW_coil_current_13p12pct,intercoil,13.12,False,7,159.99678347721093,fault_test,0.0967741935483871,False
1.5kW,1.5kW_coil_current_13p12pct,intercoil,13.12,False,8,235.2069696899909,fault_test,0.03225806451612903,True
1.5kW,1.5kW_coil_current_13p12pct,intercoil,13.12,False,9,160.290507995569,fault_test,0.0967741935483871,False
1.5kW,1.5kW_coil_current_13p12pct,intercoil,13.12,False,10,234.25795901041627,fault_test,0.03225806451612903,True
1.5kW,1.5kW_coil_current_13p12pct,intercoil,13.12,False,11,213.14552140735566,fault_test,0.03225806451612903,True
1.5kW,1.5kW_coil_current_13p12pct,intercoil,13.12,False,12,269.93274000011985,fault_test,0.03225806451612903,True
1.5kW,1.5kW_coil_current_13p12pct,intercoil,13.12,False,13,207.32446862487208,fault_test,0.03225806451612903,True
1.5kW,1.5kW_coil_current_13p12pct,intercoil,13.12,False,14,198.01290327979828,fault_test,0.03225806451612903,True
1.5kW,1.5kW_coil_current_13p12pct,intercoil,13.12,False,15,236.52064904010427,fault_test,0.03225806451612903,True
1.5kW,1.5kW_coil_current_13p12pct,intercoil,13.12,False,16,177.6831163323165,fault_test,0.03225806451612903,True
1.5kW,1.5kW_coil_current_13p12pct,intercoil,13.12,False,17,165.72894011975686,fault_test,0.06451612903225806,False
1.5kW,1.5kW_coil_current_13p12pct,intercoil,13.12,False,18,167.87579249764863,fault_test,0.06451612903225806,False
1.5kW,1.5kW_coil_current_13p12pct,intercoil,13.12,False,19,147.84028137752642,fault_test,0.1935483870967742,False
1.5kW,1.5kW_coil_current_13p12pct,intercoil,13.12,False,20,129.4409470490945,fault_test,0.3548387096774194,False
1.5kW,1.5kW_coil_current_13p12pct,intercoil,13.12,False,21,102.16753043592783,fault_test,0.45161290322580644,False
1.5kW,1.5kW_coil_current_13p12pct,intercoil,13.12,False,22,181.56775154175315,fault_test,0.03225806451612903,True
1.5kW,1.5kW_coil_current_13p12pct,intercoil,13.12,False,23,114.55232724622095,fault_test,0.3870967741935484,False
1.5kW,1.5kW_coil_current_13p12pct,intercoil,13.12,False,24,133.0816676922048,fault_test,0.3225806451612903,False
1.5kW,1.5kW_coil_current_13p12pct,intercoil,13.12,False,25,140.59725526484698,fault_test,0.2903225806451613,False
1.5kW,1.5kW_coil_current_13p12pct,intercoil,13.12,False,26,102.43883357856971,fault_test,0.45161290322580644,False
1.5kW,1.5kW_coil_current_13p12pct,intercoil,13.12,False,27,109.09398122678547,fault_test,0.41935483870967744,False
1.5kW,1.5kW_coil_current_13p12pct,intercoil,13.12,False,28,148.5441097224905,fault_test,0.1935483870967742,False
1.5kW,1.5kW_coil_current_13p12pct,intercoil,13.12,False,29,105.43261753359792,fault_test,0.45161290322580644,False
1.5kW,1.5kW_coil_current_13p12pct,intercoil,13.12,False,30,123.6410572200194,fault_test,0.3870967741935484,False
1.5kW,1.5kW_coil_current_13p12pct,intercoil,13.12,False,31,126.13676640786701,fault_test,0.3548387096774194,False
1.5kW,1.5kW_coil_current_13p12pct,intercoil,13.12,False,32,150.43843974204634,fault_test,0.16129032258064516,False
1.5kW,1.5kW_coil_current_13p12pct,intercoil,13.12,False,33,122.65313663806101,fault_test,0.3870967741935484,False
1.5kW,1.5kW_coil_current_13p12pct,intercoil,13.12,False,34,119.46755664307929,fault_test,0.3870967741935484,False
1.5kW,1.5kW_coil_current_13p12pct,intercoil,13.12,False,35,129.7789267098695,fault_test,0.3548387096774194,False
1.5kW,1.5kW_coil_current_13p12pct,intercoil,13.12,False,36,130.58454372938635,fault_test,0.3548387096774194,False
1.5kW,1.5kW_coil_current_13p12pct,intercoil,13.12,False,37,154.9062879566679,fault_test,0.0967741935483871,False
1.5kW,1.5kW_coil_current_13p12pct,intercoil,13.12,False,38,239.6779925253221,fault_test,0.03225806451612903,True
1.5kW,1.5kW_coil_current_13p12pct,intercoil,13.12,False,39,129.10531372674754,fault_test,0.3548387096774194,False
1.5kW,1.5kW_coil_current_13p12pct,intercoil,13.12,False,40,166.05429102227077,fault_test,0.06451612903225806,False
1.5kW,1.5kW_coil_current_13p12pct,intercoil,13.12,False,41,235.29105157531637,fault_test,0.03225806451612903,True
1.5kW,1.5kW_coil_current_13p12pct,intercoil,13.12,False,42,245.3041836716008,fault_test,0.03225806451612903,True
1.5kW,1.5kW_coil_current_13p12pct,intercoil,13.12,False,43,168.3142597546471,fault_test,0.06451612903225806,False
1.5kW,1.5kW_coil_current_13p12pct,intercoil,13.12,False,44,196.56546713999558,fault_test,0.03225806451612903,True
1.5kW,1.5kW_coil_current_13p12pct,intercoil,13.12,False,45,217.19590600685657,fault_test,0.03225806451612903,True
1.5kW,1.5kW_coil_current_13p12pct,intercoil,13.12,False,46,171.36966446627832,fault_test,0.06451612903225806,False
1.5kW,1.5kW_coil_current_13p12pct,intercoil,13.12,False,47,195.34608821601537,fault_test,0.03225806451612903,True
1.5kW,1.5kW_coil_current_13p12pct,intercoil,13.12,False,48,177.28316433956914,fault_test,0.03225806451612903,True
1.5kW,1.5kW_coil_current_13p12pct,intercoil,13.12,False,49,213.28592744323961,fault_test,0.03225806451612903,True
1.5kW,1.5kW_coil_current_13p12pct,intercoil,13.12,False,50,238.36287883454295,fault_test,0.03225806451612903,True
1.5kW,1.5kW_coil_current_13p12pct,intercoil,13.12,False,51,170.62660351644033,fault_test,0.06451612903225806,False
1.5kW,1.5kW_coil_current_13p12pct,intercoil,13.12,False,52,249.02832981443703,fault_test,0.03225806451612903,True
1.5kW,1.5kW_coil_current_13p12pct,intercoil,13.12,False,53,203.41395884028944,fault_test,0.03225806451612903,True
1.5kW,1.5kW_coil_current_13p12pct,intercoil,13.12,False,54,294.5473454116065,fault_test,0.03225806451612903,True
1.5kW,1.5kW_coil_current_13p12pct,intercoil,13.12,False,55,265.0680304341909,fault_test,0.03225806451612903,True
1.5kW,1.5kW_coil_current_13p12pct,intercoil,13.12,False,56,182.49888544482675,fault_test,0.03225806451612903,True
1.5kW,1.5kW_coil_current_13p12pct,intercoil,13.12,False,57,226.33438463604455,fault_test,0.03225806451612903,True
1.5kW,1.5kW_coil_current_13p12pct,intercoil,13.12,False,58,242.70220692277098,fault_test,0.03225806451612903,True
1.5kW,1.5kW_coil_current_13p12pct,intercoil,13.12,False,59,215.6542256593603,fault_test,0.03225806451612903,True
1.5kW,1.5kW_coil_current_23p2pct,intercoil,23.2,False,0,632.1484729483786,fault_test,0.03225806451612903,True
1.5kW,1.5kW_coil_current_23p2pct,intercoil,23.2,False,1,642.2628057557183,fault_test,0.03225806451612903,True
1.5kW,1.5kW_coil_current_23p2pct,intercoil,23.2,False,2,643.5617791369564,fault_test,0.03225806451612903,True
1.5kW,1.5kW_coil_current_23p2pct,intercoil,23.2,False,3,664.0412499490799,fault_test,0.03225806451612903,True
1.5kW,1.5kW_coil_current_23p2pct,intercoil,23.2,False,4,736.021984155021,fault_test,0.03225806451612903,True
1.5kW,1.5kW_coil_current_23p2pct,intercoil,23.2,False,5,649.8092214747833,fault_test,0.03225806451612903,True
1.5kW,1.5kW_coil_current_23p2pct,intercoil,23.2,False,6,657.0670067677765,fault_test,0.03225806451612903,True
1.5kW,1.5kW_coil_current_23p2pct,intercoil,23.2,False,7,767.47416135439,fault_test,0.03225806451612903,True
1.5kW,1.5kW_coil_current_23p2pct,intercoil,23.2,False,8,674.5458207856428,fault_test,0.03225806451612903,True
1.5kW,1.5kW_coil_current_23p2pct,intercoil,23.2,False,9,693.4640856918636,fault_test,0.03225806451612903,True
1.5kW,1.5kW_coil_current_23p2pct,intercoil,23.2,False,10,721.1913302119015,fault_test,0.03225806451612903,True
1.5kW,1.5kW_coil_current_23p2pct,intercoil,23.2,False,11,676.6754082559565,fault_test,0.03225806451612903,True
1.5kW,1.5kW_coil_current_23p2pct,intercoil,23.2,False,12,729.094508905892,fault_test,0.03225806451612903,True
1.5kW,1.5kW_coil_current_23p2pct,intercoil,23.2,False,13,647.1056933647233,fault_test,0.03225806451612903,True
1.5kW,1.5kW_coil_current_23p2pct,intercoil,23.2,False,14,747.5454416149578,fault_test,0.03225806451612903,True
1.5kW,1.5kW_coil_current_23p2pct,intercoil,23.2,False,15,736.962222133751,fault_test,0.03225806451612903,True
1.5kW,1.5kW_coil_current_23p2pct,intercoil,23.2,False,16,823.473381361326,fault_test,0.03225806451612903,True
1.5kW,1.5kW_coil_current_23p2pct,intercoil,23.2,False,17,723.4429593050035,fault_test,0.03225806451612903,True
1.5kW,1.5kW_coil_current_23p2pct,intercoil,23.2,False,18,719.4856097427664,fault_test,0.03225806451612903,True
1.5kW,1.5kW_coil_current_23p2pct,intercoil,23.2,False,19,689.0977392574907,fault_test,0.03225806451612903,True
1.5kW,1.5kW_coil_current_23p2pct,intercoil,23.2,False,20,693.3120437863208,fault_test,0.03225806451612903,True
1.5kW,1.5kW_coil_current_23p2pct,intercoil,23.2,False,21,766.1037469999508,fault_test,0.03225806451612903,True
1.5kW,1.5kW_coil_current_23p2pct,intercoil,23.2,False,22,732.5878530004404,fault_test,0.03225806451612903,True
1.5kW,1.5kW_coil_current_23p2pct,intercoil,23.2,False,23,687.210119088984,fault_test,0.03225806451612903,True
1.5kW,1.5kW_coil_current_23p2pct,intercoil,23.2,False,24,696.2542718674612,fault_test,0.03225806451612903,True
1.5kW,1.5kW_coil_current_23p2pct,intercoil,23.2,False,25,676.2281731960909,fault_test,0.03225806451612903,True
1.5kW,1.5kW_coil_current_23p2pct,intercoil,23.2,False,26,673.8353110130017,fault_test,0.03225806451612903,True
1.5kW,1.5kW_coil_current_23p2pct,intercoil,23.2,False,27,669.9007826278088,fault_test,0.03225806451612903,True
1.5kW,1.5kW_coil_current_23p2pct,intercoil,23.2,False,28,755.7227842062589,fault_test,0.03225806451612903,True
1.5kW,1.5kW_coil_current_23p2pct,intercoil,23.2,False,29,757.3987049394942,fault_test,0.03225806451612903,True
1.5kW,1.5kW_coil_current_23p2pct,intercoil,23.2,False,30,641.7781032003314,fault_test,0.03225806451612903,True
1.5kW,1.5kW_coil_current_23p2pct,intercoil,23.2,False,31,676.4266987723304,fault_test,0.03225806451612903,True
1.5kW,1.5kW_coil_current_23p2pct,intercoil,23.2,False,32,752.4041517806507,fault_test,0.03225806451612903,True
1.5kW,1.5kW_coil_current_23p2pct,intercoil,23.2,False,33,711.0930256793005,fault_test,0.03225806451612903,True
1.5kW,1.5kW_coil_current_23p2pct,intercoil,23.2,False,34,716.1968750812674,fault_test,0.03225806451612903,True
1.5kW,1.5kW_coil_current_23p2pct,intercoil,23.2,False,35,774.1714919157482,fault_test,0.03225806451612903,True
1.5kW,1.5kW_coil_current_23p2pct,intercoil,23.2,False,36,676.3426871985856,fault_test,0.03225806451612903,True
1.5kW,1.5kW_coil_current_23p2pct,intercoil,23.2,False,37,754.2432016445252,fault_test,0.03225806451612903,True
1.5kW,1.5kW_coil_current_23p2pct,intercoil,23.2,False,38,837.4919691613668,fault_test,0.03225806451612903,True
1.5kW,1.5kW_coil_current_23p2pct,intercoil,23.2,False,39,713.1303684979241,fault_test,0.03225806451612903,True
1.5kW,1.5kW_coil_current_23p2pct,intercoil,23.2,False,40,678.9327708923627,fault_test,0.03225806451612903,True
1.5kW,1.5kW_coil_current_23p2pct,intercoil,23.2,False,41,791.6881887230833,fault_test,0.03225806451612903,True
1.5kW,1.5kW_coil_current_23p2pct,intercoil,23.2,False,42,763.4349722312149,fault_test,0.03225806451612903,True
1.5kW,1.5kW_coil_current_23p2pct,intercoil,23.2,False,43,712.7176632341672,fault_test,0.03225806451612903,True
1.5kW,1.5kW_coil_current_23p2pct,intercoil,23.2,False,44,745.7560997959954,fault_test,0.03225806451612903,True
1.5kW,1.5kW_coil_current_23p2pct,intercoil,23.2,False,45,722.8051819749694,fault_test,0.03225806451612903,True
1.5kW,1.5kW_coil_current_23p2pct,intercoil,23.2,False,46,719.6688211164104,fault_test,0.03225806451612903,True
1.5kW,1.5kW_coil_current_23p2pct,intercoil,23.2,False,47,710.6688218981093,fault_test,0.03225806451612903,True
1.5kW,1.5kW_coil_current_23p2pct,intercoil,23.2,False,48,694.8360686732926,fault_test,0.03225806451612903,True
1.5kW,1.5kW_coil_current_23p2pct,intercoil,23.2,False,49,741.8657925549469,fault_test,0.03225806451612903,True
1.5kW,1.5kW_coil_current_23p2pct,intercoil,23.2,False,50,818.4471239974118,fault_test,0.03225806451612903,True
1.5kW,1.5kW_coil_current_23p2pct,intercoil,23.2,False,51,670.6729769355134,fault_test,0.03225806451612903,True
1.5kW,1.5kW_coil_current_23p2pct,intercoil,23.2,False,52,701.7129651256147,fault_test,0.03225806451612903,True
1.5kW,1.5kW_coil_current_23p2pct,intercoil,23.2,False,53,701.7873523596093,fault_test,0.03225806451612903,True
1.5kW,1.5kW_coil_current_23p2pct,intercoil,23.2,False,54,700.926256407441,fault_test,0.03225806451612903,True
1.5kW,1.5kW_coil_current_23p2pct,intercoil,23.2,False,55,679.1786301318011,fault_test,0.03225806451612903,True
1.5kW,1.5kW_coil_current_23p2pct,intercoil,23.2,False,56,706.1267368591305,fault_test,0.03225806451612903,True
1.5kW,1.5kW_coil_current_23p2pct,intercoil,23.2,False,57,717.3778706892579,fault_test,0.03225806451612903,True
1.5kW,1.5kW_coil_current_23p2pct,intercoil,23.2,False,58,694.1292266578292,fault_test,0.03225806451612903,True
1.5kW,1.5kW_coil_current_23p2pct,intercoil,23.2,False,59,665.857992012945,fault_test,0.03225806451612903,True
1.5kW,1.5kW_coil_current_37p66pct,intercoil,37.66,False,0,275.5822766190022,fault_test,0.03225806451612903,True
1.5kW,1.5kW_coil_current_37p66pct,intercoil,37.66,False,1,249.0774479308172,fault_test,0.03225806451612903,True
1.5kW,1.5kW_coil_current_37p66pct,intercoil,37.66,False,2,296.46278847225506,fault_test,0.03225806451612903,True
1.5kW,1.5kW_coil_current_37p66pct,intercoil,37.66,False,3,243.84204282339576,fault_test,0.03225806451612903,True
1.5kW,1.5kW_coil_current_37p66pct,intercoil,37.66,False,4,219.8037352051599,fault_test,0.03225806451612903,True
1.5kW,1.5kW_coil_current_37p66pct,intercoil,37.66,False,5,299.1456327479175,fault_test,0.03225806451612903,True
1.5kW,1.5kW_coil_current_37p66pct,intercoil,37.66,False,6,238.52885855331778,fault_test,0.03225806451612903,True
1.5kW,1.5kW_coil_current_37p66pct,intercoil,37.66,False,7,310.3577503083169,fault_test,0.03225806451612903,True
1.5kW,1.5kW_coil_current_37p66pct,intercoil,37.66,False,8,242.81545347592208,fault_test,0.03225806451612903,True
1.5kW,1.5kW_coil_current_37p66pct,intercoil,37.66,False,9,211.98352801476716,fault_test,0.03225806451612903,True
1.5kW,1.5kW_coil_current_37p66pct,intercoil,37.66,False,10,246.91004662023238,fault_test,0.03225806451612903,True
1.5kW,1.5kW_coil_current_37p66pct,intercoil,37.66,False,11,234.08329187286958,fault_test,0.03225806451612903,True
1.5kW,1.5kW_coil_current_37p66pct,intercoil,37.66,False,12,239.77022217025595,fault_test,0.03225806451612903,True
1.5kW,1.5kW_coil_current_37p66pct,intercoil,37.66,False,13,281.1379272916678,fault_test,0.03225806451612903,True
1.5kW,1.5kW_coil_current_37p66pct,intercoil,37.66,False,14,227.87076313495683,fault_test,0.03225806451612903,True
1.5kW,1.5kW_coil_current_37p66pct,intercoil,37.66,False,15,284.5868603486555,fault_test,0.03225806451612903,True
1.5kW,1.5kW_coil_current_37p66pct,intercoil,37.66,False,16,284.19978206225005,fault_test,0.03225806451612903,True
1.5kW,1.5kW_coil_current_37p66pct,intercoil,37.66,False,17,210.7746313537446,fault_test,0.03225806451612903,True
1.5kW,1.5kW_coil_current_37p66pct,intercoil,37.66,False,18,221.7663087307527,fault_test,0.03225806451612903,True
1.5kW,1.5kW_coil_current_37p66pct,intercoil,37.66,False,19,214.55519960414665,fault_test,0.03225806451612903,True
1.5kW,1.5kW_coil_current_37p66pct,intercoil,37.66,False,20,214.13527065428832,fault_test,0.03225806451612903,True
1.5kW,1.5kW_coil_current_37p66pct,intercoil,37.66,False,21,287.78453535082855,fault_test,0.03225806451612903,True
1.5kW,1.5kW_coil_current_37p66pct,intercoil,37.66,False,22,270.48025855436555,fault_test,0.03225806451612903,True
1.5kW,1.5kW_coil_current_37p66pct,intercoil,37.66,False,23,201.5374058827966,fault_test,0.03225806451612903,True
1.5kW,1.5kW_coil_current_37p66pct,intercoil,37.66,False,24,199.95994959291988,fault_test,0.03225806451612903,True
1.5kW,1.5kW_coil_current_37p66pct,intercoil,37.66,False,25,212.94469098440644,fault_test,0.03225806451612903,True
1.5kW,1.5kW_coil_current_37p66pct,intercoil,37.66,False,26,263.69435564542607,fault_test,0.03225806451612903,True
1.5kW,1.5kW_coil_current_37p66pct,intercoil,37.66,False,27,253.69279730616398,fault_test,0.03225806451612903,True
1.5kW,1.5kW_coil_current_37p66pct,intercoil,37.66,False,28,195.7123273512463,fault_test,0.03225806451612903,True
1.5kW,1.5kW_coil_current_37p66pct,intercoil,37.66,False,29,193.33225811779496,fault_test,0.03225806451612903,True
1.5kW,1.5kW_coil_current_37p66pct,intercoil,37.66,False,30,251.00989183378312,fault_test,0.03225806451612903,True
1.5kW,1.5kW_coil_current_37p66pct,intercoil,37.66,False,31,215.48763952117062,fault_test,0.03225806451612903,True
1.5kW,1.5kW_coil_current_37p66pct,intercoil,37.66,False,32,221.33864263194442,fault_test,0.03225806451612903,True
1.5kW,1.5kW_coil_current_37p66pct,intercoil,37.66,False,33,220.3863457948216,fault_test,0.03225806451612903,True
1.5kW,1.5kW_coil_current_37p66pct,intercoil,37.66,False,34,239.6291654354237,fault_test,0.03225806451612903,True
1.5kW,1.5kW_coil_current_37p66pct,intercoil,37.66,False,35,288.88476454084844,fault_test,0.03225806451612903,True
1.5kW,1.5kW_coil_current_37p66pct,intercoil,37.66,False,36,268.1621469037763,fault_test,0.03225806451612903,True
1.5kW,1.5kW_coil_current_37p66pct,intercoil,37.66,False,37,226.3970757858982,fault_test,0.03225806451612903,True
1.5kW,1.5kW_coil_current_37p66pct,intercoil,37.66,False,38,206.82342321460138,fault_test,0.03225806451612903,True
1.5kW,1.5kW_coil_current_37p66pct,intercoil,37.66,False,39,202.85613489384087,fault_test,0.03225806451612903,True
1.5kW,1.5kW_coil_current_37p66pct,intercoil,37.66,False,40,225.42824886523388,fault_test,0.03225806451612903,True
1.5kW,1.5kW_coil_current_37p66pct,intercoil,37.66,False,41,220.22583640896846,fault_test,0.03225806451612903,True
1.5kW,1.5kW_coil_current_37p66pct,intercoil,37.66,False,42,191.48319658423358,fault_test,0.03225806451612903,True
1.5kW,1.5kW_coil_current_37p66pct,intercoil,37.66,False,43,218.18464912278702,fault_test,0.03225806451612903,True
1.5kW,1.5kW_coil_current_37p66pct,intercoil,37.66,False,44,269.9818277221533,fault_test,0.03225806451612903,True
1.5kW,1.5kW_coil_current_37p66pct,intercoil,37.66,False,45,209.21527909149756,fault_test,0.03225806451612903,True
1.5kW,1.5kW_coil_current_37p66pct,intercoil,37.66,False,46,192.20261366101357,fault_test,0.03225806451612903,True
1.5kW,1.5kW_coil_current_37p66pct,intercoil,37.66,False,47,165.59353791000942,fault_test,0.06451612903225806,False
1.5kW,1.5kW_coil_current_37p66pct,intercoil,37.66,False,48,192.36282261429608,fault_test,0.03225806451612903,True
1.5kW,1.5kW_coil_current_37p66pct,intercoil,37.66,False,49,201.6367230678641,fault_test,0.03225806451612903,True
1.5kW,1.5kW_coil_current_37p66pct,intercoil,37.66,False,50,174.99446484049133,fault_test,0.06451612903225806,False
1.5kW,1.5kW_coil_current_37p66pct,intercoil,37.66,False,51,177.30183025740615,fault_test,0.03225806451612903,True
1.5kW,1.5kW_coil_current_37p66pct,intercoil,37.66,False,52,175.42586666775227,fault_test,0.06451612903225806,False
1.5kW,1.5kW_coil_current_37p66pct,intercoil,37.66,False,53,158.48848124989394,fault_test,0.0967741935483871,False
1.5kW,1.5kW_coil_current_37p66pct,intercoil,37.66,False,54,190.70005460914754,fault_test,0.03225806451612903,True
1.5kW,1.5kW_coil_current_37p66pct,intercoil,37.66,False,55,121.66155029703602,fault_test,0.3870967741935484,False
1.5kW,1.5kW_coil_current_37p66pct,intercoil,37.66,False,56,153.5828442432109,fault_test,0.12903225806451613,False
1.5kW,1.5kW_coil_current_37p66pct,intercoil,37.66,False,57,165.94099647569453,fault_test,0.06451612903225806,False
1.5kW,1.5kW_coil_current_37p66pct,intercoil,37.66,False,58,161.99222932978705,fault_test,0.0967741935483871,False
1.5kW,1.5kW_coil_current_37p66pct,intercoil,37.66,False,59,167.13056396959087,fault_test,0.06451612903225806,False
1.5kW,1.5kW_coil_current_4p79pct,intercoil,4.79,False,0,710.2424471422179,fault_test,0.03225806451612903,True
1.5kW,1.5kW_coil_current_4p79pct,intercoil,4.79,False,1,835.6043247477344,fault_test,0.03225806451612903,True
1.5kW,1.5kW_coil_current_4p79pct,intercoil,4.79,False,2,732.4146492504706,fault_test,0.03225806451612903,True
1.5kW,1.5kW_coil_current_4p79pct,intercoil,4.79,False,3,799.482725282545,fault_test,0.03225806451612903,True
1.5kW,1.5kW_coil_current_4p79pct,intercoil,4.79,False,4,757.5707348771954,fault_test,0.03225806451612903,True
1.5kW,1.5kW_coil_current_4p79pct,intercoil,4.79,False,5,744.8476275549083,fault_test,0.03225806451612903,True
1.5kW,1.5kW_coil_current_4p79pct,intercoil,4.79,False,6,782.7395441981139,fault_test,0.03225806451612903,True
1.5kW,1.5kW_coil_current_4p79pct,intercoil,4.79,False,7,821.0411010553082,fault_test,0.03225806451612903,True
1.5kW,1.5kW_coil_current_4p79pct,intercoil,4.79,False,8,689.8938515603962,fault_test,0.03225806451612903,True
1.5kW,1.5kW_coil_current_4p79pct,intercoil,4.79,False,9,769.6183102147602,fault_test,0.03225806451612903,True
1.5kW,1.5kW_coil_current_4p79pct,intercoil,4.79,False,10,792.3952205959814,fault_test,0.03225806451612903,True
1.5kW,1.5kW_coil_current_4p79pct,intercoil,4.79,False,11,866.468401972375,fault_test,0.03225806451612903,True
1.5kW,1.5kW_coil_current_4p79pct,intercoil,4.79,False,12,958.337217725093,fault_test,0.03225806451612903,True
1.5kW,1.5kW_coil_current_4p79pct,intercoil,4.79,False,13,835.6196151426313,fault_test,0.03225806451612903,True
1.5kW,1.5kW_coil_current_4p79pct,intercoil,4.79,False,14,922.5499850106467,fault_test,0.03225806451612903,True
1.5kW,1.5kW_coil_current_4p79pct,intercoil,4.79,False,15,981.0840839838422,fault_test,0.03225806451612903,True
1.5kW,1.5kW_coil_current_4p79pct,intercoil,4.79,False,16,822.8715781212878,fault_test,0.03225806451612903,True
1.5kW,1.5kW_coil_current_4p79pct,intercoil,4.79,False,17,809.6691470688163,fault_test,0.03225806451612903,True
1.5kW,1.5kW_coil_current_4p79pct,intercoil,4.79,False,18,758.0444989570543,fault_test,0.03225806451612903,True
1.5kW,1.5kW_coil_current_4p79pct,intercoil,4.79,False,19,783.706933391207,fault_test,0.03225806451612903,True
1.5kW,1.5kW_coil_current_4p79pct,intercoil,4.79,False,20,747.2916252652542,fault_test,0.03225806451612903,True
1.5kW,1.5kW_coil_current_4p79pct,intercoil,4.79,False,21,772.9474967691273,fault_test,0.03225806451612903,True
1.5kW,1.5kW_coil_current_4p79pct,intercoil,4.79,False,22,775.8308136726424,fault_test,0.03225806451612903,True
1.5kW,1.5kW_coil_current_4p79pct,intercoil,4.79,False,23,776.7958399182489,fault_test,0.03225806451612903,True
1.5kW,1.5kW_coil_current_4p79pct,intercoil,4.79,False,24,828.8542313596066,fault_test,0.03225806451612903,True
1.5kW,1.5kW_coil_current_4p79pct,intercoil,4.79,False,25,787.3867461069877,fault_test,0.03225806451612903,True
1.5kW,1.5kW_coil_current_4p79pct,intercoil,4.79,False,26,800.0941001295141,fault_test,0.03225806451612903,True
1.5kW,1.5kW_coil_current_4p79pct,intercoil,4.79,False,27,781.2812832749456,fault_test,0.03225806451612903,True
1.5kW,1.5kW_coil_current_4p79pct,intercoil,4.79,False,28,722.84214554197,fault_test,0.03225806451612903,True
1.5kW,1.5kW_coil_current_4p79pct,intercoil,4.79,False,29,773.3369912500243,fault_test,0.03225806451612903,True
1.5kW,1.5kW_coil_current_4p79pct,intercoil,4.79,False,30,765.921465317494,fault_test,0.03225806451612903,True
1.5kW,1.5kW_coil_current_4p79pct,intercoil,4.79,False,31,789.6461249372713,fault_test,0.03225806451612903,True
1.5kW,1.5kW_coil_current_4p79pct,intercoil,4.79,False,32,673.5237585233467,fault_test,0.03225806451612903,True
1.5kW,1.5kW_coil_current_4p79pct,intercoil,4.79,False,33,723.9050345435779,fault_test,0.03225806451612903,True
1.5kW,1.5kW_coil_current_4p79pct,intercoil,4.79,False,34,751.262052647419,fault_test,0.03225806451612903,True
1.5kW,1.5kW_coil_current_4p79pct,intercoil,4.79,False,35,766.5520479822663,fault_test,0.03225806451612903,True
1.5kW,1.5kW_coil_current_4p79pct,intercoil,4.79,False,36,856.5792295245616,fault_test,0.03225806451612903,True
1.5kW,1.5kW_coil_current_4p79pct,intercoil,4.79,False,37,864.7537524471828,fault_test,0.03225806451612903,True
1.5kW,1.5kW_coil_current_4p79pct,intercoil,4.79,False,38,762.5708164618624,fault_test,0.03225806451612903,True
1.5kW,1.5kW_coil_current_4p79pct,intercoil,4.79,False,39,713.052208280562,fault_test,0.03225806451612903,True
1.5kW,1.5kW_coil_current_4p79pct,intercoil,4.79,False,40,707.589007707423,fault_test,0.03225806451612903,True
1.5kW,1.5kW_coil_current_4p79pct,intercoil,4.79,False,41,827.9178589931698,fault_test,0.03225806451612903,True
1.5kW,1.5kW_coil_current_4p79pct,intercoil,4.79,False,42,736.8412595348241,fault_test,0.03225806451612903,True
1.5kW,1.5kW_coil_current_4p79pct,intercoil,4.79,False,43,798.5190762348934,fault_test,0.03225806451612903,True
1.5kW,1.5kW_coil_current_4p79pct,intercoil,4.79,False,44,764.4935438936914,fault_test,0.03225806451612903,True
1.5kW,1.5kW_coil_current_4p79pct,intercoil,4.79,False,45,784.7269125497506,fault_test,0.03225806451612903,True
1.5kW,1.5kW_coil_current_4p79pct,intercoil,4.79,False,46,700.3366289523273,fault_test,0.03225806451612903,True
1.5kW,1.5kW_coil_current_4p79pct,intercoil,4.79,False,47,700.5389023286522,fault_test,0.03225806451612903,True
1.5kW,1.5kW_coil_current_4p79pct,intercoil,4.79,False,48,751.5032109116241,fault_test,0.03225806451612903,True
1.5kW,1.5kW_coil_current_4p79pct,intercoil,4.79,False,49,704.1365418170107,fault_test,0.03225806451612903,True
1.5kW,1.5kW_coil_current_4p79pct,intercoil,4.79,False,50,787.8235041372183,fault_test,0.03225806451612903,True
1.5kW,1.5kW_coil_current_4p79pct,intercoil,4.79,False,51,713.6973114520581,fault_test,0.03225806451612903,True
1.5kW,1.5kW_coil_current_4p79pct,intercoil,4.79,False,52,764.5412637826835,fault_test,0.03225806451612903,True
1.5kW,1.5kW_coil_current_4p79pct,intercoil,4.79,False,53,938.1671410991589,fault_test,0.03225806451612903,True
1.5kW,1.5kW_coil_current_4p79pct,intercoil,4.79,False,54,725.1546905132062,fault_test,0.03225806451612903,True
1.5kW,1.5kW_coil_current_4p79pct,intercoil,4.79,False,55,723.7461836732759,fault_test,0.03225806451612903,True
1.5kW,1.5kW_coil_current_4p79pct,intercoil,4.79,False,56,787.8747180095114,fault_test,0.03225806451612903,True
1.5kW,1.5kW_coil_current_4p79pct,intercoil,4.79,False,57,728.2763364990078,fault_test,0.03225806451612903,True
1.5kW,1.5kW_coil_current_4p79pct,intercoil,4.79,False,58,799.9326382868646,fault_test,0.03225806451612903,True
1.5kW,1.5kW_coil_current_4p79pct,intercoil,4.79,False,59,709.4106338775817,fault_test,0.03225806451612903,True
1.5kW,1.5kW_coil_current_5p7pct,intercoil,5.7,False,0,777.4130957074301,fault_test,0.03225806451612903,True
1.5kW,1.5kW_coil_current_5p7pct,intercoil,5.7,False,1,757.6352949912464,fault_test,0.03225806451612903,True
1.5kW,1.5kW_coil_current_5p7pct,intercoil,5.7,False,2,806.007076726688,fault_test,0.03225806451612903,True
1.5kW,1.5kW_coil_current_5p7pct,intercoil,5.7,False,3,843.1193866102478,fault_test,0.03225806451612903,True
1.5kW,1.5kW_coil_current_5p7pct,intercoil,5.7,False,4,847.2665835643702,fault_test,0.03225806451612903,True
1.5kW,1.5kW_coil_current_5p7pct,intercoil,5.7,False,5,797.8100014432175,fault_test,0.03225806451612903,True
1.5kW,1.5kW_coil_current_5p7pct,intercoil,5.7,False,6,798.9902971621726,fault_test,0.03225806451612903,True
1.5kW,1.5kW_coil_current_5p7pct,intercoil,5.7,False,7,819.7342397942507,fault_test,0.03225806451612903,True
1.5kW,1.5kW_coil_current_5p7pct,intercoil,5.7,False,8,779.1528459654487,fault_test,0.03225806451612903,True
1.5kW,1.5kW_coil_current_5p7pct,intercoil,5.7,False,9,851.0241728726064,fault_test,0.03225806451612903,True
1.5kW,1.5kW_coil_current_5p7pct,intercoil,5.7,False,10,929.0504727230248,fault_test,0.03225806451612903,True
1.5kW,1.5kW_coil_current_5p7pct,intercoil,5.7,False,11,853.772432698848,fault_test,0.03225806451612903,True
1.5kW,1.5kW_coil_current_5p7pct,intercoil,5.7,False,12,812.6093659796022,fault_test,0.03225806451612903,True
1.5kW,1.5kW_coil_current_5p7pct,intercoil,5.7,False,13,853.6687394209201,fault_test,0.03225806451612903,True
1.5kW,1.5kW_coil_current_5p7pct,intercoil,5.7,False,14,776.3777682391425,fault_test,0.03225806451612903,True
1.5kW,1.5kW_coil_current_5p7pct,intercoil,5.7,False,15,791.1448181621299,fault_test,0.03225806451612903,True
1.5kW,1.5kW_coil_current_5p7pct,intercoil,5.7,False,16,838.7618932547706,fault_test,0.03225806451612903,True
1.5kW,1.5kW_coil_current_5p7pct,intercoil,5.7,False,17,782.6695746252378,fault_test,0.03225806451612903,True
1.5kW,1.5kW_coil_current_5p7pct,intercoil,5.7,False,18,801.8252220685838,fault_test,0.03225806451612903,True
1.5kW,1.5kW_coil_current_5p7pct,intercoil,5.7,False,19,763.5375140370368,fault_test,0.03225806451612903,True
1.5kW,1.5kW_coil_current_5p7pct,intercoil,5.7,False,20,831.2777943416613,fault_test,0.03225806451612903,True
1.5kW,1.5kW_coil_current_5p7pct,intercoil,5.7,False,21,826.6462856039421,fault_test,0.03225806451612903,True
1.5kW,1.5kW_coil_current_5p7pct,intercoil,5.7,False,22,832.7936338032778,fault_test,0.03225806451612903,True
1.5kW,1.5kW_coil_current_5p7pct,intercoil,5.7,False,23,830.9547004974158,fault_test,0.03225806451612903,True
1.5kW,1.5kW_coil_current_5p7pct,intercoil,5.7,False,24,798.965707367727,fault_test,0.03225806451612903,True
1.5kW,1.5kW_coil_current_5p7pct,intercoil,5.7,False,25,807.0332844540169,fault_test,0.03225806451612903,True
1.5kW,1.5kW_coil_current_5p7pct,intercoil,5.7,False,26,822.6165498319208,fault_test,0.03225806451612903,True
1.5kW,1.5kW_coil_current_5p7pct,intercoil,5.7,False,27,750.0806303729566,fault_test,0.03225806451612903,True
1.5kW,1.5kW_coil_current_5p7pct,intercoil,5.7,False,28,772.2616192487885,fault_test,0.03225806451612903,True
1.5kW,1.5kW_coil_current_5p7pct,intercoil,5.7,False,29,747.2801669023241,fault_test,0.03225806451612903,True
1.5kW,1.5kW_coil_current_5p7pct,intercoil,5.7,False,30,902.0828213080076,fault_test,0.03225806451612903,True
1.5kW,1.5kW_coil_current_5p7pct,intercoil,5.7,False,31,760.1123560944902,fault_test,0.03225806451612903,True
1.5kW,1.5kW_coil_current_5p7pct,intercoil,5.7,False,32,832.230939646641,fault_test,0.03225806451612903,True
1.5kW,1.5kW_coil_current_5p7pct,intercoil,5.7,False,33,811.3009446144958,fault_test,0.03225806451612903,True
1.5kW,1.5kW_coil_current_5p7pct,intercoil,5.7,False,34,867.4081470697565,fault_test,0.03225806451612903,True
1.5kW,1.5kW_coil_current_5p7pct,intercoil,5.7,False,35,754.8020441323653,fault_test,0.03225806451612903,True
1.5kW,1.5kW_coil_current_5p7pct,intercoil,5.7,False,36,821.8120584342962,fault_test,0.03225806451612903,True
1.5kW,1.5kW_coil_current_5p7pct,intercoil,5.7,False,37,793.4411741919994,fault_test,0.03225806451612903,True
1.5kW,1.5kW_coil_current_5p7pct,intercoil,5.7,False,38,821.0583360873036,fault_test,0.03225806451612903,True
1.5kW,1.5kW_coil_current_5p7pct,intercoil,5.7,False,39,809.8596194565694,fault_test,0.03225806451612903,True
1.5kW,1.5kW_coil_current_5p7pct,intercoil,5.7,False,40,760.8491016178934,fault_test,0.03225806451612903,True
1.5kW,1.5kW_coil_current_5p7pct,intercoil,5.7,False,41,818.5364525193363,fault_test,0.03225806451612903,True
1.5kW,1.5kW_coil_current_5p7pct,intercoil,5.7,False,42,769.1809301246685,fault_test,0.03225806451612903,True
1.5kW,1.5kW_coil_current_5p7pct,intercoil,5.7,False,43,787.2010931614741,fault_test,0.03225806451612903,True
1.5kW,1.5kW_coil_current_5p7pct,intercoil,5.7,False,44,808.0976957603474,fault_test,0.03225806451612903,True
1.5kW,1.5kW_coil_current_5p7pct,intercoil,5.7,False,45,858.4164638705502,fault_test,0.03225806451612903,True
1.5kW,1.5kW_coil_current_5p7pct,intercoil,5.7,False,46,837.5931952300773,fault_test,0.03225806451612903,True
1.5kW,1.5kW_coil_current_5p7pct,intercoil,5.7,False,47,750.2350639480107,fault_test,0.03225806451612903,True
1.5kW,1.5kW_coil_current_5p7pct,intercoil,5.7,False,48,854.7529539883681,fault_test,0.03225806451612903,True
1.5kW,1.5kW_coil_current_5p7pct,intercoil,5.7,False,49,773.2082984168147,fault_test,0.03225806451612903,True
1.5kW,1.5kW_coil_current_5p7pct,intercoil,5.7,False,50,819.9987890043641,fault_test,0.03225806451612903,True
1.5kW,1.5kW_coil_current_5p7pct,intercoil,5.7,False,51,795.0638880745831,fault_test,0.03225806451612903,True
1.5kW,1.5kW_coil_current_5p7pct,intercoil,5.7,False,52,864.5369605495075,fault_test,0.03225806451612903,True
1.5kW,1.5kW_coil_current_5p7pct,intercoil,5.7,False,53,778.2694342951172,fault_test,0.03225806451612903,True
1.5kW,1.5kW_coil_current_5p7pct,intercoil,5.7,False,54,832.5643618776287,fault_test,0.03225806451612903,True
1.5kW,1.5kW_coil_current_5p7pct,intercoil,5.7,False,55,873.8431291802482,fault_test,0.03225806451612903,True
1.5kW,1.5kW_coil_current_5p7pct,intercoil,5.7,False,56,796.3208182140058,fault_test,0.03225806451612903,True
1.5kW,1.5kW_coil_current_5p7pct,intercoil,5.7,False,57,896.6845414502855,fault_test,0.03225806451612903,True
1.5kW,1.5kW_coil_current_5p7pct,intercoil,5.7,False,58,787.3651336690142,fault_test,0.03225806451612903,True
1.5kW,1.5kW_coil_current_5p7pct,intercoil,5.7,False,59,816.1516586301772,fault_test,0.03225806451612903,True
1.5kW,1.5kW_coil_current_7p02pct,intercoil,7.02,False,0,132.7092594436031,fault_test,0.3225806451612903,False
1.5kW,1.5kW_coil_current_7p02pct,intercoil,7.02,False,1,124.30856029708154,fault_test,0.3870967741935484,False
1.5kW,1.5kW_coil_current_7p02pct,intercoil,7.02,False,2,163.61599988057628,fault_test,0.06451612903225806,False
1.5kW,1.5kW_coil_current_7p02pct,intercoil,7.02,False,3,191.84101005099416,fault_test,0.03225806451612903,True
1.5kW,1.5kW_coil_current_7p02pct,intercoil,7.02,False,4,155.76607784807078,fault_test,0.0967741935483871,False
1.5kW,1.5kW_coil_current_7p02pct,intercoil,7.02,False,5,168.3942951176948,fault_test,0.06451612903225806,False
1.5kW,1.5kW_coil_current_7p02pct,intercoil,7.02,False,6,180.9044593319265,fault_test,0.03225806451612903,True
1.5kW,1.5kW_coil_current_7p02pct,intercoil,7.02,False,7,211.60616309864582,fault_test,0.03225806451612903,True
1.5kW,1.5kW_coil_current_7p02pct,intercoil,7.02,False,8,157.85132276395905,fault_test,0.0967741935483871,False
1.5kW,1.5kW_coil_current_7p02pct,intercoil,7.02,False,9,199.47971919642117,fault_test,0.03225806451612903,True
1.5kW,1.5kW_coil_current_7p02pct,intercoil,7.02,False,10,278.60095277161463,fault_test,0.03225806451612903,True
1.5kW,1.5kW_coil_current_7p02pct,intercoil,7.02,False,11,244.34326112146255,fault_test,0.03225806451612903,True
1.5kW,1.5kW_coil_current_7p02pct,intercoil,7.02,False,12,219.57643642766345,fault_test,0.03225806451612903,True
1.5kW,1.5kW_coil_current_7p02pct,intercoil,7.02,False,13,239.2295378349456,fault_test,0.03225806451612903,True
1.5kW,1.5kW_coil_current_7p02pct,intercoil,7.02,False,14,245.41077956579085,fault_test,0.03225806451612903,True
1.5kW,1.5kW_coil_current_7p02pct,intercoil,7.02,False,15,215.50755522067362,fault_test,0.03225806451612903,True
1.5kW,1.5kW_coil_current_7p02pct,intercoil,7.02,False,16,187.39337972039368,fault_test,0.03225806451612903,True
1.5kW,1.5kW_coil_current_7p02pct,intercoil,7.02,False,17,217.66172287231356,fault_test,0.03225806451612903,True
1.5kW,1.5kW_coil_current_7p02pct,intercoil,7.02,False,18,212.0974806607683,fault_test,0.03225806451612903,True
1.5kW,1.5kW_coil_current_7p02pct,intercoil,7.02,False,19,298.78952357440113,fault_test,0.03225806451612903,True
1.5kW,1.5kW_coil_current_7p02pct,intercoil,7.02,False,20,245.15864205238663,fault_test,0.03225806451612903,True
1.5kW,1.5kW_coil_current_7p02pct,intercoil,7.02,False,21,186.63706330197704,fault_test,0.03225806451612903,True
1.5kW,1.5kW_coil_current_7p02pct,intercoil,7.02,False,22,193.12939482815426,fault_test,0.03225806451612903,True
1.5kW,1.5kW_coil_current_7p02pct,intercoil,7.02,False,23,227.82319302689615,fault_test,0.03225806451612903,True
1.5kW,1.5kW_coil_current_7p02pct,intercoil,7.02,False,24,205.4022672381193,fault_test,0.03225806451612903,True
1.5kW,1.5kW_coil_current_7p02pct,intercoil,7.02,False,25,229.4671771341955,fault_test,0.03225806451612903,True
1.5kW,1.5kW_coil_current_7p02pct,intercoil,7.02,False,26,247.40639100293416,fault_test,0.03225806451612903,True
1.5kW,1.5kW_coil_current_7p02pct,intercoil,7.02,False,27,206.23236460822477,fault_test,0.03225806451612903,True
1.5kW,1.5kW_coil_current_7p02pct,intercoil,7.02,False,28,118.69064425273157,fault_test,0.3870967741935484,False
1.5kW,1.5kW_coil_current_7p02pct,intercoil,7.02,False,29,170.30951497844387,fault_test,0.06451612903225806,False
1.5kW,1.5kW_coil_current_7p02pct,intercoil,7.02,False,30,124.01730258939449,fault_test,0.3870967741935484,False
1.5kW,1.5kW_coil_current_7p02pct,intercoil,7.02,False,31,117.31961824959492,fault_test,0.3870967741935484,False
1.5kW,1.5kW_coil_current_7p02pct,intercoil,7.02,False,32,119.14298022532347,fault_test,0.3870967741935484,False
1.5kW,1.5kW_coil_current_7p02pct,intercoil,7.02,False,33,133.56487643769157,fault_test,0.3225806451612903,False
1.5kW,1.5kW_coil_current_7p02pct,intercoil,7.02,False,34,185.40270568073396,fault_test,0.03225806451612903,True
1.5kW,1.5kW_coil_current_7p02pct,intercoil,7.02,False,35,130.67649759588218,fault_test,0.3548387096774194,False
1.5kW,1.5kW_coil_current_7p02pct,intercoil,7.02,False,36,136.5343445922934,fault_test,0.3225806451612903,False
1.5kW,1.5kW_coil_current_7p02pct,intercoil,7.02,False,37,119.46658899181499,fault_test,0.3870967741935484,False
1.5kW,1.5kW_coil_current_7p02pct,intercoil,7.02,False,38,135.63191070348134,fault_test,0.3225806451612903,False
1.5kW,1.5kW_coil_current_7p02pct,intercoil,7.02,False,39,125.75422150350376,fault_test,0.3548387096774194,False
1.5kW,1.5kW_coil_current_7p02pct,intercoil,7.02,False,40,172.20602500856097,fault_test,0.06451612903225806,False
1.5kW,1.5kW_coil_current_7p02pct,intercoil,7.02,False,41,144.31077338228553,fault_test,0.1935483870967742,False
1.5kW,1.5kW_coil_current_7p02pct,intercoil,7.02,False,42,158.79477056629327,fault_test,0.0967741935483871,False
1.5kW,1.5kW_coil_current_7p02pct,intercoil,7.02,False,43,169.06167413334785,fault_test,0.06451612903225806,False
1.5kW,1.5kW_coil_current_7p02pct,intercoil,7.02,False,44,150.03347978406572,fault_test,0.16129032258064516,False
1.5kW,1.5kW_coil_current_7p02pct,intercoil,7.02,False,45,159.95408682779293,fault_test,0.0967741935483871,False
1.5kW,1.5kW_coil_current_7p02pct,intercoil,7.02,False,46,166.09175749938757,fault_test,0.06451612903225806,False
1.5kW,1.5kW_coil_current_7p02pct,intercoil,7.02,False,47,176.29944719826943,fault_test,0.06451612903225806,False
1.5kW,1.5kW_coil_current_7p02pct,intercoil,7.02,False,48,146.75017084264158,fault_test,0.1935483870967742,False
1.5kW,1.5kW_coil_current_7p02pct,intercoil,7.02,False,49,123.3487474586179,fault_test,0.3870967741935484,False
1.5kW,1.5kW_coil_current_7p02pct,intercoil,7.02,False,50,139.40674219089402,fault_test,0.3225806451612903,False
1.5kW,1.5kW_coil_current_7p02pct,intercoil,7.02,False,51,180.23665098363563,fault_test,0.03225806451612903,True
1.5kW,1.5kW_coil_current_7p02pct,intercoil,7.02,False,52,201.8858878475666,fault_test,0.03225806451612903,True
1.5kW,1.5kW_coil_current_7p02pct,intercoil,7.02,False,53,167.24862760193514,fault_test,0.06451612903225806,False
1.5kW,1.5kW_coil_current_7p02pct,intercoil,7.02,False,54,237.64104008633745,fault_test,0.03225806451612903,True
1.5kW,1.5kW_coil_current_7p02pct,intercoil,7.02,False,55,241.4631213095923,fault_test,0.03225806451612903,True
1.5kW,1.5kW_coil_current_7p02pct,intercoil,7.02,False,56,205.01533086374766,fault_test,0.03225806451612903,True
1.5kW,1.5kW_coil_current_7p02pct,intercoil,7.02,False,57,204.598251681311,fault_test,0.03225806451612903,True
1.5kW,1.5kW_coil_current_7p02pct,intercoil,7.02,False,58,176.52783857174347,fault_test,0.06451612903225806,False
1.5kW,1.5kW_coil_current_7p02pct,intercoil,7.02,False,59,190.7824401349995,fault_test,0.03225806451612903,True
1.5kW,1.5kW_coil_current_9p15pct,intercoil,9.15,False,0,655.1679804252302,fault_test,0.03225806451612903,True
1.5kW,1.5kW_coil_current_9p15pct,intercoil,9.15,False,1,707.5901587805903,fault_test,0.03225806451612903,True
1.5kW,1.5kW_coil_current_9p15pct,intercoil,9.15,False,2,681.5715276106934,fault_test,0.03225806451612903,True
1.5kW,1.5kW_coil_current_9p15pct,intercoil,9.15,False,3,723.8076946828869,fault_test,0.03225806451612903,True
1.5kW,1.5kW_coil_current_9p15pct,intercoil,9.15,False,4,719.7041727994676,fault_test,0.03225806451612903,True
1.5kW,1.5kW_coil_current_9p15pct,intercoil,9.15,False,5,744.0409774013167,fault_test,0.03225806451612903,True
1.5kW,1.5kW_coil_current_9p15pct,intercoil,9.15,False,6,693.217847540781,fault_test,0.03225806451612903,True
1.5kW,1.5kW_coil_current_9p15pct,intercoil,9.15,False,7,704.1888883694658,fault_test,0.03225806451612903,True
1.5kW,1.5kW_coil_current_9p15pct,intercoil,9.15,False,8,802.129238343446,fault_test,0.03225806451612903,True
1.5kW,1.5kW_coil_current_9p15pct,intercoil,9.15,False,9,698.4939402355933,fault_test,0.03225806451612903,True
1.5kW,1.5kW_coil_current_9p15pct,intercoil,9.15,False,10,730.6856472523814,fault_test,0.03225806451612903,True
1.5kW,1.5kW_coil_current_9p15pct,intercoil,9.15,False,11,762.7959922465272,fault_test,0.03225806451612903,True
1.5kW,1.5kW_coil_current_9p15pct,intercoil,9.15,False,12,721.3807818840786,fault_test,0.03225806451612903,True
1.5kW,1.5kW_coil_current_9p15pct,intercoil,9.15,False,13,716.2482732164951,fault_test,0.03225806451612903,True
1.5kW,1.5kW_coil_current_9p15pct,intercoil,9.15,False,14,719.067337149532,fault_test,0.03225806451612903,True
1.5kW,1.5kW_coil_current_9p15pct,intercoil,9.15,False,15,772.1075774478841,fault_test,0.03225806451612903,True
1.5kW,1.5kW_coil_current_9p15pct,intercoil,9.15,False,16,802.9463310376167,fault_test,0.03225806451612903,True
1.5kW,1.5kW_coil_current_9p15pct,intercoil,9.15,False,17,738.657395007542,fault_test,0.03225806451612903,True
1.5kW,1.5kW_coil_current_9p15pct,intercoil,9.15,False,18,763.949504865949,fault_test,0.03225806451612903,True
1.5kW,1.5kW_coil_current_9p15pct,intercoil,9.15,False,19,707.9530998814286,fault_test,0.03225806451612903,True
1.5kW,1.5kW_coil_current_9p15pct,intercoil,9.15,False,20,730.7257578403829,fault_test,0.03225806451612903,True
1.5kW,1.5kW_coil_current_9p15pct,intercoil,9.15,False,21,761.6363435738273,fault_test,0.03225806451612903,True
1.5kW,1.5kW_coil_current_9p15pct,intercoil,9.15,False,22,709.4309866872592,fault_test,0.03225806451612903,True
1.5kW,1.5kW_coil_current_9p15pct,intercoil,9.15,False,23,696.1105865455066,fault_test,0.03225806451612903,True
1.5kW,1.5kW_coil_current_9p15pct,intercoil,9.15,False,24,717.2020927074343,fault_test,0.03225806451612903,True
1.5kW,1.5kW_coil_current_9p15pct,intercoil,9.15,False,25,659.0128511715875,fault_test,0.03225806451612903,True
1.5kW,1.5kW_coil_current_9p15pct,intercoil,9.15,False,26,797.5041760768172,fault_test,0.03225806451612903,True
1.5kW,1.5kW_coil_current_9p15pct,intercoil,9.15,False,27,677.2491939699564,fault_test,0.03225806451612903,True
1.5kW,1.5kW_coil_current_9p15pct,intercoil,9.15,False,28,728.9331889502402,fault_test,0.03225806451612903,True
1.5kW,1.5kW_coil_current_9p15pct,intercoil,9.15,False,29,757.5087840356998,fault_test,0.03225806451612903,True
1.5kW,1.5kW_coil_current_9p15pct,intercoil,9.15,False,30,681.8757200018186,fault_test,0.03225806451612903,True
1.5kW,1.5kW_coil_current_9p15pct,intercoil,9.15,False,31,717.8633016444951,fault_test,0.03225806451612903,True
1.5kW,1.5kW_coil_current_9p15pct,intercoil,9.15,False,32,719.0878922817258,fault_test,0.03225806451612903,True
1.5kW,1.5kW_coil_current_9p15pct,intercoil,9.15,False,33,725.0415893998797,fault_test,0.03225806451612903,True
1.5kW,1.5kW_coil_current_9p15pct,intercoil,9.15,False,34,724.7394819172944,fault_test,0.03225806451612903,True
1.5kW,1.5kW_coil_current_9p15pct,intercoil,9.15,False,35,660.4526961322798,fault_test,0.03225806451612903,True
1.5kW,1.5kW_coil_current_9p15pct,intercoil,9.15,False,36,710.5375814799386,fault_test,0.03225806451612903,True
1.5kW,1.5kW_coil_current_9p15pct,intercoil,9.15,False,37,728.7402921052521,fault_test,0.03225806451612903,True
1.5kW,1.5kW_coil_current_9p15pct,intercoil,9.15,False,38,704.2001100762657,fault_test,0.03225806451612903,True
1.5kW,1.5kW_coil_current_9p15pct,intercoil,9.15,False,39,734.7069553242361,fault_test,0.03225806451612903,True
1.5kW,1.5kW_coil_current_9p15pct,intercoil,9.15,False,40,673.1399276754207,fault_test,0.03225806451612903,True
1.5kW,1.5kW_coil_current_9p15pct,intercoil,9.15,False,41,726.0436254885965,fault_test,0.03225806451612903,True
1.5kW,1.5kW_coil_current_9p15pct,intercoil,9.15,False,42,659.2611224283042,fault_test,0.03225806451612903,True
1.5kW,1.5kW_coil_current_9p15pct,intercoil,9.15,False,43,686.3106890048826,fault_test,0.03225806451612903,True
1.5kW,1.5kW_coil_current_9p15pct,intercoil,9.15,False,44,669.8254632675496,fault_test,0.03225806451612903,True
1.5kW,1.5kW_coil_current_9p15pct,intercoil,9.15,False,45,695.0672153613864,fault_test,0.03225806451612903,True
1.5kW,1.5kW_coil_current_9p15pct,intercoil,9.15,False,46,748.0860197209473,fault_test,0.03225806451612903,True
1.5kW,1.5kW_coil_current_9p15pct,intercoil,9.15,False,47,724.3923974301754,fault_test,0.03225806451612903,True
1.5kW,1.5kW_coil_current_9p15pct,intercoil,9.15,False,48,643.5922404008277,fault_test,0.03225806451612903,True
1.5kW,1.5kW_coil_current_9p15pct,intercoil,9.15,False,49,661.2529720531699,fault_test,0.03225806451612903,True
1.5kW,1.5kW_coil_current_9p15pct,intercoil,9.15,False,50,681.8494390177602,fault_test,0.03225806451612903,True
1.5kW,1.5kW_coil_current_9p15pct,intercoil,9.15,False,51,678.2483492960362,fault_test,0.03225806451612903,True
1.5kW,1.5kW_coil_current_9p15pct,intercoil,9.15,False,52,677.716516225291,fault_test,0.03225806451612903,True
1.5kW,1.5kW_coil_current_9p15pct,intercoil,9.15,False,53,745.203518902945,fault_test,0.03225806451612903,True
1.5kW,1.5kW_coil_current_9p15pct,intercoil,9.15,False,54,729.2156611483794,fault_test,0.03225806451612903,True
1.5kW,1.5kW_coil_current_9p15pct,intercoil,9.15,False,55,698.8967575468037,fault_test,0.03225806451612903,True
1.5kW,1.5kW_coil_current_9p15pct,intercoil,9.15,False,56,650.6108291751863,fault_test,0.03225806451612903,True
1.5kW,1.5kW_coil_current_9p15pct,intercoil,9.15,False,57,764.5990487031436,fault_test,0.03225806451612903,True
1.5kW,1.5kW_coil_current_9p15pct,intercoil,9.15,False,58,762.9758173516377,fault_test,0.03225806451612903,True
1.5kW,1.5kW_coil_current_9p15pct,intercoil,9.15,False,59,697.1009426462689,fault_test,0.03225806451612903,True
1.5kW,1.5kW_turn_current_16p08pct,interturn,16.08,False,0,1048.2317151390198,fault_test,0.03225806451612903,True
1.5kW,1.5kW_turn_current_16p08pct,interturn,16.08,False,1,1399.9034604505189,fault_test,0.03225806451612903,True
1.5kW,1.5kW_turn_current_16p08pct,interturn,16.08,False,2,1254.7977297861858,fault_test,0.03225806451612903,True
1.5kW,1.5kW_turn_current_16p08pct,interturn,16.08,False,3,1261.3927105979503,fault_test,0.03225806451612903,True
1.5kW,1.5kW_turn_current_16p08pct,interturn,16.08,False,4,1331.2783632590078,fault_test,0.03225806451612903,True
1.5kW,1.5kW_turn_current_16p08pct,interturn,16.08,False,5,1269.1612909983396,fault_test,0.03225806451612903,True
1.5kW,1.5kW_turn_current_16p08pct,interturn,16.08,False,6,1240.6875038896205,fault_test,0.03225806451612903,True
1.5kW,1.5kW_turn_current_16p08pct,interturn,16.08,False,7,1274.062162224885,fault_test,0.03225806451612903,True
1.5kW,1.5kW_turn_current_16p08pct,interturn,16.08,False,8,1338.7063849977594,fault_test,0.03225806451612903,True
1.5kW,1.5kW_turn_current_16p08pct,interturn,16.08,False,9,1246.5259883902727,fault_test,0.03225806451612903,True
1.5kW,1.5kW_turn_current_16p08pct,interturn,16.08,False,10,1201.711576317954,fault_test,0.03225806451612903,True
1.5kW,1.5kW_turn_current_16p08pct,interturn,16.08,False,11,1269.670316943148,fault_test,0.03225806451612903,True
1.5kW,1.5kW_turn_current_16p08pct,interturn,16.08,False,12,1278.904211206534,fault_test,0.03225806451612903,True
1.5kW,1.5kW_turn_current_16p08pct,interturn,16.08,False,13,1182.8010219819341,fault_test,0.03225806451612903,True
1.5kW,1.5kW_turn_current_16p08pct,interturn,16.08,False,14,1166.4947755995256,fault_test,0.03225806451612903,True
1.5kW,1.5kW_turn_current_16p08pct,interturn,16.08,False,15,1197.7121373079217,fault_test,0.03225806451612903,True
1.5kW,1.5kW_turn_current_16p08pct,interturn,16.08,False,16,1270.9401634412814,fault_test,0.03225806451612903,True
1.5kW,1.5kW_turn_current_16p08pct,interturn,16.08,False,17,1254.0506180316925,fault_test,0.03225806451612903,True
1.5kW,1.5kW_turn_current_16p08pct,interturn,16.08,False,18,1395.2975824090013,fault_test,0.03225806451612903,True
1.5kW,1.5kW_turn_current_16p08pct,interturn,16.08,False,19,1156.8573585717768,fault_test,0.03225806451612903,True
1.5kW,1.5kW_turn_current_16p08pct,interturn,16.08,False,20,1183.2378681070957,fault_test,0.03225806451612903,True
1.5kW,1.5kW_turn_current_16p08pct,interturn,16.08,False,21,1158.3319401765086,fault_test,0.03225806451612903,True
1.5kW,1.5kW_turn_current_16p08pct,interturn,16.08,False,22,1188.9748444370912,fault_test,0.03225806451612903,True
1.5kW,1.5kW_turn_current_16p08pct,interturn,16.08,False,23,1234.990621138622,fault_test,0.03225806451612903,True
1.5kW,1.5kW_turn_current_16p08pct,interturn,16.08,False,24,1227.3387804469603,fault_test,0.03225806451612903,True
1.5kW,1.5kW_turn_current_16p08pct,interturn,16.08,False,25,1147.316584337814,fault_test,0.03225806451612903,True
1.5kW,1.5kW_turn_current_16p08pct,interturn,16.08,False,26,1250.6460392958593,fault_test,0.03225806451612903,True
1.5kW,1.5kW_turn_current_16p08pct,interturn,16.08,False,27,1156.8545232906454,fault_test,0.03225806451612903,True
1.5kW,1.5kW_turn_current_16p08pct,interturn,16.08,False,28,1259.0116496234268,fault_test,0.03225806451612903,True
1.5kW,1.5kW_turn_current_16p08pct,interturn,16.08,False,29,1131.6287679518211,fault_test,0.03225806451612903,True
1.5kW,1.5kW_turn_current_16p08pct,interturn,16.08,False,30,1235.0317658117842,fault_test,0.03225806451612903,True
1.5kW,1.5kW_turn_current_16p08pct,interturn,16.08,False,31,1203.1816901256757,fault_test,0.03225806451612903,True
1.5kW,1.5kW_turn_current_16p08pct,interturn,16.08,False,32,1228.235121993025,fault_test,0.03225806451612903,True
1.5kW,1.5kW_turn_current_16p08pct,interturn,16.08,False,33,1239.290296000408,fault_test,0.03225806451612903,True
1.5kW,1.5kW_turn_current_16p08pct,interturn,16.08,False,34,1271.6992973111276,fault_test,0.03225806451612903,True
1.5kW,1.5kW_turn_current_16p08pct,interturn,16.08,False,35,1236.667791115982,fault_test,0.03225806451612903,True
1.5kW,1.5kW_turn_current_16p08pct,interturn,16.08,False,36,1264.248801231442,fault_test,0.03225806451612903,True
1.5kW,1.5kW_turn_current_16p08pct,interturn,16.08,False,37,1209.9508956709728,fault_test,0.03225806451612903,True
1.5kW,1.5kW_turn_current_16p08pct,interturn,16.08,False,38,1198.3233126912914,fault_test,0.03225806451612903,True
1.5kW,1.5kW_turn_current_16p08pct,interturn,16.08,False,39,1227.9327599269798,fault_test,0.03225806451612903,True
1.5kW,1.5kW_turn_current_16p08pct,interturn,16.08,False,40,1230.2047428635058,fault_test,0.03225806451612903,True
1.5kW,1.5kW_turn_current_16p08pct,interturn,16.08,False,41,1284.1116380344054,fault_test,0.03225806451612903,True
1.5kW,1.5kW_turn_current_16p08pct,interturn,16.08,False,42,1237.1257349062348,fault_test,0.03225806451612903,True
1.5kW,1.5kW_turn_current_16p08pct,interturn,16.08,False,43,1253.0053745696584,fault_test,0.03225806451612903,True
1.5kW,1.5kW_turn_current_16p08pct,interturn,16.08,False,44,1304.1273235749557,fault_test,0.03225806451612903,True
1.5kW,1.5kW_turn_current_16p08pct,interturn,16.08,False,45,1276.9640726147966,fault_test,0.03225806451612903,True
1.5kW,1.5kW_turn_current_16p08pct,interturn,16.08,False,46,1213.8717746831485,fault_test,0.03225806451612903,True
1.5kW,1.5kW_turn_current_16p08pct,interturn,16.08,False,47,1334.848713381757,fault_test,0.03225806451612903,True
1.5kW,1.5kW_turn_current_16p08pct,interturn,16.08,False,48,1196.925410766984,fault_test,0.03225806451612903,True
1.5kW,1.5kW_turn_current_16p08pct,interturn,16.08,False,49,1223.2713672992481,fault_test,0.03225806451612903,True
1.5kW,1.5kW_turn_current_16p08pct,interturn,16.08,False,50,1143.3850836503586,fault_test,0.03225806451612903,True
1.5kW,1.5kW_turn_current_16p08pct,interturn,16.08,False,51,1329.5884894525034,fault_test,0.03225806451612903,True
1.5kW,1.5kW_turn_current_16p08pct,interturn,16.08,False,52,1192.967164127492,fault_test,0.03225806451612903,True
1.5kW,1.5kW_turn_current_16p08pct,interturn,16.08,False,53,1218.8379814105638,fault_test,0.03225806451612903,True
1.5kW,1.5kW_turn_current_16p08pct,interturn,16.08,False,54,1261.815968748439,fault_test,0.03225806451612903,True
1.5kW,1.5kW_turn_current_16p08pct,interturn,16.08,False,55,1176.267930650175,fault_test,0.03225806451612903,True
1.5kW,1.5kW_turn_current_16p08pct,interturn,16.08,False,56,1195.3900856286216,fault_test,0.03225806451612903,True
1.5kW,1.5kW_turn_current_16p08pct,interturn,16.08,False,57,1228.7781696621698,fault_test,0.03225806451612903,True
1.5kW,1.5kW_turn_current_16p08pct,interturn,16.08,False,58,1116.495937797437,fault_test,0.03225806451612903,True
1.5kW,1.5kW_turn_current_16p08pct,interturn,16.08,False,59,1201.2985960553233,fault_test,0.03225806451612903,True
1.5kW,1.5kW_turn_current_1p57pct,interturn,1.57,False,0,560.2978794908892,fault_test,0.03225806451612903,True
1.5kW,1.5kW_turn_current_1p57pct,interturn,1.57,False,1,571.7585762092792,fault_test,0.03225806451612903,True
1.5kW,1.5kW_turn_current_1p57pct,interturn,1.57,False,2,590.2606853041337,fault_test,0.03225806451612903,True
1.5kW,1.5kW_turn_current_1p57pct,interturn,1.57,False,3,564.3284551015951,fault_test,0.03225806451612903,True
1.5kW,1.5kW_turn_current_1p57pct,interturn,1.57,False,4,633.8058092886041,fault_test,0.03225806451612903,True
1.5kW,1.5kW_turn_current_1p57pct,interturn,1.57,False,5,530.3894160063188,fault_test,0.03225806451612903,True
1.5kW,1.5kW_turn_current_1p57pct,interturn,1.57,False,6,591.6998537027507,fault_test,0.03225806451612903,True
1.5kW,1.5kW_turn_current_1p57pct,interturn,1.57,False,7,563.013593549497,fault_test,0.03225806451612903,True
1.5kW,1.5kW_turn_current_1p57pct,interturn,1.57,False,8,613.5741927191042,fault_test,0.03225806451612903,True
1.5kW,1.5kW_turn_current_1p57pct,interturn,1.57,False,9,563.9091997314066,fault_test,0.03225806451612903,True
1.5kW,1.5kW_turn_current_1p57pct,interturn,1.57,False,10,589.8463417256902,fault_test,0.03225806451612903,True
1.5kW,1.5kW_turn_current_1p57pct,interturn,1.57,False,11,623.0846138661869,fault_test,0.03225806451612903,True
1.5kW,1.5kW_turn_current_1p57pct,interturn,1.57,False,12,610.7742475100108,fault_test,0.03225806451612903,True
1.5kW,1.5kW_turn_current_1p57pct,interturn,1.57,False,13,624.4650814216833,fault_test,0.03225806451612903,True
1.5kW,1.5kW_turn_current_1p57pct,interturn,1.57,False,14,585.7584401508219,fault_test,0.03225806451612903,True
1.5kW,1.5kW_turn_current_1p57pct,interturn,1.57,False,15,590.7224955858329,fault_test,0.03225806451612903,True
1.5kW,1.5kW_turn_current_1p57pct,interturn,1.57,False,16,597.5737320800839,fault_test,0.03225806451612903,True
1.5kW,1.5kW_turn_current_1p57pct,interturn,1.57,False,17,560.6632321040853,fault_test,0.03225806451612903,True
1.5kW,1.5kW_turn_current_1p57pct,interturn,1.57,False,18,584.5425842547716,fault_test,0.03225806451612903,True
1.5kW,1.5kW_turn_current_1p57pct,interturn,1.57,False,19,553.4362974363294,fault_test,0.03225806451612903,True
1.5kW,1.5kW_turn_current_1p57pct,interturn,1.57,False,20,556.9618654266412,fault_test,0.03225806451612903,True
1.5kW,1.5kW_turn_current_1p57pct,interturn,1.57,False,21,630.9752849390713,fault_test,0.03225806451612903,True
1.5kW,1.5kW_turn_current_1p57pct,interturn,1.57,False,22,556.3123893095018,fault_test,0.03225806451612903,True
1.5kW,1.5kW_turn_current_1p57pct,interturn,1.57,False,23,548.5803466262306,fault_test,0.03225806451612903,True
1.5kW,1.5kW_turn_current_1p57pct,interturn,1.57,False,24,568.4411109378239,fault_test,0.03225806451612903,True
1.5kW,1.5kW_turn_current_1p57pct,interturn,1.57,False,25,606.4247664836722,fault_test,0.03225806451612903,True
1.5kW,1.5kW_turn_current_1p57pct,interturn,1.57,False,26,580.3689397756067,fault_test,0.03225806451612903,True
1.5kW,1.5kW_turn_current_1p57pct,interturn,1.57,False,27,559.5806749985168,fault_test,0.03225806451612903,True
1.5kW,1.5kW_turn_current_1p57pct,interturn,1.57,False,28,567.8569565772177,fault_test,0.03225806451612903,True
1.5kW,1.5kW_turn_current_1p57pct,interturn,1.57,False,29,584.3470930965103,fault_test,0.03225806451612903,True
1.5kW,1.5kW_turn_current_1p57pct,interturn,1.57,False,30,579.5133596860701,fault_test,0.03225806451612903,True
1.5kW,1.5kW_turn_current_1p57pct,interturn,1.57,False,31,583.4410903694406,fault_test,0.03225806451612903,True
1.5kW,1.5kW_turn_current_1p57pct,interturn,1.57,False,32,544.4556865035674,fault_test,0.03225806451612903,True
1.5kW,1.5kW_turn_current_1p57pct,interturn,1.57,False,33,582.3496571334169,fault_test,0.03225806451612903,True
1.5kW,1.5kW_turn_current_1p57pct,interturn,1.57,False,34,556.7181236808113,fault_test,0.03225806451612903,True
1.5kW,1.5kW_turn_current_1p57pct,interturn,1.57,False,35,564.2004931952781,fault_test,0.03225806451612903,True
1.5kW,1.5kW_turn_current_1p57pct,interturn,1.57,False,36,602.460144842632,fault_test,0.03225806451612903,True
1.5kW,1.5kW_turn_current_1p57pct,interturn,1.57,False,37,572.4607743133117,fault_test,0.03225806451612903,True
1.5kW,1.5kW_turn_current_1p57pct,interturn,1.57,False,38,579.6991061173435,fault_test,0.03225806451612903,True
1.5kW,1.5kW_turn_current_1p57pct,interturn,1.57,False,39,562.9805153604705,fault_test,0.03225806451612903,True
1.5kW,1.5kW_turn_current_1p57pct,interturn,1.57,False,40,614.3603448070593,fault_test,0.03225806451612903,True
1.5kW,1.5kW_turn_current_1p57pct,interturn,1.57,False,41,585.1974015734376,fault_test,0.03225806451612903,True
1.5kW,1.5kW_turn_current_1p57pct,interturn,1.57,False,42,589.9982406051845,fault_test,0.03225806451612903,True
1.5kW,1.5kW_turn_current_1p57pct,interturn,1.57,False,43,622.9015613793495,fault_test,0.03225806451612903,True
1.5kW,1.5kW_turn_current_1p57pct,interturn,1.57,False,44,649.3541580451226,fault_test,0.03225806451612903,True
1.5kW,1.5kW_turn_current_1p57pct,interturn,1.57,False,45,589.3138527711664,fault_test,0.03225806451612903,True
1.5kW,1.5kW_turn_current_1p57pct,interturn,1.57,False,46,626.0211676565768,fault_test,0.03225806451612903,True
1.5kW,1.5kW_turn_current_1p57pct,interturn,1.57,False,47,576.8160500063676,fault_test,0.03225806451612903,True
1.5kW,1.5kW_turn_current_1p57pct,interturn,1.57,False,48,616.2516746096462,fault_test,0.03225806451612903,True
1.5kW,1.5kW_turn_current_1p57pct,interturn,1.57,False,49,577.4452262700938,fault_test,0.03225806451612903,True
1.5kW,1.5kW_turn_current_1p57pct,interturn,1.57,False,50,557.0437740043063,fault_test,0.03225806451612903,True
1.5kW,1.5kW_turn_current_1p57pct,interturn,1.57,False,51,575.1282975607614,fault_test,0.03225806451612903,True
1.5kW,1.5kW_turn_current_1p57pct,interturn,1.57,False,52,591.7580391409773,fault_test,0.03225806451612903,True
1.5kW,1.5kW_turn_current_1p57pct,interturn,1.57,False,53,555.2145903613646,fault_test,0.03225806451612903,True
1.5kW,1.5kW_turn_current_1p57pct,interturn,1.57,False,54,654.6187685036135,fault_test,0.03225806451612903,True
1.5kW,1.5kW_turn_current_1p57pct,interturn,1.57,False,55,589.2215932802911,fault_test,0.03225806451612903,True
1.5kW,1.5kW_turn_current_1p57pct,interturn,1.57,False,56,578.4013062846911,fault_test,0.03225806451612903,True
1.5kW,1.5kW_turn_current_1p57pct,interturn,1.57,False,57,593.8875154389917,fault_test,0.03225806451612903,True
1.5kW,1.5kW_turn_current_1p57pct,interturn,1.57,False,58,564.7433645062583,fault_test,0.03225806451612903,True
1.5kW,1.5kW_turn_current_1p57pct,interturn,1.57,False,59,557.6709201049059,fault_test,0.03225806451612903,True
1.5kW,1.5kW_turn_current_1p88pct,interturn,1.88,False,0,843.9182070782889,fault_test,0.03225806451612903,True
1.5kW,1.5kW_turn_current_1p88pct,interturn,1.88,False,1,790.8302449163444,fault_test,0.03225806451612903,True
1.5kW,1.5kW_turn_current_1p88pct,interturn,1.88,False,2,757.5361239307902,fault_test,0.03225806451612903,True
1.5kW,1.5kW_turn_current_1p88pct,interturn,1.88,False,3,711.9769081217183,fault_test,0.03225806451612903,True
1.5kW,1.5kW_turn_current_1p88pct,interturn,1.88,False,4,732.6421600778178,fault_test,0.03225806451612903,True
1.5kW,1.5kW_turn_current_1p88pct,interturn,1.88,False,5,708.8570656351288,fault_test,0.03225806451612903,True
1.5kW,1.5kW_turn_current_1p88pct,interturn,1.88,False,6,723.2456323497634,fault_test,0.03225806451612903,True
1.5kW,1.5kW_turn_current_1p88pct,interturn,1.88,False,7,786.3219742775052,fault_test,0.03225806451612903,True
1.5kW,1.5kW_turn_current_1p88pct,interturn,1.88,False,8,744.5701013046482,fault_test,0.03225806451612903,True
1.5kW,1.5kW_turn_current_1p88pct,interturn,1.88,False,9,739.7778405602197,fault_test,0.03225806451612903,True
1.5kW,1.5kW_turn_current_1p88pct,interturn,1.88,False,10,764.7522697192283,fault_test,0.03225806451612903,True
1.5kW,1.5kW_turn_current_1p88pct,interturn,1.88,False,11,745.9416627254126,fault_test,0.03225806451612903,True
1.5kW,1.5kW_turn_current_1p88pct,interturn,1.88,False,12,708.0398185947653,fault_test,0.03225806451612903,True
1.5kW,1.5kW_turn_current_1p88pct,interturn,1.88,False,13,774.7068229593933,fault_test,0.03225806451612903,True
1.5kW,1.5kW_turn_current_1p88pct,interturn,1.88,False,14,747.2352412443156,fault_test,0.03225806451612903,True
1.5kW,1.5kW_turn_current_1p88pct,interturn,1.88,False,15,741.3040547060256,fault_test,0.03225806451612903,True
1.5kW,1.5kW_turn_current_1p88pct,interturn,1.88,False,16,753.6498054672852,fault_test,0.03225806451612903,True
1.5kW,1.5kW_turn_current_1p88pct,interturn,1.88,False,17,712.0355485411945,fault_test,0.03225806451612903,True
1.5kW,1.5kW_turn_current_1p88pct,interturn,1.88,False,18,716.9627614575445,fault_test,0.03225806451612903,True
1.5kW,1.5kW_turn_current_1p88pct,interturn,1.88,False,19,745.891160575342,fault_test,0.03225806451612903,True
1.5kW,1.5kW_turn_current_1p88pct,interturn,1.88,False,20,885.0277760018745,fault_test,0.03225806451612903,True
1.5kW,1.5kW_turn_current_1p88pct,interturn,1.88,False,21,718.131571060887,fault_test,0.03225806451612903,True
1.5kW,1.5kW_turn_current_1p88pct,interturn,1.88,False,22,719.8069522673782,fault_test,0.03225806451612903,True
1.5kW,1.5kW_turn_current_1p88pct,interturn,1.88,False,23,693.0823210162305,fault_test,0.03225806451612903,True
1.5kW,1.5kW_turn_current_1p88pct,interturn,1.88,False,24,713.6520299569938,fault_test,0.03225806451612903,True
1.5kW,1.5kW_turn_current_1p88pct,interturn,1.88,False,25,699.8328049648716,fault_test,0.03225806451612903,True
1.5kW,1.5kW_turn_current_1p88pct,interturn,1.88,False,26,729.6945409461006,fault_test,0.03225806451612903,True
1.5kW,1.5kW_turn_current_1p88pct,interturn,1.88,False,27,884.3973658811768,fault_test,0.03225806451612903,True
1.5kW,1.5kW_turn_current_1p88pct,interturn,1.88,False,28,726.330530561375,fault_test,0.03225806451612903,True
1.5kW,1.5kW_turn_current_1p88pct,interturn,1.88,False,29,725.602733476437,fault_test,0.03225806451612903,True
1.5kW,1.5kW_turn_current_1p88pct,interturn,1.88,False,30,678.337065146085,fault_test,0.03225806451612903,True
1.5kW,1.5kW_turn_current_1p88pct,interturn,1.88,False,31,754.0251855302765,fault_test,0.03225806451612903,True
1.5kW,1.5kW_turn_current_1p88pct,interturn,1.88,False,32,749.0352854304437,fault_test,0.03225806451612903,True
1.5kW,1.5kW_turn_current_1p88pct,interturn,1.88,False,33,695.1850283121689,fault_test,0.03225806451612903,True
1.5kW,1.5kW_turn_current_1p88pct,interturn,1.88,False,34,754.303404021142,fault_test,0.03225806451612903,True
1.5kW,1.5kW_turn_current_1p88pct,interturn,1.88,False,35,699.3246692438682,fault_test,0.03225806451612903,True
1.5kW,1.5kW_turn_current_1p88pct,interturn,1.88,False,36,731.5520210194678,fault_test,0.03225806451612903,True
1.5kW,1.5kW_turn_current_1p88pct,interturn,1.88,False,37,735.8986346576062,fault_test,0.03225806451612903,True
1.5kW,1.5kW_turn_current_1p88pct,interturn,1.88,False,38,820.9402693191399,fault_test,0.03225806451612903,True
1.5kW,1.5kW_turn_current_1p88pct,interturn,1.88,False,39,725.4823849986891,fault_test,0.03225806451612903,True
1.5kW,1.5kW_turn_current_1p88pct,interturn,1.88,False,40,731.1290122767797,fault_test,0.03225806451612903,True
1.5kW,1.5kW_turn_current_1p88pct,interturn,1.88,False,41,727.1834965304638,fault_test,0.03225806451612903,True
1.5kW,1.5kW_turn_current_1p88pct,interturn,1.88,False,42,721.9197985943875,fault_test,0.03225806451612903,True
1.5kW,1.5kW_turn_current_1p88pct,interturn,1.88,False,43,697.1693444334416,fault_test,0.03225806451612903,True
1.5kW,1.5kW_turn_current_1p88pct,interturn,1.88,False,44,716.330505113787,fault_test,0.03225806451612903,True
1.5kW,1.5kW_turn_current_1p88pct,interturn,1.88,False,45,720.8780003466933,fault_test,0.03225806451612903,True
1.5kW,1.5kW_turn_current_1p88pct,interturn,1.88,False,46,704.7260485998663,fault_test,0.03225806451612903,True
1.5kW,1.5kW_turn_current_1p88pct,interturn,1.88,False,47,707.289791376756,fault_test,0.03225806451612903,True
1.5kW,1.5kW_turn_current_1p88pct,interturn,1.88,False,48,768.3305788108081,fault_test,0.03225806451612903,True
1.5kW,1.5kW_turn_current_1p88pct,interturn,1.88,False,49,753.8989750786182,fault_test,0.03225806451612903,True
1.5kW,1.5kW_turn_current_1p88pct,interturn,1.88,False,50,726.1158787172718,fault_test,0.03225806451612903,True
1.5kW,1.5kW_turn_current_1p88pct,interturn,1.88,False,51,745.0613156301481,fault_test,0.03225806451612903,True
1.5kW,1.5kW_turn_current_1p88pct,interturn,1.88,False,52,739.7694077185889,fault_test,0.03225806451612903,True
1.5kW,1.5kW_turn_current_1p88pct,interturn,1.88,False,53,745.2975868773289,fault_test,0.03225806451612903,True
1.5kW,1.5kW_turn_current_1p88pct,interturn,1.88,False,54,717.6829525288526,fault_test,0.03225806451612903,True
1.5kW,1.5kW_turn_current_1p88pct,interturn,1.88,False,55,703.4792005658866,fault_test,0.03225806451612903,True
1.5kW,1.5kW_turn_current_1p88pct,interturn,1.88,False,56,752.7741104067065,fault_test,0.03225806451612903,True
1.5kW,1.5kW_turn_current_1p88pct,interturn,1.88,False,57,694.3356990899404,fault_test,0.03225806451612903,True
1.5kW,1.5kW_turn_current_1p88pct,interturn,1.88,False,58,722.3991217138129,fault_test,0.03225806451612903,True
1.5kW,1.5kW_turn_current_1p88pct,interturn,1.88,False,59,685.3388709576509,fault_test,0.03225806451612903,True
1.5kW,1.5kW_turn_current_2p34pct,interturn,2.34,False,0,229.65187570951738,fault_test,0.03225806451612903,True
1.5kW,1.5kW_turn_current_2p34pct,interturn,2.34,False,1,258.04019982043815,fault_test,0.03225806451612903,True
1.5kW,1.5kW_turn_current_2p34pct,interturn,2.34,False,2,153.2644139551578,fault_test,0.12903225806451613,False
1.5kW,1.5kW_turn_current_2p34pct,interturn,2.34,False,3,187.2712842664829,fault_test,0.03225806451612903,True
1.5kW,1.5kW_turn_current_2p34pct,interturn,2.34,False,4,179.35017232209012,fault_test,0.03225806451612903,True
1.5kW,1.5kW_turn_current_2p34pct,interturn,2.34,False,5,322.77783297895957,fault_test,0.03225806451612903,True
1.5kW,1.5kW_turn_current_2p34pct,interturn,2.34,False,6,323.9148165457027,fault_test,0.03225806451612903,True
1.5kW,1.5kW_turn_current_2p34pct,interturn,2.34,False,7,234.3686687963262,fault_test,0.03225806451612903,True
1.5kW,1.5kW_turn_current_2p34pct,interturn,2.34,False,8,129.4674135047825,fault_test,0.3548387096774194,False
1.5kW,1.5kW_turn_current_2p34pct,interturn,2.34,False,9,174.34188767563143,fault_test,0.06451612903225806,False
1.5kW,1.5kW_turn_current_2p34pct,interturn,2.34,False,10,110.05172107927552,fault_test,0.41935483870967744,False
1.5kW,1.5kW_turn_current_2p34pct,interturn,2.34,False,11,166.61546115511453,fault_test,0.06451612903225806,False
1.5kW,1.5kW_turn_current_2p34pct,interturn,2.34,False,12,252.36243442632417,fault_test,0.03225806451612903,True
1.5kW,1.5kW_turn_current_2p34pct,interturn,2.34,False,13,168.65040631083457,fault_test,0.06451612903225806,False
1.5kW,1.5kW_turn_current_2p34pct,interturn,2.34,False,14,156.25099002815625,fault_test,0.0967741935483871,False
1.5kW,1.5kW_turn_current_2p34pct,interturn,2.34,False,15,185.62688208718941,fault_test,0.03225806451612903,True
1.5kW,1.5kW_turn_current_2p34pct,interturn,2.34,False,16,146.02443871955356,fault_test,0.1935483870967742,False
1.5kW,1.5kW_turn_current_2p34pct,interturn,2.34,False,17,191.45691988306535,fault_test,0.03225806451612903,True
1.5kW,1.5kW_turn_current_2p34pct,interturn,2.34,False,18,158.50872878682983,fault_test,0.0967741935483871,False
1.5kW,1.5kW_turn_current_2p34pct,interturn,2.34,False,19,152.91376006027366,fault_test,0.12903225806451613,False
1.5kW,1.5kW_turn_current_2p34pct,interturn,2.34,False,20,169.30732227310574,fault_test,0.06451612903225806,False
1.5kW,1.5kW_turn_current_2p34pct,interturn,2.34,False,21,151.10012394488786,fault_test,0.16129032258064516,False
1.5kW,1.5kW_turn_current_2p34pct,interturn,2.34,False,22,335.2464221933309,fault_test,0.03225806451612903,True
1.5kW,1.5kW_turn_current_2p34pct,interturn,2.34,False,23,195.5404788877285,fault_test,0.03225806451612903,True
1.5kW,1.5kW_turn_current_2p34pct,interturn,2.34,False,24,245.76470343862655,fault_test,0.03225806451612903,True
1.5kW,1.5kW_turn_current_2p34pct,interturn,2.34,False,25,230.51761114849214,fault_test,0.03225806451612903,True
1.5kW,1.5kW_turn_current_2p34pct,interturn,2.34,False,26,303.9648422285237,fault_test,0.03225806451612903,True
1.5kW,1.5kW_turn_current_2p34pct,interturn,2.34,False,27,211.25005969518836,fault_test,0.03225806451612903,True
1.5kW,1.5kW_turn_current_2p34pct,interturn,2.34,False,28,174.75261001041127,fault_test,0.06451612903225806,False
1.5kW,1.5kW_turn_current_2p34pct,interturn,2.34,False,29,213.78437575167055,fault_test,0.03225806451612903,True
1.5kW,1.5kW_turn_current_2p34pct,interturn,2.34,False,30,186.32490750367847,fault_test,0.03225806451612903,True
1.5kW,1.5kW_turn_current_2p34pct,interturn,2.34,False,31,179.90026944629827,fault_test,0.03225806451612903,True
1.5kW,1.5kW_turn_current_2p34pct,interturn,2.34,False,32,158.7209336467795,fault_test,0.0967741935483871,False
1.5kW,1.5kW_turn_current_2p34pct,interturn,2.34,False,33,147.87952421590063,fault_test,0.1935483870967742,False
1.5kW,1.5kW_turn_current_2p34pct,interturn,2.34,False,34,187.91441427773955,fault_test,0.03225806451612903,True
1.5kW,1.5kW_turn_current_2p34pct,interturn,2.34,False,35,161.83169144031203,fault_test,0.0967741935483871,False
1.5kW,1.5kW_turn_current_2p34pct,interturn,2.34,False,36,165.77661889347013,fault_test,0.06451612903225806,False
1.5kW,1.5kW_turn_current_2p34pct,interturn,2.34,False,37,139.91900674591645,fault_test,0.3225806451612903,False
1.5kW,1.5kW_turn_current_2p34pct,interturn,2.34,False,38,211.43544656011517,fault_test,0.03225806451612903,True
1.5kW,1.5kW_turn_current_2p34pct,interturn,2.34,False,39,141.90662725188838,fault_test,0.2903225806451613,False
1.5kW,1.5kW_turn_current_2p34pct,interturn,2.34,False,40,201.84952851702363,fault_test,0.03225806451612903,True
1.5kW,1.5kW_turn_current_2p34pct,interturn,2.34,False,41,141.33475875021153,fault_test,0.2903225806451613,False
1.5kW,1.5kW_turn_current_2p34pct,interturn,2.34,False,42,187.45284211027175,fault_test,0.03225806451612903,True
1.5kW,1.5kW_turn_current_2p34pct,interturn,2.34,False,43,185.86790923875856,fault_test,0.03225806451612903,True
1.5kW,1.5kW_turn_current_2p34pct,interturn,2.34,False,44,145.52261789567015,fault_test,0.1935483870967742,False
1.5kW,1.5kW_turn_current_2p34pct,interturn,2.34,False,45,151.91212791466575,fault_test,0.12903225806451613,False
1.5kW,1.5kW_turn_current_2p34pct,interturn,2.34,False,46,162.25345586371708,fault_test,0.0967741935483871,False
1.5kW,1.5kW_turn_current_2p34pct,interturn,2.34,False,47,182.2372045239172,fault_test,0.03225806451612903,True
1.5kW,1.5kW_turn_current_2p34pct,interturn,2.34,False,48,150.84476078413692,fault_test,0.16129032258064516,False
1.5kW,1.5kW_turn_current_2p34pct,interturn,2.34,False,49,181.38283923670545,fault_test,0.03225806451612903,True
1.5kW,1.5kW_turn_current_2p34pct,interturn,2.34,False,50,136.37878767903558,fault_test,0.3225806451612903,False
1.5kW,1.5kW_turn_current_2p34pct,interturn,2.34,False,51,165.8108302825874,fault_test,0.06451612903225806,False
1.5kW,1.5kW_turn_current_2p34pct,interturn,2.34,False,52,107.96238180766176,fault_test,0.41935483870967744,False
1.5kW,1.5kW_turn_current_2p34pct,interturn,2.34,False,53,145.1940362402388,fault_test,0.1935483870967742,False
1.5kW,1.5kW_turn_current_2p34pct,interturn,2.34,False,54,121.02177431117651,fault_test,0.3870967741935484,False
1.5kW,1.5kW_turn_current_2p34pct,interturn,2.34,False,55,158.10101706627736,fault_test,0.0967741935483871,False
1.5kW,1.5kW_turn_current_2p34pct,interturn,2.34,False,56,145.39081356247618,fault_test,0.1935483870967742,False
1.5kW,1.5kW_turn_current_2p34pct,interturn,2.34,False,57,143.644230885997,fault_test,0.2903225806451613,False
1.5kW,1.5kW_turn_current_2p34pct,interturn,2.34,False,58,165.59900561418976,fault_test,0.06451612903225806,False
1.5kW,1.5kW_turn_current_2p34pct,interturn,2.34,False,59,129.647300600174,fault_test,0.3548387096774194,False
1.5kW,1.5kW_turn_current_3p1pct,interturn,3.1,False,0,926.4813509409952,fault_test,0.03225806451612903,True
1.5kW,1.5kW_turn_current_3p1pct,interturn,3.1,False,1,929.396660643069,fault_test,0.03225806451612903,True
1.5kW,1.5kW_turn_current_3p1pct,interturn,3.1,False,2,950.2989655185288,fault_test,0.03225806451612903,True
1.5kW,1.5kW_turn_current_3p1pct,interturn,3.1,False,3,911.6680551049731,fault_test,0.03225806451612903,True
1.5kW,1.5kW_turn_current_3p1pct,interturn,3.1,False,4,1021.3033519409511,fault_test,0.03225806451612903,True
1.5kW,1.5kW_turn_current_3p1pct,interturn,3.1,False,5,895.3858091753212,fault_test,0.03225806451612903,True
1.5kW,1.5kW_turn_current_3p1pct,interturn,3.1,False,6,949.9963663687394,fault_test,0.03225806451612903,True
1.5kW,1.5kW_turn_current_3p1pct,interturn,3.1,False,7,894.33666247956,fault_test,0.03225806451612903,True
1.5kW,1.5kW_turn_current_3p1pct,interturn,3.1,False,8,859.539515839872,fault_test,0.03225806451612903,True
1.5kW,1.5kW_turn_current_3p1pct,interturn,3.1,False,9,932.3847095632105,fault_test,0.03225806451612903,True
1.5kW,1.5kW_turn_current_3p1pct,interturn,3.1,False,10,892.475029877041,fault_test,0.03225806451612903,True
1.5kW,1.5kW_turn_current_3p1pct,interturn,3.1,False,11,851.7972266524226,fault_test,0.03225806451612903,True
1.5kW,1.5kW_turn_current_3p1pct,interturn,3.1,False,12,880.8290646303586,fault_test,0.03225806451612903,True
1.5kW,1.5kW_turn_current_3p1pct,interturn,3.1,False,13,914.128924019779,fault_test,0.03225806451612903,True
1.5kW,1.5kW_turn_current_3p1pct,interturn,3.1,False,14,897.3502084239434,fault_test,0.03225806451612903,True
1.5kW,1.5kW_turn_current_3p1pct,interturn,3.1,False,15,914.2964316180907,fault_test,0.03225806451612903,True
1.5kW,1.5kW_turn_current_3p1pct,interturn,3.1,False,16,894.6091013186469,fault_test,0.03225806451612903,True
1.5kW,1.5kW_turn_current_3p1pct,interturn,3.1,False,17,901.3840572743007,fault_test,0.03225806451612903,True
1.5kW,1.5kW_turn_current_3p1pct,interturn,3.1,False,18,860.930927509061,fault_test,0.03225806451612903,True
1.5kW,1.5kW_turn_current_3p1pct,interturn,3.1,False,19,884.8260334693306,fault_test,0.03225806451612903,True
1.5kW,1.5kW_turn_current_3p1pct,interturn,3.1,False,20,858.3110392537026,fault_test,0.03225806451612903,True
1.5kW,1.5kW_turn_current_3p1pct,interturn,3.1,False,21,951.213416182338,fault_test,0.03225806451612903,True
1.5kW,1.5kW_turn_current_3p1pct,interturn,3.1,False,22,885.4569099235342,fault_test,0.03225806451612903,True
1.5kW,1.5kW_turn_current_3p1pct,interturn,3.1,False,23,898.8708804968004,fault_test,0.03225806451612903,True
1.5kW,1.5kW_turn_current_3p1pct,interturn,3.1,False,24,925.4710122280511,fault_test,0.03225806451612903,True
1.5kW,1.5kW_turn_current_3p1pct,interturn,3.1,False,25,921.712989295529,fault_test,0.03225806451612903,True
1.5kW,1.5kW_turn_current_3p1pct,interturn,3.1,False,26,899.1972584617225,fault_test,0.03225806451612903,True
1.5kW,1.5kW_turn_current_3p1pct,interturn,3.1,False,27,888.2980860471122,fault_test,0.03225806451612903,True
1.5kW,1.5kW_turn_current_3p1pct,interturn,3.1,False,28,911.5575206826646,fault_test,0.03225806451612903,True
1.5kW,1.5kW_turn_current_3p1pct,interturn,3.1,False,29,890.5088985814971,fault_test,0.03225806451612903,True
1.5kW,1.5kW_turn_current_3p1pct,interturn,3.1,False,30,906.2616875523073,fault_test,0.03225806451612903,True
1.5kW,1.5kW_turn_current_3p1pct,interturn,3.1,False,31,880.6517788337032,fault_test,0.03225806451612903,True
1.5kW,1.5kW_turn_current_3p1pct,interturn,3.1,False,32,908.9304456241811,fault_test,0.03225806451612903,True
1.5kW,1.5kW_turn_current_3p1pct,interturn,3.1,False,33,877.0972667215684,fault_test,0.03225806451612903,True
1.5kW,1.5kW_turn_current_3p1pct,interturn,3.1,False,34,967.3341212039008,fault_test,0.03225806451612903,True
1.5kW,1.5kW_turn_current_3p1pct,interturn,3.1,False,35,906.2998231562292,fault_test,0.03225806451612903,True
1.5kW,1.5kW_turn_current_3p1pct,interturn,3.1,False,36,887.8197521689,fault_test,0.03225806451612903,True
1.5kW,1.5kW_turn_current_3p1pct,interturn,3.1,False,37,896.7861144050157,fault_test,0.03225806451612903,True
1.5kW,1.5kW_turn_current_3p1pct,interturn,3.1,False,38,940.9686517870723,fault_test,0.03225806451612903,True
1.5kW,1.5kW_turn_current_3p1pct,interturn,3.1,False,39,906.6370206272405,fault_test,0.03225806451612903,True
1.5kW,1.5kW_turn_current_3p1pct,interturn,3.1,False,40,893.6007082345338,fault_test,0.03225806451612903,True
1.5kW,1.5kW_turn_current_3p1pct,interturn,3.1,False,41,889.4217917219229,fault_test,0.03225806451612903,True
1.5kW,1.5kW_turn_current_3p1pct,interturn,3.1,False,42,882.578758451114,fault_test,0.03225806451612903,True
1.5kW,1.5kW_turn_current_3p1pct,interturn,3.1,False,43,902.4917793658561,fault_test,0.03225806451612903,True
1.5kW,1.5kW_turn_current_3p1pct,interturn,3.1,False,44,925.4449985849596,fault_test,0.03225806451612903,True
1.5kW,1.5kW_turn_current_3p1pct,interturn,3.1,False,45,905.8475407361818,fault_test,0.03225806451612903,True
1.5kW,1.5kW_turn_current_3p1pct,interturn,3.1,False,46,916.8570272383632,fault_test,0.03225806451612903,True
1.5kW,1.5kW_turn_current_3p1pct,interturn,3.1,False,47,931.8137559907696,fault_test,0.03225806451612903,True
1.5kW,1.5kW_turn_current_3p1pct,interturn,3.1,False,48,963.7466883035727,fault_test,0.03225806451612903,True
1.5kW,1.5kW_turn_current_3p1pct,interturn,3.1,False,49,944.0256769635237,fault_test,0.03225806451612903,True
1.5kW,1.5kW_turn_current_3p1pct,interturn,3.1,False,50,894.7509108018164,fault_test,0.03225806451612903,True
1.5kW,1.5kW_turn_current_3p1pct,interturn,3.1,False,51,962.7752363008888,fault_test,0.03225806451612903,True
1.5kW,1.5kW_turn_current_3p1pct,interturn,3.1,False,52,902.0314084182021,fault_test,0.03225806451612903,True
1.5kW,1.5kW_turn_current_3p1pct,interturn,3.1,False,53,925.9527027793049,fault_test,0.03225806451612903,True
1.5kW,1.5kW_turn_current_3p1pct,interturn,3.1,False,54,869.42275229117,fault_test,0.03225806451612903,True
1.5kW,1.5kW_turn_current_3p1pct,interturn,3.1,False,55,925.4821216400394,fault_test,0.03225806451612903,True
1.5kW,1.5kW_turn_current_3p1pct,interturn,3.1,False,56,966.7748990802022,fault_test,0.03225806451612903,True
1.5kW,1.5kW_turn_current_3p1pct,interturn,3.1,False,57,980.7105591542756,fault_test,0.03225806451612903,True
1.5kW,1.5kW_turn_current_3p1pct,interturn,3.1,False,58,966.361609871306,fault_test,0.03225806451612903,True
1.5kW,1.5kW_turn_current_3p1pct,interturn,3.1,False,59,893.376011965727,fault_test,0.03225806451612903,True
1.5kW,1.5kW_turn_current_4p57pct,interturn,4.57,False,0,343.4611923885579,fault_test,0.03225806451612903,True
1.5kW,1.5kW_turn_current_4p57pct,interturn,4.57,False,1,345.877332503628,fault_test,0.03225806451612903,True
1.5kW,1.5kW_turn_current_4p57pct,interturn,4.57,False,2,291.44744025829453,fault_test,0.03225806451612903,True
1.5kW,1.5kW_turn_current_4p57pct,interturn,4.57,False,3,305.71770681371925,fault_test,0.03225806451612903,True
1.5kW,1.5kW_turn_current_4p57pct,interturn,4.57,False,4,318.3573244077876,fault_test,0.03225806451612903,True
1.5kW,1.5kW_turn_current_4p57pct,interturn,4.57,False,5,400.84360264603424,fault_test,0.03225806451612903,True
1.5kW,1.5kW_turn_current_4p57pct,interturn,4.57,False,6,293.44835717520374,fault_test,0.03225806451612903,True
1.5kW,1.5kW_turn_current_4p57pct,interturn,4.57,False,7,305.7172567606478,fault_test,0.03225806451612903,True
1.5kW,1.5kW_turn_current_4p57pct,interturn,4.57,False,8,374.0853174681836,fault_test,0.03225806451612903,True
1.5kW,1.5kW_turn_current_4p57pct,interturn,4.57,False,9,347.2490086581809,fault_test,0.03225806451612903,True
1.5kW,1.5kW_turn_current_4p57pct,interturn,4.57,False,10,300.68618498249356,fault_test,0.03225806451612903,True
1.5kW,1.5kW_turn_current_4p57pct,interturn,4.57,False,11,334.3675337473282,fault_test,0.03225806451612903,True
1.5kW,1.5kW_turn_current_4p57pct,interturn,4.57,False,12,404.3896504776715,fault_test,0.03225806451612903,True
1.5kW,1.5kW_turn_current_4p57pct,interturn,4.57,False,13,330.1716115459934,fault_test,0.03225806451612903,True
1.5kW,1.5kW_turn_current_4p57pct,interturn,4.57,False,14,361.83070065241975,fault_test,0.03225806451612903,True
1.5kW,1.5kW_turn_current_4p57pct,interturn,4.57,False,15,347.50100912551346,fault_test,0.03225806451612903,True
1.5kW,1.5kW_turn_current_4p57pct,interturn,4.57,False,16,368.4527124146783,fault_test,0.03225806451612903,True
1.5kW,1.5kW_turn_current_4p57pct,interturn,4.57,False,17,301.14171190987787,fault_test,0.03225806451612903,True
1.5kW,1.5kW_turn_current_4p57pct,interturn,4.57,False,18,374.13983330886845,fault_test,0.03225806451612903,True
1.5kW,1.5kW_turn_current_4p57pct,interturn,4.57,False,19,345.0296215549035,fault_test,0.03225806451612903,True
1.5kW,1.5kW_turn_current_4p57pct,interturn,4.57,False,20,330.56411305969294,fault_test,0.03225806451612903,True
1.5kW,1.5kW_turn_current_4p57pct,interturn,4.57,False,21,340.95614777229764,fault_test,0.03225806451612903,True
1.5kW,1.5kW_turn_current_4p57pct,interturn,4.57,False,22,327.79503421126174,fault_test,0.03225806451612903,True
1.5kW,1.5kW_turn_current_4p57pct,interturn,4.57,False,23,313.44437045314965,fault_test,0.03225806451612903,True
1.5kW,1.5kW_turn_current_4p57pct,interturn,4.57,False,24,324.9557785425936,fault_test,0.03225806451612903,True
1.5kW,1.5kW_turn_current_4p57pct,interturn,4.57,False,25,341.42203031005926,fault_test,0.03225806451612903,True
1.5kW,1.5kW_turn_current_4p57pct,interturn,4.57,False,26,472.82377400281916,fault_test,0.03225806451612903,True
1.5kW,1.5kW_turn_current_4p57pct,interturn,4.57,False,27,427.48631642157443,fault_test,0.03225806451612903,True
1.5kW,1.5kW_turn_current_4p57pct,interturn,4.57,False,28,338.55839001430553,fault_test,0.03225806451612903,True
1.5kW,1.5kW_turn_current_4p57pct,interturn,4.57,False,29,345.1032689920208,fault_test,0.03225806451612903,True
1.5kW,1.5kW_turn_current_4p57pct,interturn,4.57,False,30,285.4813671558663,fault_test,0.03225806451612903,True
1.5kW,1.5kW_turn_current_4p57pct,interturn,4.57,False,31,322.8331505064973,fault_test,0.03225806451612903,True
1.5kW,1.5kW_turn_current_4p57pct,interturn,4.57,False,32,351.70188566183253,fault_test,0.03225806451612903,True
1.5kW,1.5kW_turn_current_4p57pct,interturn,4.57,False,33,320.7791133563948,fault_test,0.03225806451612903,True
1.5kW,1.5kW_turn_current_4p57pct,interturn,4.57,False,34,297.61077253958143,fault_test,0.03225806451612903,True
1.5kW,1.5kW_turn_current_4p57pct,interturn,4.57,False,35,301.1192667219473,fault_test,0.03225806451612903,True
1.5kW,1.5kW_turn_current_4p57pct,interturn,4.57,False,36,330.52693594162565,fault_test,0.03225806451612903,True
1.5kW,1.5kW_turn_current_4p57pct,interturn,4.57,False,37,353.60871966175716,fault_test,0.03225806451612903,True
1.5kW,1.5kW_turn_current_4p57pct,interturn,4.57,False,38,351.90116396640605,fault_test,0.03225806451612903,True
1.5kW,1.5kW_turn_current_4p57pct,interturn,4.57,False,39,305.9143874094357,fault_test,0.03225806451612903,True
1.5kW,1.5kW_turn_current_4p57pct,interturn,4.57,False,40,374.28971495066577,fault_test,0.03225806451612903,True
1.5kW,1.5kW_turn_current_4p57pct,interturn,4.57,False,41,283.7229330568888,fault_test,0.03225806451612903,True
1.5kW,1.5kW_turn_current_4p57pct,interturn,4.57,False,42,340.2718654400216,fault_test,0.03225806451612903,True
1.5kW,1.5kW_turn_current_4p57pct,interturn,4.57,False,43,294.5438794765562,fault_test,0.03225806451612903,True
1.5kW,1.5kW_turn_current_4p57pct,interturn,4.57,False,44,302.231093340571,fault_test,0.03225806451612903,True
1.5kW,1.5kW_turn_current_4p57pct,interturn,4.57,False,45,358.05777932478594,fault_test,0.03225806451612903,True
1.5kW,1.5kW_turn_current_4p57pct,interturn,4.57,False,46,364.3603268529047,fault_test,0.03225806451612903,True
1.5kW,1.5kW_turn_current_4p57pct,interturn,4.57,False,47,334.0051249216593,fault_test,0.03225806451612903,True
1.5kW,1.5kW_turn_current_4p57pct,interturn,4.57,False,48,333.5956514278032,fault_test,0.03225806451612903,True
1.5kW,1.5kW_turn_current_4p57pct,interturn,4.57,False,49,283.24085664619264,fault_test,0.03225806451612903,True
1.5kW,1.5kW_turn_current_4p57pct,interturn,4.57,False,50,347.6171873313022,fault_test,0.03225806451612903,True
1.5kW,1.5kW_turn_current_4p57pct,interturn,4.57,False,51,307.62063917097146,fault_test,0.03225806451612903,True
1.5kW,1.5kW_turn_current_4p57pct,interturn,4.57,False,52,346.80932802625273,fault_test,0.03225806451612903,True
1.5kW,1.5kW_turn_current_4p57pct,interturn,4.57,False,53,309.1547085313138,fault_test,0.03225806451612903,True
1.5kW,1.5kW_turn_current_4p57pct,interturn,4.57,False,54,347.588599016327,fault_test,0.03225806451612903,True
1.5kW,1.5kW_turn_current_4p57pct,interturn,4.57,False,55,299.8360328118258,fault_test,0.03225806451612903,True
1.5kW,1.5kW_turn_current_4p57pct,interturn,4.57,False,56,298.4990918041128,fault_test,0.03225806451612903,True
1.5kW,1.5kW_turn_current_4p57pct,interturn,4.57,False,57,323.8831792677332,fault_test,0.03225806451612903,True
1.5kW,1.5kW_turn_current_4p57pct,interturn,4.57,False,58,315.2261737625426,fault_test,0.03225806451612903,True
1.5kW,1.5kW_turn_current_4p57pct,interturn,4.57,False,59,341.97113875532074,fault_test,0.03225806451612903,True
1.5kW,1.5kW_turn_current_8p74pct,interturn,8.74,False,0,1456.2378782104133,fault_test,0.03225806451612903,True
1.5kW,1.5kW_turn_current_8p74pct,interturn,8.74,False,1,1487.0595739244072,fault_test,0.03225806451612903,True
1.5kW,1.5kW_turn_current_8p74pct,interturn,8.74,False,2,1454.2918983882678,fault_test,0.03225806451612903,True
1.5kW,1.5kW_turn_current_8p74pct,interturn,8.74,False,3,1430.0749652692516,fault_test,0.03225806451612903,True
1.5kW,1.5kW_turn_current_8p74pct,interturn,8.74,False,4,1465.9549201741015,fault_test,0.03225806451612903,True
1.5kW,1.5kW_turn_current_8p74pct,interturn,8.74,False,5,1546.4105555667231,fault_test,0.03225806451612903,True
1.5kW,1.5kW_turn_current_8p74pct,interturn,8.74,False,6,1473.48489960822,fault_test,0.03225806451612903,True
1.5kW,1.5kW_turn_current_8p74pct,interturn,8.74,False,7,1452.4464731845487,fault_test,0.03225806451612903,True
1.5kW,1.5kW_turn_current_8p74pct,interturn,8.74,False,8,1485.588309839993,fault_test,0.03225806451612903,True
1.5kW,1.5kW_turn_current_8p74pct,interturn,8.74,False,9,1645.7653268536476,fault_test,0.03225806451612903,True
1.5kW,1.5kW_turn_current_8p74pct,interturn,8.74,False,10,1414.3873796306684,fault_test,0.03225806451612903,True
1.5kW,1.5kW_turn_current_8p74pct,interturn,8.74,False,11,1490.435806214898,fault_test,0.03225806451612903,True
1.5kW,1.5kW_turn_current_8p74pct,interturn,8.74,False,12,1447.0626005523827,fault_test,0.03225806451612903,True
1.5kW,1.5kW_turn_current_8p74pct,interturn,8.74,False,13,1455.427183513792,fault_test,0.03225806451612903,True
1.5kW,1.5kW_turn_current_8p74pct,interturn,8.74,False,14,1425.13882807884,fault_test,0.03225806451612903,True
1.5kW,1.5kW_turn_current_8p74pct,interturn,8.74,False,15,1514.520767095451,fault_test,0.03225806451612903,True
1.5kW,1.5kW_turn_current_8p74pct,interturn,8.74,False,16,1521.1834646685986,fault_test,0.03225806451612903,True
1.5kW,1.5kW_turn_current_8p74pct,interturn,8.74,False,17,1527.5027320779704,fault_test,0.03225806451612903,True
1.5kW,1.5kW_turn_current_8p74pct,interturn,8.74,False,18,1493.7094814000727,fault_test,0.03225806451612903,True
1.5kW,1.5kW_turn_current_8p74pct,interturn,8.74,False,19,1485.7314307356162,fault_test,0.03225806451612903,True
1.5kW,1.5kW_turn_current_8p74pct,interturn,8.74,False,20,1459.5494515933854,fault_test,0.03225806451612903,True
1.5kW,1.5kW_turn_current_8p74pct,interturn,8.74,False,21,1434.9120196735607,fault_test,0.03225806451612903,True
1.5kW,1.5kW_turn_current_8p74pct,interturn,8.74,False,22,1435.2048007123958,fault_test,0.03225806451612903,True
1.5kW,1.5kW_turn_current_8p74pct,interturn,8.74,False,23,1414.8015565560518,fault_test,0.03225806451612903,True
1.5kW,1.5kW_turn_current_8p74pct,interturn,8.74,False,24,1463.314537040748,fault_test,0.03225806451612903,True
1.5kW,1.5kW_turn_current_8p74pct,interturn,8.74,False,25,1468.116466044814,fault_test,0.03225806451612903,True
1.5kW,1.5kW_turn_current_8p74pct,interturn,8.74,False,26,1486.867122164642,fault_test,0.03225806451612903,True
1.5kW,1.5kW_turn_current_8p74pct,interturn,8.74,False,27,1414.378655294484,fault_test,0.03225806451612903,True
1.5kW,1.5kW_turn_current_8p74pct,interturn,8.74,False,28,1417.624772574292,fault_test,0.03225806451612903,True
1.5kW,1.5kW_turn_current_8p74pct,interturn,8.74,False,29,1425.4925257863267,fault_test,0.03225806451612903,True
1.5kW,1.5kW_turn_current_8p74pct,interturn,8.74,False,30,1414.7929923109925,fault_test,0.03225806451612903,True
1.5kW,1.5kW_turn_current_8p74pct,interturn,8.74,False,31,1426.3421698982534,fault_test,0.03225806451612903,True
1.5kW,1.5kW_turn_current_8p74pct,interturn,8.74,False,32,1455.150676896539,fault_test,0.03225806451612903,True
1.5kW,1.5kW_turn_current_8p74pct,interturn,8.74,False,33,1387.450098362743,fault_test,0.03225806451612903,True
1.5kW,1.5kW_turn_current_8p74pct,interturn,8.74,False,34,1447.5069134389428,fault_test,0.03225806451612903,True
1.5kW,1.5kW_turn_current_8p74pct,interturn,8.74,False,35,1426.644162196101,fault_test,0.03225806451612903,True
1.5kW,1.5kW_turn_current_8p74pct,interturn,8.74,False,36,1376.5576671027175,fault_test,0.03225806451612903,True
1.5kW,1.5kW_turn_current_8p74pct,interturn,8.74,False,37,1427.4937025764514,fault_test,0.03225806451612903,True
1.5kW,1.5kW_turn_current_8p74pct,interturn,8.74,False,38,1573.323785330484,fault_test,0.03225806451612903,True
1.5kW,1.5kW_turn_current_8p74pct,interturn,8.74,False,39,1394.9467271906449,fault_test,0.03225806451612903,True
1.5kW,1.5kW_turn_current_8p74pct,interturn,8.74,False,40,1370.428964283383,fault_test,0.03225806451612903,True
1.5kW,1.5kW_turn_current_8p74pct,interturn,8.74,False,41,1415.7664650758252,fault_test,0.03225806451612903,True
1.5kW,1.5kW_turn_current_8p74pct,interturn,8.74,False,42,1383.2992371607684,fault_test,0.03225806451612903,True
1.5kW,1.5kW_turn_current_8p74pct,interturn,8.74,False,43,1413.8259924044044,fault_test,0.03225806451612903,True
1.5kW,1.5kW_turn_current_8p74pct,interturn,8.74,False,44,1470.0734012911414,fault_test,0.03225806451612903,True
1.5kW,1.5kW_turn_current_8p74pct,interturn,8.74,False,45,1399.7902830617916,fault_test,0.03225806451612903,True
1.5kW,1.5kW_turn_current_8p74pct,interturn,8.74,False,46,1403.7183628255261,fault_test,0.03225806451612903,True
1.5kW,1.5kW_turn_current_8p74pct,interturn,8.74,False,47,1324.033413515019,fault_test,0.03225806451612903,True
1.5kW,1.5kW_turn_current_8p74pct,interturn,8.74,False,48,1417.631148987545,fault_test,0.03225806451612903,True
1.5kW,1.5kW_turn_current_8p74pct,interturn,8.74,False,49,1369.5838424654137,fault_test,0.03225806451612903,True
1.5kW,1.5kW_turn_current_8p74pct,interturn,8.74,False,50,1423.8295544412138,fault_test,0.03225806451612903,True
1.5kW,1.5kW_turn_current_8p74pct,interturn,8.74,False,51,1390.8944577759285,fault_test,0.03225806451612903,True
1.5kW,1.5kW_turn_current_8p74pct,interturn,8.74,False,52,1394.6184840851138,fault_test,0.03225806451612903,True
1.5kW,1.5kW_turn_current_8p74pct,interturn,8.74,False,53,1391.3757365365009,fault_test,0.03225806451612903,True
1.5kW,1.5kW_turn_current_8p74pct,interturn,8.74,False,54,1438.6422123207694,fault_test,0.03225806451612903,True
1.5kW,1.5kW_turn_current_8p74pct,interturn,8.74,False,55,1446.7158824351995,fault_test,0.03225806451612903,True
1.5kW,1.5kW_turn_current_8p74pct,interturn,8.74,False,56,1378.317074617839,fault_test,0.03225806451612903,True
1.5kW,1.5kW_turn_current_8p74pct,interturn,8.74,False,57,1434.162143530867,fault_test,0.03225806451612903,True
1.5kW,1.5kW_turn_current_8p74pct,interturn,8.74,False,58,1398.6405200930142,fault_test,0.03225806451612903,True
1.5kW,1.5kW_turn_current_8p74pct,interturn,8.74,False,59,1434.3061041030808,fault_test,0.03225806451612903,True
