motor_id,record_id,fault_family,severity_percent,is_healthy,block_id,score,evaluation_role,p_value,alarm
1kW,1kW_coil_current_0p68pct,intercoil,0.68,False,0,5630468.434906431,fault_test,0.01639344262295082,True
1kW,1kW_coil_current_0p68pct,intercoil,0.68,False,1,7730902.545749279,fault_test,0.01639344262295082,True
1kW,1kW_coil_current_0p68pct,intercoil,0.68,False,2,6021647.485007862,fault_test,0.01639344262295082,True
1kW,1kW_coil_current_0p68pct,intercoil,0.68,False,3,8517516.728765078,fault_test,0.01639344262295082,True
1kW,1kW_coil_current_0p68pct,intercoil,0.68,False,4,5319988.222673123,fault_test,0.01639344262295082,True
1kW,1kW_coil_current_0p68pct,intercoil,0.68,False,5,5875423.127866374,fault_test,0.01639344262295082,True
1kW,1kW_coil_current_0p68pct,intercoil,0.68,False,6,5748418.172230295,fault_test,0.01639344262295082,True
1kW,1kW_coil_current_0p68pct,intercoil,0.68,False,7,6005820.148254985,fault_test,0.01639344262295082,True
1kW,1kW_coil_current_0p68pct,intercoil,0.68,False,8,6575596.750054585,fault_test,0.01639344262295082,True
1kW,1kW_coil_current_0p68pct,intercoil,0.68,False,9,7190704.407243475,fault_test,0.01639344262295082,True
1kW,1kW_coil_current_0p68pct,intercoil,0.68,False,10,8196831.966432123,fault_test,0.01639344262295082,True
1kW,1kW_coil_current_0p68pct,intercoil,0.68,False,11,6647549.616261069,fault_test,0.01639344262295082,True
1kW,1kW_coil_current_0p68pct,intercoil,0.68,False,12,7116346.496092114,fault_test,0.01639344262295082,True
1kW,1kW_coil_current_0p68pct,intercoil,0.68,False,13,5739431.775492726,fault_test,0.01639344262295082,True
1kW,1kW_coil_current_0p68pct,intercoil,0.68,False,14,6484893.973048159,fault_test,0.01639344262295082,True
1kW,1kW_coil_current_0p68pct,intercoil,0.68,False,15,6716627.202603668,fault_test,0.01639344262295082,True
1kW,1kW_coil_current_0p68pct,intercoil,0.68,False,16,6858787.52723835,fault_test,0.01639344262295082,True
1kW,1kW_coil_current_0p68pct,intercoil,0.68,False,17,8417635.079593688,fault_test,0.01639344262295082,True
1kW,1kW_coil_current_0p68pct,intercoil,0.68,False,18,6559230.531700621,fault_test,0.01639344262295082,True
1kW,1kW_coil_current_0p68pct,intercoil,0.68,False,19,6441502.084638264,fault_test,0.01639344262295082,True
1kW,1kW_coil_current_0p68pct,intercoil,0.68,False,20,6101755.39458023,fault_test,0.01639344262295082,True
1kW,1kW_coil_current_0p68pct,intercoil,0.68,False,21,6781226.32102863,fault_test,0.01639344262295082,True
1kW,1kW_coil_current_0p68pct,intercoil,0.68,False,22,5849510.017707275,fault_test,0.01639344262295082,True
1kW,1kW_coil_current_0p68pct,intercoil,0.68,False,23,6988865.8395254575,fault_test,0.01639344262295082,True
1kW,1kW_coil_current_0p68pct,intercoil,0.68,False,24,6228094.1044944655,fault_test,0.01639344262295082,True
1kW,1kW_coil_current_0p68pct,intercoil,0.68,False,25,9034116.979177367,fault_test,0.01639344262295082,True
1kW,1kW_coil_current_0p68pct,intercoil,0.68,False,26,6918086.671991572,fault_test,0.01639344262295082,True
1kW,1kW_coil_current_0p68pct,intercoil,0.68,False,27,6940288.897182852,fault_test,0.01639344262295082,True
1kW,1kW_coil_current_0p68pct,intercoil,0.68,False,28,5720138.354057846,fault_test,0.01639344262295082,True
1kW,1kW_coil_current_0p68pct,intercoil,0.68,False,29,8546707.798689544,fault_test,0.01639344262295082,True
1kW,1kW_coil_current_0p68pct,intercoil,0.68,False,30,5650295.992155461,fault_test,0.01639344262295082,True
1kW,1kW_coil_current_0p68pct,intercoil,0.68,False,31,6026221.547693802,fault_test,0.01639344262295082,True
1kW,1kW_coil_current_0p68pct,intercoil,0.68,False,32,6871071.46763577,fault_test,0.01639344262295082,True
1kW,1kW_coil_current_0p68pct,intercoil,0.68,False,33,7349020.635777272,fault_test,0.01639344262295082,True
1kW,1kW_coil_current_0p68pct,intercoil,0.68,False,34,8097732.675924723,fault_test,0.01639344262295082,True
1kW,1kW_coil_current_0p68pct,intercoil,0.68,False,35,5954352.415154437,fault_test,0.01639344262295082,True
1kW,1kW_coil_current_0p68pct,intercoil,0.68,False,36,7676103.202922441,fault_test,0.01639344262295082,True
1kW,1kW_coil_current_0p68pct,intercoil,0.68,False,37,7254285.914339308,fault_test,0.01639344262295082,True
1kW,1kW_coil_current_0p68pct,intercoil,0.68,False,38,6155527.359463795,fault_test,0.01639344262295082,True
1kW,1kW_coil_current_0p68pct,intercoil,0.68,False,39,4901707.518132414,fault_test,0.01639344262295082,True
1kW,1kW_coil_current_0p68pct,intercoil,0.68,False,40,8061769.730838543,fault_test,0.01639344262295082,True
1kW,1kW_coil_current_0p68pct,intercoil,0.68,False,41,6494075.709386826,fault_test,0.01639344262295082,True
1kW,1kW_coil_current_0p68pct,intercoil,0.68,False,42,6324566.569714004,fault_test,0.01639344262295082,True
1kW,1kW_coil_current_0p68pct,intercoil,0.68,False,43,6826479.318486079,fault_test,0.01639344262295082,True
1kW,1kW_coil_current_0p68pct,intercoil,0.68,False,44,8491976.55790578,fault_test,0.01639344262295082,True
1kW,1kW_coil_current_0p68pct,intercoil,0.68,False,45,7174403.055213138,fault_test,0.01639344262295082,True
1kW,1kW_coil_current_0p68pct,intercoil,0.68,False,46,8016228.761033271,fault_test,0.01639344262295082,True
1kW,1kW_coil_current_0p68pct,intercoil,0.68,False,47,7597159.902913301,fault_test,0.01639344262295082,True
1kW,1kW_coil_current_0p68pct,intercoil,0.68,False,48,5531859.557536783,fault_test,0.01639344262295082,True
1kW,1kW_coil_current_0p68pct,intercoil,0.68,False,49,7026188.871588696,fault_test,0.01639344262295082,True
1kW,1kW_coil_current_0p68pct,intercoil,0.68,False,50,5435296.992301628,fault_test,0.01639344262295082,True
1kW,1kW_coil_current_0p68pct,intercoil,0.68,False,51,9238000.609310731,fault_test,0.01639344262295082,True
1kW,1kW_coil_current_0p68pct,intercoil,0.68,False,52,6373680.735211091,fault_test,0.01639344262295082,True
1kW,1kW_coil_current_0p68pct,intercoil,0.68,False,53,6601226.977326329,fault_test,0.01639344262295082,True
1kW,1kW_coil_current_0p68pct,intercoil,0.68,False,54,5683834.061470204,fault_test,0.01639344262295082,True
1kW,1kW_coil_current_0p68pct,intercoil,0.68,False,55,7333888.435741714,fault_test,0.01639344262295082,True
1kW,1kW_coil_current_0p68pct,intercoil,0.68,False,56,6820393.00366772,fault_test,0.01639344262295082,True
1kW,1kW_coil_current_0p68pct,intercoil,0.68,False,57,6162799.698738293,fault_test,0.01639344262295082,True
1kW,1kW_coil_current_0p68pct,intercoil,0.68,False,58,8624417.829835426,fault_test,0.01639344262295082,True
1kW,1kW_coil_current_0p68pct,intercoil,0.68,False,59,6513664.23794184,fault_test,0.01639344262295082,True
1kW,1kW_coil_current_0p68pct,intercoil,0.68,False,60,7282805.2580771595,fault_test,0.01639344262295082,True
1kW,1kW_coil_current_0p68pct,intercoil,0.68,False,61,6350810.175423591,fault_test,0.01639344262295082,True
1kW,1kW_coil_current_0p68pct,intercoil,0.68,False,62,9820477.882114468,fault_test,0.01639344262295082,True
1kW,1kW_coil_current_0p68pct,intercoil,0.68,False,63,5765721.569905515,fault_test,0.01639344262295082,True
1kW,1kW_coil_current_0p68pct,intercoil,0.68,False,64,7123771.248422237,fault_test,0.01639344262295082,True
1kW,1kW_coil_current_0p68pct,intercoil,0.68,False,65,8495039.676682917,fault_test,0.01639344262295082,True
1kW,1kW_coil_current_0p68pct,intercoil,0.68,False,66,6986087.047416027,fault_test,0.01639344262295082,True
1kW,1kW_coil_current_0p68pct,intercoil,0.68,False,67,8441778.816566812,fault_test,0.01639344262295082,True
1kW,1kW_coil_current_0p68pct,intercoil,0.68,False,68,5196140.808628198,fault_test,0.01639344262295082,True
1kW,1kW_coil_current_0p68pct,intercoil,0.68,False,69,8331276.563019629,fault_test,0.01639344262295082,True
1kW,1kW_coil_current_0p68pct,intercoil,0.68,False,70,6213426.643795067,fault_test,0.01639344262295082,True
1kW,1kW_coil_current_0p68pct,intercoil,0.68,False,71,6537471.4396036,fault_test,0.01639344262295082,True
1kW,1kW_coil_current_0p68pct,intercoil,0.68,False,72,5920362.571235566,fault_test,0.01639344262295082,True
1kW,1kW_coil_current_0p68pct,intercoil,0.68,False,73,7984954.183205513,fault_test,0.01639344262295082,True
1kW,1kW_coil_current_0p68pct,intercoil,0.68,False,74,5972722.430833705,fault_test,0.01639344262295082,True
1kW,1kW_coil_current_0p68pct,intercoil,0.68,False,75,8263032.694844386,fault_test,0.01639344262295082,True
1kW,1kW_coil_current_0p68pct,intercoil,0.68,False,76,7722787.042227923,fault_test,0.01639344262295082,True
1kW,1kW_coil_current_0p68pct,intercoil,0.68,False,77,8627069.347193556,fault_test,0.01639344262295082,True
1kW,1kW_coil_current_0p68pct,intercoil,0.68,False,78,7163881.89100927,fault_test,0.01639344262295082,True
1kW,1kW_coil_current_0p68pct,intercoil,0.68,False,79,5851315.960546365,fault_test,0.01639344262295082,True
1kW,1kW_coil_current_0p68pct,intercoil,0.68,False,80,7455761.74487672,fault_test,0.01639344262295082,True
1kW,1kW_coil_current_0p68pct,intercoil,0.68,False,81,6992969.789155393,fault_test,0.01639344262295082,True
1kW,1kW_coil_current_0p68pct,intercoil,0.68,False,82,7222682.062552723,fault_test,0.01639344262295082,True
1kW,1kW_coil_current_0p68pct,intercoil,0.68,False,83,6865299.344725049,fault_test,0.01639344262295082,True
1kW,1kW_coil_current_0p68pct,intercoil,0.68,False,84,7313416.596608741,fault_test,0.01639344262295082,True
1kW,1kW_coil_current_0p68pct,intercoil,0.68,False,85,7204452.374522673,fault_test,0.01639344262295082,True
1kW,1kW_coil_current_0p68pct,intercoil,0.68,False,86,7651190.405862766,fault_test,0.01639344262295082,True
1kW,1kW_coil_current_0p68pct,intercoil,0.68,False,87,5530072.186056073,fault_test,0.01639344262295082,True
1kW,1kW_coil_current_0p68pct,intercoil,0.68,False,88,6923847.7355479095,fault_test,0.01639344262295082,True
1kW,1kW_coil_current_0p68pct,intercoil,0.68,False,89,6834750.639938278,fault_test,0.01639344262295082,True
1kW,1kW_coil_current_0p68pct,intercoil,0.68,False,90,6142604.289688729,fault_test,0.01639344262295082,True
1kW,1kW_coil_current_0p68pct,intercoil,0.68,False,91,6518023.6816492835,fault_test,0.01639344262295082,True
1kW,1kW_coil_current_0p68pct,intercoil,0.68,False,92,6329016.831567365,fault_test,0.01639344262295082,True
1kW,1kW_coil_current_0p68pct,intercoil,0.68,False,93,8011754.991153568,fault_test,0.01639344262295082,True
1kW,1kW_coil_current_0p68pct,intercoil,0.68,False,94,6372276.86746565,fault_test,0.01639344262295082,True
1kW,1kW_coil_current_0p68pct,intercoil,0.68,False,95,6768500.129548702,fault_test,0.01639344262295082,True
1kW,1kW_coil_current_0p68pct,intercoil,0.68,False,96,6939769.146645245,fault_test,0.01639344262295082,True
1kW,1kW_coil_current_0p68pct,intercoil,0.68,False,97,6387942.498630261,fault_test,0.01639344262295082,True
1kW,1kW_coil_current_0p68pct,intercoil,0.68,False,98,6390189.432609232,fault_test,0.01639344262295082,True
1kW,1kW_coil_current_0p68pct,intercoil,0.68,False,99,7441505.048345993,fault_test,0.01639344262295082,True
1kW,1kW_coil_current_0p68pct,intercoil,0.68,False,100,5858681.934823379,fault_test,0.01639344262295082,True
1kW,1kW_coil_current_0p68pct,intercoil,0.68,False,101,6317644.675407915,fault_test,0.01639344262295082,True
1kW,1kW_coil_current_0p68pct,intercoil,0.68,False,102,7721376.682814102,fault_test,0.01639344262295082,True
1kW,1kW_coil_current_0p68pct,intercoil,0.68,False,103,6311078.126112455,fault_test,0.01639344262295082,True
1kW,1kW_coil_current_0p68pct,intercoil,0.68,False,104,9404836.896222195,fault_test,0.01639344262295082,True
1kW,1kW_coil_current_0p68pct,intercoil,0.68,False,105,6041581.789758887,fault_test,0.01639344262295082,True
1kW,1kW_coil_current_0p68pct,intercoil,0.68,False,106,7624687.280617916,fault_test,0.01639344262295082,True
1kW,1kW_coil_current_0p68pct,intercoil,0.68,False,107,6764847.325441497,fault_test,0.01639344262295082,True
1kW,1kW_coil_current_0p68pct,intercoil,0.68,False,108,10102578.978953073,fault_test,0.01639344262295082,True
1kW,1kW_coil_current_0p68pct,intercoil,0.68,False,109,9240416.201487698,fault_test,0.01639344262295082,True
1kW,1kW_coil_current_0p68pct,intercoil,0.68,False,110,7756961.682815792,fault_test,0.01639344262295082,True
1kW,1kW_coil_current_0p68pct,intercoil,0.68,False,111,6715700.130514549,fault_test,0.01639344262295082,True
1kW,1kW_coil_current_0p68pct,intercoil,0.68,False,112,6953932.154447229,fault_test,0.01639344262295082,True
1kW,1kW_coil_current_0p68pct,intercoil,0.68,False,113,7374910.096787242,fault_test,0.01639344262295082,True
1kW,1kW_coil_current_0p68pct,intercoil,0.68,False,114,7941678.31488992,fault_test,0.01639344262295082,True
1kW,1kW_coil_current_0p68pct,intercoil,0.68,False,115,8999804.076449977,fault_test,0.01639344262295082,True
1kW,1kW_coil_current_0p68pct,intercoil,0.68,False,116,6687046.210267393,fault_test,0.01639344262295082,True
1kW,1kW_coil_current_0p68pct,intercoil,0.68,False,117,9425004.009964272,fault_test,0.01639344262295082,True
1kW,1kW_coil_current_0p68pct,intercoil,0.68,False,118,6154082.2536604125,fault_test,0.01639344262295082,True
1kW,1kW_coil_current_0p68pct,intercoil,0.68,False,119,8685446.296398314,fault_test,0.01639344262295082,True
1kW,1kW_coil_current_0p81pct,intercoil,0.81,False,0,6866453.476790318,fault_test,0.01639344262295082,True
1kW,1kW_coil_current_0p81pct,intercoil,0.81,False,1,8951820.27230092,fault_test,0.01639344262295082,True
1kW,1kW_coil_current_0p81pct,intercoil,0.81,False,2,5808569.824847934,fault_test,0.01639344262295082,True
1kW,1kW_coil_current_0p81pct,intercoil,0.81,False,3,7417097.752386477,fault_test,0.01639344262295082,True
1kW,1kW_coil_current_0p81pct,intercoil,0.81,False,4,5711495.9415649185,fault_test,0.01639344262295082,True
1kW,1kW_coil_current_0p81pct,intercoil,0.81,False,5,8361820.589756863,fault_test,0.01639344262295082,True
1kW,1kW_coil_current_0p81pct,intercoil,0.81,False,6,6699124.878279621,fault_test,0.01639344262295082,True
1kW,1kW_coil_current_0p81pct,intercoil,0.81,False,7,8254520.553481615,fault_test,0.01639344262295082,True
1kW,1kW_coil_current_0p81pct,intercoil,0.81,False,8,6247894.973289408,fault_test,0.01639344262295082,True
1kW,1kW_coil_current_0p81pct,intercoil,0.81,False,9,7285549.024289754,fault_test,0.01639344262295082,True
1kW,1kW_coil_current_0p81pct,intercoil,0.81,False,10,7359716.992578623,fault_test,0.01639344262295082,True
1kW,1kW_coil_current_0p81pct,intercoil,0.81,False,11,6745816.3036101265,fault_test,0.01639344262295082,True
1kW,1kW_coil_current_0p81pct,intercoil,0.81,False,12,8841808.628246639,fault_test,0.01639344262295082,True
1kW,1kW_coil_current_0p81pct,intercoil,0.81,False,13,9181640.379784392,fault_test,0.01639344262295082,True
1kW,1kW_coil_current_0p81pct,intercoil,0.81,False,14,6586665.966111098,fault_test,0.01639344262295082,True
1kW,1kW_coil_current_0p81pct,intercoil,0.81,False,15,6487233.111874904,fault_test,0.01639344262295082,True
1kW,1kW_coil_current_0p81pct,intercoil,0.81,False,16,9289203.210450877,fault_test,0.01639344262295082,True
1kW,1kW_coil_current_0p81pct,intercoil,0.81,False,17,7167582.581119789,fault_test,0.01639344262295082,True
1kW,1kW_coil_current_0p81pct,intercoil,0.81,False,18,9252051.577136466,fault_test,0.01639344262295082,True
1kW,1kW_coil_current_0p81pct,intercoil,0.81,False,19,5927302.590318851,fault_test,0.01639344262295082,True
1kW,1kW_coil_current_0p81pct,intercoil,0.81,False,20,7922845.5044245515,fault_test,0.01639344262295082,True
1kW,1kW_coil_current_0p81pct,intercoil,0.81,False,21,7122191.36961412,fault_test,0.01639344262295082,True
1kW,1kW_coil_current_0p81pct,intercoil,0.81,False,22,7547949.503118631,fault_test,0.01639344262295082,True
1kW,1kW_coil_current_0p81pct,intercoil,0.81,False,23,6732664.613750853,fault_test,0.01639344262295082,True
1kW,1kW_coil_current_0p81pct,intercoil,0.81,False,24,7950383.191112503,fault_test,0.01639344262295082,True
1kW,1kW_coil_current_0p81pct,intercoil,0.81,False,25,6165355.0047763055,fault_test,0.01639344262295082,True
1kW,1kW_coil_current_0p81pct,intercoil,0.81,False,26,7076514.959800278,fault_test,0.01639344262295082,True
1kW,1kW_coil_current_0p81pct,intercoil,0.81,False,27,6031290.0714503955,fault_test,0.01639344262295082,True
1kW,1kW_coil_current_0p81pct,intercoil,0.81,False,28,8233179.175418814,fault_test,0.01639344262295082,True
1kW,1kW_coil_current_0p81pct,intercoil,0.81,False,29,8399326.795847217,fault_test,0.01639344262295082,True
1kW,1kW_coil_current_0p81pct,intercoil,0.81,False,30,9262828.092851514,fault_test,0.01639344262295082,True
1kW,1kW_coil_current_0p81pct,intercoil,0.81,False,31,6535455.638888821,fault_test,0.01639344262295082,True
1kW,1kW_coil_current_0p81pct,intercoil,0.81,False,32,7840794.148830866,fault_test,0.01639344262295082,True
1kW,1kW_coil_current_0p81pct,intercoil,0.81,False,33,6409566.446728211,fault_test,0.01639344262295082,True
1kW,1kW_coil_current_0p81pct,intercoil,0.81,False,34,7355443.661526543,fault_test,0.01639344262295082,True
1kW,1kW_coil_current_0p81pct,intercoil,0.81,False,35,7471309.305092004,fault_test,0.01639344262295082,True
1kW,1kW_coil_current_0p81pct,intercoil,0.81,False,36,7617226.175697633,fault_test,0.01639344262295082,True
1kW,1kW_coil_current_0p81pct,intercoil,0.81,False,37,7661597.502140128,fault_test,0.01639344262295082,True
1kW,1kW_coil_current_0p81pct,intercoil,0.81,False,38,6115954.118351854,fault_test,0.01639344262295082,True
1kW,1kW_coil_current_0p81pct,intercoil,0.81,False,39,7176216.283873149,fault_test,0.01639344262295082,True
1kW,1kW_coil_current_0p81pct,intercoil,0.81,False,40,6874704.744520658,fault_test,0.01639344262295082,True
1kW,1kW_coil_current_0p81pct,intercoil,0.81,False,41,7168332.422285963,fault_test,0.01639344262295082,True
1kW,1kW_coil_current_0p81pct,intercoil,0.81,False,42,5399643.706184886,fault_test,0.01639344262295082,True
1kW,1kW_coil_current_0p81pct,intercoil,0.81,False,43,7868593.712579025,fault_test,0.01639344262295082,True
1kW,1kW_coil_current_0p81pct,intercoil,0.81,False,44,7956444.579332211,fault_test,0.01639344262295082,True
1kW,1kW_coil_current_0p81pct,intercoil,0.81,False,45,7587390.458447832,fault_test,0.01639344262295082,True
1kW,1kW_coil_current_0p81pct,intercoil,0.81,False,46,5807485.5722966585,fault_test,0.01639344262295082,True
1kW,1kW_coil_current_0p81pct,intercoil,0.81,False,47,7027666.116291875,fault_test,0.01639344262295082,True
1kW,1kW_coil_current_0p81pct,intercoil,0.81,False,48,6252304.907300463,fault_test,0.01639344262295082,True
1kW,1kW_coil_current_0p81pct,intercoil,0.81,False,49,7434027.268228156,fault_test,0.01639344262295082,True
1kW,1kW_coil_current_0p81pct,intercoil,0.81,False,50,8006783.633349362,fault_test,0.01639344262295082,True
1kW,1kW_coil_current_0p81pct,intercoil,0.81,False,51,6839069.909149161,fault_test,0.01639344262295082,True
1kW,1kW_coil_current_0p81pct,intercoil,0.81,False,52,7502731.8091025995,fault_test,0.01639344262295082,True
1kW,1kW_coil_current_0p81pct,intercoil,0.81,False,53,8231510.444608208,fault_test,0.01639344262295082,True
1kW,1kW_coil_current_0p81pct,intercoil,0.81,False,54,7325218.997250689,fault_test,0.01639344262295082,True
1kW,1kW_coil_current_0p81pct,intercoil,0.81,False,55,6609345.023080545,fault_test,0.01639344262295082,True
1kW,1kW_coil_current_0p81pct,intercoil,0.81,False,56,6872809.058920273,fault_test,0.01639344262295082,True
1kW,1kW_coil_current_0p81pct,intercoil,0.81,False,57,6000553.990153252,fault_test,0.01639344262295082,True
1kW,1kW_coil_current_0p81pct,intercoil,0.81,False,58,9021518.313533083,fault_test,0.01639344262295082,True
1kW,1kW_coil_current_0p81pct,intercoil,0.81,False,59,6213713.659442565,fault_test,0.01639344262295082,True
1kW,1kW_coil_current_0p81pct,intercoil,0.81,False,60,7650847.688569879,fault_test,0.01639344262295082,True
1kW,1kW_coil_current_0p81pct,intercoil,0.81,False,61,6215835.216321948,fault_test,0.01639344262295082,True
1kW,1kW_coil_current_0p81pct,intercoil,0.81,False,62,6677991.357537171,fault_test,0.01639344262295082,True
1kW,1kW_coil_current_0p81pct,intercoil,0.81,False,63,9062880.328379635,fault_test,0.01639344262295082,True
1kW,1kW_coil_current_0p81pct,intercoil,0.81,False,64,8501404.65379709,fault_test,0.01639344262295082,True
1kW,1kW_coil_current_0p81pct,intercoil,0.81,False,65,9113928.127548741,fault_test,0.01639344262295082,True
1kW,1kW_coil_current_0p81pct,intercoil,0.81,False,66,7418088.001839692,fault_test,0.01639344262295082,True
1kW,1kW_coil_current_0p81pct,intercoil,0.81,False,67,8490692.184776047,fault_test,0.01639344262295082,True
1kW,1kW_coil_current_0p81pct,intercoil,0.81,False,68,6362252.707650818,fault_test,0.01639344262295082,True
1kW,1kW_coil_current_0p81pct,intercoil,0.81,False,69,7489216.953564824,fault_test,0.01639344262295082,True
1kW,1kW_coil_current_0p81pct,intercoil,0.81,False,70,6078071.553178126,fault_test,0.01639344262295082,True
1kW,1kW_coil_current_0p81pct,intercoil,0.81,False,71,7106004.575781057,fault_test,0.01639344262295082,True
1kW,1kW_coil_current_0p81pct,intercoil,0.81,False,72,4941261.314716931,fault_test,0.01639344262295082,True
1kW,1kW_coil_current_0p81pct,intercoil,0.81,False,73,8794516.332135988,fault_test,0.01639344262295082,True
1kW,1kW_coil_current_0p81pct,intercoil,0.81,False,74,7246209.0755328685,fault_test,0.01639344262295082,True
1kW,1kW_coil_current_0p81pct,intercoil,0.81,False,75,7075995.93143401,fault_test,0.01639344262295082,True
1kW,1kW_coil_current_0p81pct,intercoil,0.81,False,76,5345420.458328212,fault_test,0.01639344262295082,True
1kW,1kW_coil_current_0p81pct,intercoil,0.81,False,77,7895516.529986953,fault_test,0.01639344262295082,True
1kW,1kW_coil_current_0p81pct,intercoil,0.81,False,78,7016476.288094364,fault_test,0.01639344262295082,True
1kW,1kW_coil_current_0p81pct,intercoil,0.81,False,79,6731169.195858213,fault_test,0.01639344262295082,True
1kW,1kW_coil_current_0p81pct,intercoil,0.81,False,80,6248550.481798207,fault_test,0.01639344262295082,True
1kW,1kW_coil_current_0p81pct,intercoil,0.81,False,81,8801005.779354982,fault_test,0.01639344262295082,True
1kW,1kW_coil_current_0p81pct,intercoil,0.81,False,82,7938404.5604567155,fault_test,0.01639344262295082,True
1kW,1kW_coil_current_0p81pct,intercoil,0.81,False,83,6655025.571625765,fault_test,0.01639344262295082,True
1kW,1kW_coil_current_0p81pct,intercoil,0.81,False,84,7071953.688828524,fault_test,0.01639344262295082,True
1kW,1kW_coil_current_0p81pct,intercoil,0.81,False,85,6694196.141431263,fault_test,0.01639344262295082,True
1kW,1kW_coil_current_0p81pct,intercoil,0.81,False,86,8478111.64759134,fault_test,0.01639344262295082,True
1kW,1kW_coil_current_0p81pct,intercoil,0.81,False,87,7714925.617246637,fault_test,0.01639344262295082,True
1kW,1kW_coil_current_0p81pct,intercoil,0.81,False,88,7739732.701821153,fault_test,0.01639344262295082,True
1kW,1kW_coil_current_0p81pct,intercoil,0.81,False,89,7484591.091634634,fault_test,0.01639344262295082,True
1kW,1kW_coil_current_0p81pct,intercoil,0.81,False,90,7337946.710284203,fault_test,0.01639344262295082,True
1kW,1kW_coil_current_0p81pct,intercoil,0.81,False,91,5273138.769413734,fault_test,0.01639344262295082,True
1kW,1kW_coil_current_0p81pct,intercoil,0.81,False,92,7311660.418594947,fault_test,0.01639344262295082,True
1kW,1kW_coil_current_0p81pct,intercoil,0.81,False,93,6522484.323171035,fault_test,0.01639344262295082,True
1kW,1kW_coil_current_0p81pct,intercoil,0.81,False,94,6748588.063350233,fault_test,0.01639344262295082,True
1kW,1kW_coil_current_0p81pct,intercoil,0.81,False,95,6640806.605662173,fault_test,0.01639344262295082,True
1kW,1kW_coil_current_0p81pct,intercoil,0.81,False,96,6196008.582959098,fault_test,0.01639344262295082,True
1kW,1kW_coil_current_0p81pct,intercoil,0.81,False,97,7021288.397169807,fault_test,0.01639344262295082,True
1kW,1kW_coil_current_0p81pct,intercoil,0.81,False,98,5803086.159815818,fault_test,0.01639344262295082,True
1kW,1kW_coil_current_0p81pct,intercoil,0.81,False,99,7191405.596033332,fault_test,0.01639344262295082,True
1kW,1kW_coil_current_0p81pct,intercoil,0.81,False,100,6608599.529271129,fault_test,0.01639344262295082,True
1kW,1kW_coil_current_0p81pct,intercoil,0.81,False,101,6615254.778855508,fault_test,0.01639344262295082,True
1kW,1kW_coil_current_0p81pct,intercoil,0.81,False,102,6078657.16117738,fault_test,0.01639344262295082,True
1kW,1kW_coil_current_0p81pct,intercoil,0.81,False,103,9778378.132820306,fault_test,0.01639344262295082,True
1kW,1kW_coil_current_0p81pct,intercoil,0.81,False,104,6164527.822072375,fault_test,0.01639344262295082,True
1kW,1kW_coil_current_0p81pct,intercoil,0.81,False,105,8635931.008944547,fault_test,0.01639344262295082,True
1kW,1kW_coil_current_0p81pct,intercoil,0.81,False,106,7298464.987604655,fault_test,0.01639344262295082,True
1kW,1kW_coil_current_0p81pct,intercoil,0.81,False,107,6561191.266267515,fault_test,0.01639344262295082,True
1kW,1kW_coil_current_0p81pct,intercoil,0.81,False,108,7403836.458624636,fault_test,0.01639344262295082,True
1kW,1kW_coil_current_0p81pct,intercoil,0.81,False,109,6992811.558578333,fault_test,0.01639344262295082,True
1kW,1kW_coil_current_0p81pct,intercoil,0.81,False,110,9213476.324038878,fault_test,0.01639344262295082,True
1kW,1kW_coil_current_0p81pct,intercoil,0.81,False,111,7649704.24132926,fault_test,0.01639344262295082,True
1kW,1kW_coil_current_0p81pct,intercoil,0.81,False,112,8128178.788126564,fault_test,0.01639344262295082,True
1kW,1kW_coil_current_0p81pct,intercoil,0.81,False,113,6591277.7352237515,fault_test,0.01639344262295082,True
1kW,1kW_coil_current_0p81pct,intercoil,0.81,False,114,7273457.400717543,fault_test,0.01639344262295082,True
1kW,1kW_coil_current_0p81pct,intercoil,0.81,False,115,6303175.1613132395,fault_test,0.01639344262295082,True
1kW,1kW_coil_current_0p81pct,intercoil,0.81,False,116,7615459.63803286,fault_test,0.01639344262295082,True
1kW,1kW_coil_current_0p81pct,intercoil,0.81,False,117,6403606.016061766,fault_test,0.01639344262295082,True
1kW,1kW_coil_current_0p81pct,intercoil,0.81,False,118,7493341.416404101,fault_test,0.01639344262295082,True
1kW,1kW_coil_current_0p81pct,intercoil,0.81,False,119,7341340.112021,fault_test,0.01639344262295082,True
1kW,1kW_coil_current_0pct,intercoil,0.0,True,0,92.91216124948548,adaptation,0.4262295081967213,False
1kW,1kW_coil_current_0pct,intercoil,0.0,True,1,80.21782260275027,adaptation,0.6065573770491803,False
1kW,1kW_coil_current_0pct,intercoil,0.0,True,2,63.079345734520636,adaptation,0.8524590163934426,False
1kW,1kW_coil_current_0pct,intercoil,0.0,True,3,80.22111868695801,adaptation,0.6065573770491803,False
1kW,1kW_coil_current_0pct,intercoil,0.0,True,4,58.79646967224236,adaptation,0.9180327868852459,False
1kW,1kW_coil_current_0pct,intercoil,0.0,True,5,45.07744293422685,adaptation,0.9672131147540983,False
1kW,1kW_coil_current_0pct,intercoil,0.0,True,6,149.07149505304423,adaptation,0.09836065573770492,False
1kW,1kW_coil_current_0pct,intercoil,0.0,True,7,81.81570475142968,adaptation,0.5737704918032787,False
1kW,1kW_coil_current_0pct,intercoil,0.0,True,8,51.93325033391339,adaptation,0.9180327868852459,False
1kW,1kW_coil_current_0pct,intercoil,0.0,True,9,77.8200508319858,adaptation,0.6721311475409836,False
1kW,1kW_coil_current_0pct,intercoil,0.0,True,10,80.7425125961228,adaptation,0.5901639344262295,False
1kW,1kW_coil_current_0pct,intercoil,0.0,True,11,44.17093252746924,adaptation,0.9836065573770492,False
1kW,1kW_coil_current_0pct,intercoil,0.0,True,12,115.50456634141871,guard,0.2786885245901639,False
1kW,1kW_coil_current_0pct,intercoil,0.0,True,13,60.036535250196366,calibration,0.8852459016393442,False
1kW,1kW_coil_current_0pct,intercoil,0.0,True,14,72.5477128774229,calibration,0.7377049180327869,False
1kW,1kW_coil_current_0pct,intercoil,0.0,True,15,88.37129477943695,calibration,0.4918032786885246,False
1kW,1kW_coil_current_0pct,intercoil,0.0,True,16,44.607265813402606,calibration,0.9836065573770492,False
1kW,1kW_coil_current_0pct,intercoil,0.0,True,17,48.83452945737614,calibration,0.9508196721311475,False
1kW,1kW_coil_current_0pct,intercoil,0.0,True,18,74.34137886425904,calibration,0.7049180327868853,False
1kW,1kW_coil_current_0pct,intercoil,0.0,True,19,58.81140967801772,calibration,0.9180327868852459,False
1kW,1kW_coil_current_0pct,intercoil,0.0,True,20,86.86185231130268,calibration,0.5081967213114754,False
1kW,1kW_coil_current_0pct,intercoil,0.0,True,21,189.75859467267304,calibration,0.04918032786885246,True
1kW,1kW_coil_current_0pct,intercoil,0.0,True,22,107.46991619327628,calibration,0.32786885245901637,False
1kW,1kW_coil_current_0pct,intercoil,0.0,True,23,102.72690356610727,calibration,0.36065573770491804,False
1kW,1kW_coil_current_0pct,intercoil,0.0,True,24,79.13736870383494,calibration,0.6557377049180327,False
1kW,1kW_coil_current_0pct,intercoil,0.0,True,25,78.46178276250495,calibration,0.6721311475409836,False
1kW,1kW_coil_current_0pct,intercoil,0.0,True,26,72.84171222563623,calibration,0.7213114754098361,False
1kW,1kW_coil_current_0pct,intercoil,0.0,True,27,85.00747299642777,calibration,0.5245901639344263,False
1kW,1kW_coil_current_0pct,intercoil,0.0,True,28,83.18803732590814,calibration,0.5409836065573771,False
1kW,1kW_coil_current_0pct,intercoil,0.0,True,29,43.68990081250036,calibration,1.0,False
1kW,1kW_coil_current_0pct,intercoil,0.0,True,30,70.66062292613869,calibration,0.7540983606557377,False
1kW,1kW_coil_current_0pct,intercoil,0.0,True,31,110.68680940058186,calibration,0.3114754098360656,False
1kW,1kW_coil_current_0pct,intercoil,0.0,True,32,69.01364904125711,calibration,0.8032786885245902,False
1kW,1kW_coil_current_0pct,intercoil,0.0,True,33,143.9293853801501,calibration,0.14754098360655737,False
1kW,1kW_coil_current_0pct,intercoil,0.0,True,34,83.16122337045057,calibration,0.5573770491803278,False
1kW,1kW_coil_current_0pct,intercoil,0.0,True,35,59.41844204705188,calibration,0.9016393442622951,False
1kW,1kW_coil_current_0pct,intercoil,0.0,True,36,181.04078397116353,calibration,0.06557377049180328,False
1kW,1kW_coil_current_0pct,intercoil,0.0,True,37,148.99484911742414,calibration,0.11475409836065574,False
1kW,1kW_coil_current_0pct,intercoil,0.0,True,38,70.14574057463876,calibration,0.7704918032786885,False
1kW,1kW_coil_current_0pct,intercoil,0.0,True,39,81.40975232622483,calibration,0.5901639344262295,False
1kW,1kW_coil_current_0pct,intercoil,0.0,True,40,125.99209902331512,calibration,0.2459016393442623,False
1kW,1kW_coil_current_0pct,intercoil,0.0,True,41,63.010250448712654,calibration,0.8688524590163934,False
1kW,1kW_coil_current_0pct,intercoil,0.0,True,42,82.68697395105792,calibration,0.5737704918032787,False
1kW,1kW_coil_current_0pct,intercoil,0.0,True,43,80.03278962052818,calibration,0.6229508196721312,False
1kW,1kW_coil_current_0pct,intercoil,0.0,True,44,74.35665987629484,calibration,0.6885245901639344,False
1kW,1kW_coil_current_0pct,intercoil,0.0,True,45,67.70642130486574,calibration,0.819672131147541,False
1kW,1kW_coil_current_0pct,intercoil,0.0,True,46,66.27783735673384,calibration,0.8360655737704918,False
1kW,1kW_coil_current_0pct,intercoil,0.0,True,47,95.9801597268293,calibration,0.39344262295081966,False
1kW,1kW_coil_current_0pct,intercoil,0.0,True,48,126.75086517416571,calibration,0.22950819672131148,False
1kW,1kW_coil_current_0pct,intercoil,0.0,True,49,110.69262446654199,calibration,0.29508196721311475,False
1kW,1kW_coil_current_0pct,intercoil,0.0,True,50,138.71391451894294,calibration,0.19672131147540983,False
1kW,1kW_coil_current_0pct,intercoil,0.0,True,51,210.61816116189362,calibration,0.03278688524590164,True
1kW,1kW_coil_current_0pct,intercoil,0.0,True,52,177.2567488271411,calibration,0.08196721311475409,False
1kW,1kW_coil_current_0pct,intercoil,0.0,True,53,92.07517593188211,calibration,0.45901639344262296,False
1kW,1kW_coil_current_0pct,intercoil,0.0,True,54,141.74724346191311,calibration,0.18032786885245902,False
1kW,1kW_coil_current_0pct,intercoil,0.0,True,55,65.45725591138225,calibration,0.8524590163934426,False
1kW,1kW_coil_current_0pct,intercoil,0.0,True,56,46.158880319754985,calibration,0.9672131147540983,False
1kW,1kW_coil_current_0pct,intercoil,0.0,True,57,133.90384286185423,calibration,0.21311475409836064,False
1kW,1kW_coil_current_0pct,intercoil,0.0,True,58,92.43017362068002,calibration,0.4426229508196721,False
1kW,1kW_coil_current_0pct,intercoil,0.0,True,59,147.55280538000275,calibration,0.13114754098360656,False
1kW,1kW_coil_current_0pct,intercoil,0.0,True,60,141.7589651776882,calibration,0.16393442622950818,False
1kW,1kW_coil_current_0pct,intercoil,0.0,True,61,98.1078417822979,calibration,0.3770491803278688,False
1kW,1kW_coil_current_0pct,intercoil,0.0,True,62,69.86567644852596,calibration,0.7868852459016393,False
1kW,1kW_coil_current_0pct,intercoil,0.0,True,63,174.8807175933307,calibration,0.09836065573770492,False
1kW,1kW_coil_current_0pct,intercoil,0.0,True,64,91.96833066715126,calibration,0.47540983606557374,False
1kW,1kW_coil_current_0pct,intercoil,0.0,True,65,106.27219480948077,calibration,0.3442622950819672,False
1kW,1kW_coil_current_0pct,intercoil,0.0,True,66,95.2071659134908,calibration,0.4098360655737705,False
1kW,1kW_coil_current_0pct,intercoil,0.0,True,67,93.88807120759486,calibration,0.4262295081967213,False
1kW,1kW_coil_current_0pct,intercoil,0.0,True,68,80.44509670801135,calibration,0.6065573770491803,False
1kW,1kW_coil_current_0pct,intercoil,0.0,True,69,51.65067769453864,calibration,0.9344262295081968,False
1kW,1kW_coil_current_0pct,intercoil,0.0,True,70,117.37078782432297,calibration,0.2786885245901639,False
1kW,1kW_coil_current_0pct,intercoil,0.0,True,71,79.51107156379376,calibration,0.639344262295082,False
1kW,1kW_coil_current_0pct,intercoil,0.0,True,72,119.39098035451983,calibration,0.26229508196721313,False
1kW,1kW_coil_current_0pct,intercoil,0.0,True,73,102.2209538767012,guard,0.36065573770491804,False
1kW,1kW_coil_current_0pct,intercoil,0.0,True,74,89.51000123301732,healthy_test,0.47540983606557374,False
1kW,1kW_coil_current_0pct,intercoil,0.0,True,75,62.61664028925686,healthy_test,0.8688524590163934,False
1kW,1kW_coil_current_0pct,intercoil,0.0,True,76,149.16935435953812,healthy_test,0.09836065573770492,False
1kW,1kW_coil_current_0pct,intercoil,0.0,True,77,42.99897385086678,healthy_test,1.0,False
1kW,1kW_coil_current_0pct,intercoil,0.0,True,78,83.0325501583415,healthy_test,0.5573770491803278,False
1kW,1kW_coil_current_0pct,intercoil,0.0,True,79,91.66739334847766,healthy_test,0.47540983606557374,False
1kW,1kW_coil_current_0pct,intercoil,0.0,True,80,56.665302404621684,healthy_test,0.9180327868852459,False
1kW,1kW_coil_current_0pct,intercoil,0.0,True,81,48.87500626028977,healthy_test,0.9344262295081968,False
1kW,1kW_coil_current_0pct,intercoil,0.0,True,82,93.62383865785404,healthy_test,0.4262295081967213,False
1kW,1kW_coil_current_0pct,intercoil,0.0,True,83,85.07416205647942,healthy_test,0.5081967213114754,False
1kW,1kW_coil_current_0pct,intercoil,0.0,True,84,64.00416299221922,healthy_test,0.8524590163934426,False
1kW,1kW_coil_current_0pct,intercoil,0.0,True,85,169.5804474720711,healthy_test,0.09836065573770492,False
1kW,1kW_coil_current_0pct,intercoil,0.0,True,86,80.8182487076679,healthy_test,0.5901639344262295,False
1kW,1kW_coil_current_0pct,intercoil,0.0,True,87,73.73487777780015,healthy_test,0.7049180327868853,False
1kW,1kW_coil_current_0pct,intercoil,0.0,True,88,145.95598436135396,healthy_test,0.13114754098360656,False
1kW,1kW_coil_current_0pct,intercoil,0.0,True,89,105.13585297877428,healthy_test,0.3442622950819672,False
1kW,1kW_coil_current_0pct,intercoil,0.0,True,90,116.95555149481459,healthy_test,0.2786885245901639,False
1kW,1kW_coil_current_0pct,intercoil,0.0,True,91,113.30080814149626,healthy_test,0.2786885245901639,False
1kW,1kW_coil_current_0pct,intercoil,0.0,True,92,87.05138675376446,healthy_test,0.4918032786885246,False
1kW,1kW_coil_current_0pct,intercoil,0.0,True,93,76.20176344899701,healthy_test,0.6721311475409836,False
1kW,1kW_coil_current_0pct,intercoil,0.0,True,94,94.76215382679302,healthy_test,0.4098360655737705,False
1kW,1kW_coil_current_0pct,intercoil,0.0,True,95,53.44537528348992,healthy_test,0.9180327868852459,False
1kW,1kW_coil_current_0pct,intercoil,0.0,True,96,93.34295751289687,healthy_test,0.4262295081967213,False
1kW,1kW_coil_current_0pct,intercoil,0.0,True,97,81.78217756706142,healthy_test,0.5737704918032787,False
1kW,1kW_coil_current_0pct,intercoil,0.0,True,98,69.56298107882239,healthy_test,0.7868852459016393,False
1kW,1kW_coil_current_0pct,intercoil,0.0,True,99,97.73956126184314,healthy_test,0.3770491803278688,False
1kW,1kW_coil_current_0pct,intercoil,0.0,True,100,116.43649082314701,healthy_test,0.2786885245901639,False
1kW,1kW_coil_current_0pct,intercoil,0.0,True,101,127.24275941831874,healthy_test,0.21311475409836064,False
1kW,1kW_coil_current_0pct,intercoil,0.0,True,102,113.87724578129676,healthy_test,0.2786885245901639,False
1kW,1kW_coil_current_0pct,intercoil,0.0,True,103,69.3346259042543,healthy_test,0.7868852459016393,False
1kW,1kW_coil_current_0pct,intercoil,0.0,True,104,58.61047576651142,healthy_test,0.9180327868852459,False
1kW,1kW_coil_current_0pct,intercoil,0.0,True,105,106.96695213382694,healthy_test,0.32786885245901637,False
1kW,1kW_coil_current_0pct,intercoil,0.0,True,106,114.43289115561414,healthy_test,0.2786885245901639,False
1kW,1kW_coil_current_0pct,intercoil,0.0,True,107,52.56181154854149,healthy_test,0.9180327868852459,False
1kW,1kW_coil_current_0pct,intercoil,0.0,True,108,79.29937239602964,healthy_test,0.639344262295082,False
1kW,1kW_coil_current_0pct,intercoil,0.0,True,109,121.01383291391036,healthy_test,0.2459016393442623,False
1kW,1kW_coil_current_0pct,intercoil,0.0,True,110,81.41472959836891,healthy_test,0.5737704918032787,False
1kW,1kW_coil_current_0pct,intercoil,0.0,True,111,87.15366546046715,healthy_test,0.4918032786885246,False
1kW,1kW_coil_current_0pct,intercoil,0.0,True,112,66.00385605301716,healthy_test,0.8360655737704918,False
1kW,1kW_coil_current_0pct,intercoil,0.0,True,113,63.819491981209396,healthy_test,0.8524590163934426,False
1kW,1kW_coil_current_0pct,intercoil,0.0,True,114,117.73004074439518,healthy_test,0.26229508196721313,False
1kW,1kW_coil_current_0pct,intercoil,0.0,True,115,77.42154010486868,healthy_test,0.6721311475409836,False
1kW,1kW_coil_current_0pct,intercoil,0.0,True,116,86.75453650865737,healthy_test,0.5081967213114754,False
1kW,1kW_coil_current_0pct,intercoil,0.0,True,117,156.56741875608373,healthy_test,0.09836065573770492,False
1kW,1kW_coil_current_0pct,intercoil,0.0,True,118,82.47488045661028,healthy_test,0.5737704918032787,False
1kW,1kW_coil_current_0pct,intercoil,0.0,True,119,95.71942552196094,healthy_test,0.39344262295081966,False
1kW,1kW_coil_current_1p01pct,intercoil,1.01,False,0,495.4594907544203,fault_test,0.01639344262295082,True
1kW,1kW_coil_current_1p01pct,intercoil,1.01,False,1,401.83792799034325,fault_test,0.01639344262295082,True
1kW,1kW_coil_current_1p01pct,intercoil,1.01,False,2,257.3518611643371,fault_test,0.01639344262295082,True
1kW,1kW_coil_current_1p01pct,intercoil,1.01,False,3,384.3466656291173,fault_test,0.01639344262295082,True
1kW,1kW_coil_current_1p01pct,intercoil,1.01,False,4,464.9822026704525,fault_test,0.01639344262295082,True
1kW,1kW_coil_current_1p01pct,intercoil,1.01,False,5,465.639534631542,fault_test,0.01639344262295082,True
1kW,1kW_coil_current_1p01pct,intercoil,1.01,False,6,422.8018868725978,fault_test,0.01639344262295082,True
1kW,1kW_coil_current_1p01pct,intercoil,1.01,False,7,420.06222651278176,fault_test,0.01639344262295082,True
1kW,1kW_coil_current_1p01pct,intercoil,1.01,False,8,367.8402563128913,fault_test,0.01639344262295082,True
1kW,1kW_coil_current_1p01pct,intercoil,1.01,False,9,426.852863329182,fault_test,0.01639344262295082,True
1kW,1kW_coil_current_1p01pct,intercoil,1.01,False,10,421.75550568732655,fault_test,0.01639344262295082,True
1kW,1kW_coil_current_1p01pct,intercoil,1.01,False,11,360.1069738139282,fault_test,0.01639344262295082,True
1kW,1kW_coil_current_1p01pct,intercoil,1.01,False,12,410.5919747815242,fault_test,0.01639344262295082,True
1kW,1kW_coil_current_1p01pct,intercoil,1.01,False,13,315.2711786811856,fault_test,0.01639344262295082,True
1kW,1kW_coil_current_1p01pct,intercoil,1.01,False,14,498.2825703805637,fault_test,0.01639344262295082,True
1kW,1kW_coil_current_1p01pct,intercoil,1.01,False,15,244.43569878415033,fault_test,0.01639344262295082,True
1kW,1kW_coil_current_1p01pct,intercoil,1.01,False,16,319.0278264016096,fault_test,0.01639344262295082,True
1kW,1kW_coil_current_1p01pct,intercoil,1.01,False,17,468.12663264531,fault_test,0.01639344262295082,True
1kW,1kW_coil_current_1p01pct,intercoil,1.01,False,18,413.55843968554575,fault_test,0.01639344262295082,True
1kW,1kW_coil_current_1p01pct,intercoil,1.01,False,19,483.62976441610374,fault_test,0.01639344262295082,True
1kW,1kW_coil_current_1p01pct,intercoil,1.01,False,20,599.7382008453682,fault_test,0.01639344262295082,True
1kW,1kW_coil_current_1p01pct,intercoil,1.01,False,21,442.17741729704284,fault_test,0.01639344262295082,True
1kW,1kW_coil_current_1p01pct,intercoil,1.01,False,22,528.1427643694699,fault_test,0.01639344262295082,True
1kW,1kW_coil_current_1p01pct,intercoil,1.01,False,23,695.2964703567762,fault_test,0.01639344262295082,True
1kW,1kW_coil_current_1p01pct,intercoil,1.01,False,24,434.78109839085243,fault_test,0.01639344262295082,True
1kW,1kW_coil_current_1p01pct,intercoil,1.01,False,25,396.2765662360038,fault_test,0.01639344262295082,True
1kW,1kW_coil_current_1p01pct,intercoil,1.01,False,26,746.6808543853925,fault_test,0.01639344262295082,True
1kW,1kW_coil_current_1p01pct,intercoil,1.01,False,27,519.0544972220008,fault_test,0.01639344262295082,True
1kW,1kW_coil_current_1p01pct,intercoil,1.01,False,28,432.5547357454311,fault_test,0.01639344262295082,True
1kW,1kW_coil_current_1p01pct,intercoil,1.01,False,29,622.0171431472702,fault_test,0.01639344262295082,True
1kW,1kW_coil_current_1p01pct,intercoil,1.01,False,30,432.0660491521213,fault_test,0.01639344262295082,True
1kW,1kW_coil_current_1p01pct,intercoil,1.01,False,31,482.6053438253024,fault_test,0.01639344262295082,True
1kW,1kW_coil_current_1p01pct,intercoil,1.01,False,32,613.1979022946662,fault_test,0.01639344262295082,True
1kW,1kW_coil_current_1p01pct,intercoil,1.01,False,33,405.4031947789679,fault_test,0.01639344262295082,True
1kW,1kW_coil_current_1p01pct,intercoil,1.01,False,34,540.1805346527116,fault_test,0.01639344262295082,True
1kW,1kW_coil_current_1p01pct,intercoil,1.01,False,35,710.5744040761228,fault_test,0.01639344262295082,True
1kW,1kW_coil_current_1p01pct,intercoil,1.01,False,36,501.0064151847623,fault_test,0.01639344262295082,True
1kW,1kW_coil_current_1p01pct,intercoil,1.01,False,37,526.3225133443951,fault_test,0.01639344262295082,True
1kW,1kW_coil_current_1p01pct,intercoil,1.01,False,38,575.5045082920533,fault_test,0.01639344262295082,True
1kW,1kW_coil_current_1p01pct,intercoil,1.01,False,39,325.1316961087048,fault_test,0.01639344262295082,True
1kW,1kW_coil_current_1p01pct,intercoil,1.01,False,40,361.7546101149422,fault_test,0.01639344262295082,True
1kW,1kW_coil_current_1p01pct,intercoil,1.01,False,41,396.0091381601442,fault_test,0.01639344262295082,True
1kW,1kW_coil_current_1p01pct,intercoil,1.01,False,42,319.7720679585265,fault_test,0.01639344262295082,True
1kW,1kW_coil_current_1p01pct,intercoil,1.01,False,43,318.2897283572871,fault_test,0.01639344262295082,True
1kW,1kW_coil_current_1p01pct,intercoil,1.01,False,44,465.1540671953118,fault_test,0.01639344262295082,True
1kW,1kW_coil_current_1p01pct,intercoil,1.01,False,45,546.6253324259498,fault_test,0.01639344262295082,True
1kW,1kW_coil_current_1p01pct,intercoil,1.01,False,46,267.5271639130954,fault_test,0.01639344262295082,True
1kW,1kW_coil_current_1p01pct,intercoil,1.01,False,47,517.3895795030492,fault_test,0.01639344262295082,True
1kW,1kW_coil_current_1p01pct,intercoil,1.01,False,48,553.2210172946523,fault_test,0.01639344262295082,True
1kW,1kW_coil_current_1p01pct,intercoil,1.01,False,49,359.1192797082546,fault_test,0.01639344262295082,True
1kW,1kW_coil_current_1p01pct,intercoil,1.01,False,50,580.820252276934,fault_test,0.01639344262295082,True
1kW,1kW_coil_current_1p01pct,intercoil,1.01,False,51,559.3594780064715,fault_test,0.01639344262295082,True
1kW,1kW_coil_current_1p01pct,intercoil,1.01,False,52,602.8317606932882,fault_test,0.01639344262295082,True
1kW,1kW_coil_current_1p01pct,intercoil,1.01,False,53,345.06095148372833,fault_test,0.01639344262295082,True
1kW,1kW_coil_current_1p01pct,intercoil,1.01,False,54,453.52862280142506,fault_test,0.01639344262295082,True
1kW,1kW_coil_current_1p01pct,intercoil,1.01,False,55,584.6796983452492,fault_test,0.01639344262295082,True
1kW,1kW_coil_current_1p01pct,intercoil,1.01,False,56,416.00141536386053,fault_test,0.01639344262295082,True
1kW,1kW_coil_current_1p01pct,intercoil,1.01,False,57,432.55410105808147,fault_test,0.01639344262295082,True
1kW,1kW_coil_current_1p01pct,intercoil,1.01,False,58,557.0391608217819,fault_test,0.01639344262295082,True
1kW,1kW_coil_current_1p01pct,intercoil,1.01,False,59,395.4554393225485,fault_test,0.01639344262295082,True
1kW,1kW_coil_current_1p01pct,intercoil,1.01,False,60,446.0909174682294,fault_test,0.01639344262295082,True
1kW,1kW_coil_current_1p01pct,intercoil,1.01,False,61,370.1351944290419,fault_test,0.01639344262295082,True
1kW,1kW_coil_current_1p01pct,intercoil,1.01,False,62,313.50856716188906,fault_test,0.01639344262295082,True
1kW,1kW_coil_current_1p01pct,intercoil,1.01,False,63,403.85509290757307,fault_test,0.01639344262295082,True
1kW,1kW_coil_current_1p01pct,intercoil,1.01,False,64,387.8998118483094,fault_test,0.01639344262295082,True
1kW,1kW_coil_current_1p01pct,intercoil,1.01,False,65,400.66822639738285,fault_test,0.01639344262295082,True
1kW,1kW_coil_current_1p01pct,intercoil,1.01,False,66,331.496685240622,fault_test,0.01639344262295082,True
1kW,1kW_coil_current_1p01pct,intercoil,1.01,False,67,486.36959083421846,fault_test,0.01639344262295082,True
1kW,1kW_coil_current_1p01pct,intercoil,1.01,False,68,257.9509792425239,fault_test,0.01639344262295082,True
1kW,1kW_coil_current_1p01pct,intercoil,1.01,False,69,480.57998045365923,fault_test,0.01639344262295082,True
1kW,1kW_coil_current_1p01pct,intercoil,1.01,False,70,578.1421237548947,fault_test,0.01639344262295082,True
1kW,1kW_coil_current_1p01pct,intercoil,1.01,False,71,496.777846265022,fault_test,0.01639344262295082,True
1kW,1kW_coil_current_1p01pct,intercoil,1.01,False,72,400.1361713004379,fault_test,0.01639344262295082,True
1kW,1kW_coil_current_1p01pct,intercoil,1.01,False,73,683.2736142300595,fault_test,0.01639344262295082,True
1kW,1kW_coil_current_1p01pct,intercoil,1.01,False,74,468.8493175379029,fault_test,0.01639344262295082,True
1kW,1kW_coil_current_1p01pct,intercoil,1.01,False,75,504.7773190446384,fault_test,0.01639344262295082,True
1kW,1kW_coil_current_1p01pct,intercoil,1.01,False,76,477.14726686184935,fault_test,0.01639344262295082,True
1kW,1kW_coil_current_1p01pct,intercoil,1.01,False,77,503.9346462403071,fault_test,0.01639344262295082,True
1kW,1kW_coil_current_1p01pct,intercoil,1.01,False,78,317.91912989419495,fault_test,0.01639344262295082,True
1kW,1kW_coil_current_1p01pct,intercoil,1.01,False,79,314.6848013582521,fault_test,0.01639344262295082,True
1kW,1kW_coil_current_1p01pct,intercoil,1.01,False,80,440.94110842671876,fault_test,0.01639344262295082,True
1kW,1kW_coil_current_1p01pct,intercoil,1.01,False,81,390.3386999584965,fault_test,0.01639344262295082,True
1kW,1kW_coil_current_1p01pct,intercoil,1.01,False,82,420.68564180886517,fault_test,0.01639344262295082,True
1kW,1kW_coil_current_1p01pct,intercoil,1.01,False,83,494.09978423253904,fault_test,0.01639344262295082,True
1kW,1kW_coil_current_1p01pct,intercoil,1.01,False,84,407.4606873408108,fault_test,0.01639344262295082,True
1kW,1kW_coil_current_1p01pct,intercoil,1.01,False,85,462.58119828954244,fault_test,0.01639344262295082,True
1kW,1kW_coil_current_1p01pct,intercoil,1.01,False,86,486.66327958727345,fault_test,0.01639344262295082,True
1kW,1kW_coil_current_1p01pct,intercoil,1.01,False,87,409.586656515743,fault_test,0.01639344262295082,True
1kW,1kW_coil_current_1p01pct,intercoil,1.01,False,88,412.91455392694456,fault_test,0.01639344262295082,True
1kW,1kW_coil_current_1p01pct,intercoil,1.01,False,89,420.31384639516824,fault_test,0.01639344262295082,True
1kW,1kW_coil_current_1p01pct,intercoil,1.01,False,90,571.6795893279544,fault_test,0.01639344262295082,True
1kW,1kW_coil_current_1p01pct,intercoil,1.01,False,91,510.11886888485697,fault_test,0.01639344262295082,True
1kW,1kW_coil_current_1p01pct,intercoil,1.01,False,92,646.8999641216353,fault_test,0.01639344262295082,True
1kW,1kW_coil_current_1p01pct,intercoil,1.01,False,93,547.0250078655394,fault_test,0.01639344262295082,True
1kW,1kW_coil_current_1p01pct,intercoil,1.01,False,94,611.407213110684,fault_test,0.01639344262295082,True
1kW,1kW_coil_current_1p01pct,intercoil,1.01,False,95,552.2218880929482,fault_test,0.01639344262295082,True
1kW,1kW_coil_current_1p01pct,intercoil,1.01,False,96,562.4075570879357,fault_test,0.01639344262295082,True
1kW,1kW_coil_current_1p01pct,intercoil,1.01,False,97,525.1367311197088,fault_test,0.01639344262295082,True
1kW,1kW_coil_current_1p01pct,intercoil,1.01,False,98,561.5897875805016,fault_test,0.01639344262295082,True
1kW,1kW_coil_current_1p01pct,intercoil,1.01,False,99,438.86441080251365,fault_test,0.01639344262295082,True
1kW,1kW_coil_current_1p01pct,intercoil,1.01,False,100,523.5347050474325,fault_test,0.01639344262295082,True
1kW,1kW_coil_current_1p01pct,intercoil,1.01,False,101,516.326828179775,fault_test,0.01639344262295082,True
1kW,1kW_coil_current_1p01pct,intercoil,1.01,False,102,596.9882690834241,fault_test,0.01639344262295082,True
1kW,1kW_coil_current_1p01pct,intercoil,1.01,False,103,484.4438706022057,fault_test,0.01639344262295082,True
1kW,1kW_coil_current_1p01pct,intercoil,1.01,False,104,497.50739429283703,fault_test,0.01639344262295082,True
1kW,1kW_coil_current_1p01pct,intercoil,1.01,False,105,564.7393309223839,fault_test,0.01639344262295082,True
1kW,1kW_coil_current_1p01pct,intercoil,1.01,False,106,465.2007907181352,fault_test,0.01639344262295082,True
1kW,1kW_coil_current_1p01pct,intercoil,1.01,False,107,529.4367215699706,fault_test,0.01639344262295082,True
1kW,1kW_coil_current_1p01pct,intercoil,1.01,False,108,596.3360088996229,fault_test,0.01639344262295082,True
1kW,1kW_coil_current_1p01pct,intercoil,1.01,False,109,505.2973234822279,fault_test,0.01639344262295082,True
1kW,1kW_coil_current_1p01pct,intercoil,1.01,False,110,484.5945576164471,fault_test,0.01639344262295082,True
1kW,1kW_coil_current_1p01pct,intercoil,1.01,False,111,402.6036291308209,fault_test,0.01639344262295082,True
1kW,1kW_coil_current_1p01pct,intercoil,1.01,False,112,540.2071725421425,fault_test,0.01639344262295082,True
1kW,1kW_coil_current_1p01pct,intercoil,1.01,False,113,715.4959981688106,fault_test,0.01639344262295082,True
1kW,1kW_coil_current_1p01pct,intercoil,1.01,False,114,595.7577858737443,fault_test,0.01639344262295082,True
1kW,1kW_coil_current_1p01pct,intercoil,1.01,False,115,480.73503150573214,fault_test,0.01639344262295082,True
1kW,1kW_coil_current_1p01pct,intercoil,1.01,False,116,386.09818804935054,fault_test,0.01639344262295082,True
1kW,1kW_coil_current_1p01pct,intercoil,1.01,False,117,347.8914598512779,fault_test,0.01639344262295082,True
1kW,1kW_coil_current_1p01pct,intercoil,1.01,False,118,452.075329218101,fault_test,0.01639344262295082,True
1kW,1kW_coil_current_1p01pct,intercoil,1.01,False,119,582.8982349616076,fault_test,0.01639344262295082,True
1kW,1kW_coil_current_1p34pct,intercoil,1.34,False,0,4764781.7598890355,fault_test,0.01639344262295082,True
1kW,1kW_coil_current_1p34pct,intercoil,1.34,False,1,5987312.991305904,fault_test,0.01639344262295082,True
1kW,1kW_coil_current_1p34pct,intercoil,1.34,False,2,4870474.55160963,fault_test,0.01639344262295082,True
1kW,1kW_coil_current_1p34pct,intercoil,1.34,False,3,5638412.747893953,fault_test,0.01639344262295082,True
1kW,1kW_coil_current_1p34pct,intercoil,1.34,False,4,7136019.119312599,fault_test,0.01639344262295082,True
1kW,1kW_coil_current_1p34pct,intercoil,1.34,False,5,7483645.716141395,fault_test,0.01639344262295082,True
1kW,1kW_coil_current_1p34pct,intercoil,1.34,False,6,6324498.27588777,fault_test,0.01639344262295082,True
1kW,1kW_coil_current_1p34pct,intercoil,1.34,False,7,5542031.705075964,fault_test,0.01639344262295082,True
1kW,1kW_coil_current_1p34pct,intercoil,1.34,False,8,6693776.050206585,fault_test,0.01639344262295082,True
1kW,1kW_coil_current_1p34pct,intercoil,1.34,False,9,5465197.962991218,fault_test,0.01639344262295082,True
1kW,1kW_coil_current_1p34pct,intercoil,1.34,False,10,6660759.977663946,fault_test,0.01639344262295082,True
1kW,1kW_coil_current_1p34pct,intercoil,1.34,False,11,6745908.751584436,fault_test,0.01639344262295082,True
1kW,1kW_coil_current_1p34pct,intercoil,1.34,False,12,7887094.831566636,fault_test,0.01639344262295082,True
1kW,1kW_coil_current_1p34pct,intercoil,1.34,False,13,5818617.296747152,fault_test,0.01639344262295082,True
1kW,1kW_coil_current_1p34pct,intercoil,1.34,False,14,5990461.727088346,fault_test,0.01639344262295082,True
1kW,1kW_coil_current_1p34pct,intercoil,1.34,False,15,5803781.608837461,fault_test,0.01639344262295082,True
1kW,1kW_coil_current_1p34pct,intercoil,1.34,False,16,6289843.870521021,fault_test,0.01639344262295082,True
1kW,1kW_coil_current_1p34pct,intercoil,1.34,False,17,7133330.771649502,fault_test,0.01639344262295082,True
1kW,1kW_coil_current_1p34pct,intercoil,1.34,False,18,6298978.49800027,fault_test,0.01639344262295082,True
1kW,1kW_coil_current_1p34pct,intercoil,1.34,False,19,6375933.577916845,fault_test,0.01639344262295082,True
1kW,1kW_coil_current_1p34pct,intercoil,1.34,False,20,5724126.521447017,fault_test,0.01639344262295082,True
1kW,1kW_coil_current_1p34pct,intercoil,1.34,False,21,6385850.573152493,fault_test,0.01639344262295082,True
1kW,1kW_coil_current_1p34pct,intercoil,1.34,False,22,6938361.545805586,fault_test,0.01639344262295082,True
1kW,1kW_coil_current_1p34pct,intercoil,1.34,False,23,6022427.195720048,fault_test,0.01639344262295082,True
1kW,1kW_coil_current_1p34pct,intercoil,1.34,False,24,6875074.78491828,fault_test,0.01639344262295082,True
1kW,1kW_coil_current_1p34pct,intercoil,1.34,False,25,5315265.236696545,fault_test,0.01639344262295082,True
1kW,1kW_coil_current_1p34pct,intercoil,1.34,False,26,8539885.774212828,fault_test,0.01639344262295082,True
1kW,1kW_coil_current_1p34pct,intercoil,1.34,False,27,6166530.443030686,fault_test,0.01639344262295082,True
1kW,1kW_coil_current_1p34pct,intercoil,1.34,False,28,7741319.92748998,fault_test,0.01639344262295082,True
1kW,1kW_coil_current_1p34pct,intercoil,1.34,False,29,6973918.364452524,fault_test,0.01639344262295082,True
1kW,1kW_coil_current_1p34pct,intercoil,1.34,False,30,7777430.060323269,fault_test,0.01639344262295082,True
1kW,1kW_coil_current_1p34pct,intercoil,1.34,False,31,6308739.966302075,fault_test,0.01639344262295082,True
1kW,1kW_coil_current_1p34pct,intercoil,1.34,False,32,6691069.072397233,fault_test,0.01639344262295082,True
1kW,1kW_coil_current_1p34pct,intercoil,1.34,False,33,8278224.457919894,fault_test,0.01639344262295082,True
1kW,1kW_coil_current_1p34pct,intercoil,1.34,False,34,5835617.902365638,fault_test,0.01639344262295082,True
1kW,1kW_coil_current_1p34pct,intercoil,1.34,False,35,6561848.189703501,fault_test,0.01639344262295082,True
1kW,1kW_coil_current_1p34pct,intercoil,1.34,False,36,5385018.132766257,fault_test,0.01639344262295082,True
1kW,1kW_coil_current_1p34pct,intercoil,1.34,False,37,7678009.354302395,fault_test,0.01639344262295082,True
1kW,1kW_coil_current_1p34pct,intercoil,1.34,False,38,5825871.58404216,fault_test,0.01639344262295082,True
1kW,1kW_coil_current_1p34pct,intercoil,1.34,False,39,6547389.771805965,fault_test,0.01639344262295082,True
1kW,1kW_coil_current_1p34pct,intercoil,1.34,False,40,5817673.430405422,fault_test,0.01639344262295082,True
1kW,1kW_coil_current_1p34pct,intercoil,1.34,False,41,7010669.832783879,fault_test,0.01639344262295082,True
1kW,1kW_coil_current_1p34pct,intercoil,1.34,False,42,6015720.978261817,fault_test,0.01639344262295082,True
1kW,1kW_coil_current_1p34pct,intercoil,1.34,False,43,5669913.71625498,fault_test,0.01639344262295082,True
1kW,1kW_coil_current_1p34pct,intercoil,1.34,False,44,6036089.216651885,fault_test,0.01639344262295082,True
1kW,1kW_coil_current_1p34pct,intercoil,1.34,False,45,7023008.362789737,fault_test,0.01639344262295082,True
1kW,1kW_coil_current_1p34pct,intercoil,1.34,False,46,7105923.004131503,fault_test,0.01639344262295082,True
1kW,1kW_coil_current_1p34pct,intercoil,1.34,False,47,5664748.657606284,fault_test,0.01639344262295082,True
1kW,1kW_coil_current_1p34pct,intercoil,1.34,False,48,7335610.83891117,fault_test,0.01639344262295082,True
1kW,1kW_coil_current_1p34pct,intercoil,1.34,False,49,6081178.873779939,fault_test,0.01639344262295082,True
1kW,1kW_coil_current_1p34pct,intercoil,1.34,False,50,7057445.810173419,fault_test,0.01639344262295082,True
1kW,1kW_coil_current_1p34pct,intercoil,1.34,False,51,6447824.971707877,fault_test,0.01639344262295082,True
1kW,1kW_coil_current_1p34pct,intercoil,1.34,False,52,5967017.807782608,fault_test,0.01639344262295082,True
1kW,1kW_coil_current_1p34pct,intercoil,1.34,False,53,5975823.462474868,fault_test,0.01639344262295082,True
1kW,1kW_coil_current_1p34pct,intercoil,1.34,False,54,5363857.963867359,fault_test,0.01639344262295082,True
1kW,1kW_coil_current_1p34pct,intercoil,1.34,False,55,6159301.378252072,fault_test,0.01639344262295082,True
1kW,1kW_coil_current_1p34pct,intercoil,1.34,False,56,5959246.970347797,fault_test,0.01639344262295082,True
1kW,1kW_coil_current_1p34pct,intercoil,1.34,False,57,6677665.913584564,fault_test,0.01639344262295082,True
1kW,1kW_coil_current_1p34pct,intercoil,1.34,False,58,6895043.213657859,fault_test,0.01639344262295082,True
1kW,1kW_coil_current_1p34pct,intercoil,1.34,False,59,8028669.865892313,fault_test,0.01639344262295082,True
1kW,1kW_coil_current_1p34pct,intercoil,1.34,False,60,6885900.7295283135,fault_test,0.01639344262295082,True
1kW,1kW_coil_current_1p34pct,intercoil,1.34,False,61,6946256.611601214,fault_test,0.01639344262295082,True
1kW,1kW_coil_current_1p34pct,intercoil,1.34,False,62,7729220.997703715,fault_test,0.01639344262295082,True
1kW,1kW_coil_current_1p34pct,intercoil,1.34,False,63,6329214.103165605,fault_test,0.01639344262295082,True
1kW,1kW_coil_current_1p34pct,intercoil,1.34,False,64,8476444.40408267,fault_test,0.01639344262295082,True
1kW,1kW_coil_current_1p34pct,intercoil,1.34,False,65,5429693.880708771,fault_test,0.01639344262295082,True
1kW,1kW_coil_current_1p34pct,intercoil,1.34,False,66,6948702.60485638,fault_test,0.01639344262295082,True
1kW,1kW_coil_current_1p34pct,intercoil,1.34,False,67,5633201.869673133,fault_test,0.01639344262295082,True
1kW,1kW_coil_current_1p34pct,intercoil,1.34,False,68,9243417.790472064,fault_test,0.01639344262295082,True
1kW,1kW_coil_current_1p34pct,intercoil,1.34,False,69,7381768.132071912,fault_test,0.01639344262295082,True
1kW,1kW_coil_current_1p34pct,intercoil,1.34,False,70,7245733.917180456,fault_test,0.01639344262295082,True
1kW,1kW_coil_current_1p34pct,intercoil,1.34,False,71,7053765.39373168,fault_test,0.01639344262295082,True
1kW,1kW_coil_current_1p34pct,intercoil,1.34,False,72,6675885.222598215,fault_test,0.01639344262295082,True
1kW,1kW_coil_current_1p34pct,intercoil,1.34,False,73,6553632.201769838,fault_test,0.01639344262295082,True
1kW,1kW_coil_current_1p34pct,intercoil,1.34,False,74,6483364.401487331,fault_test,0.01639344262295082,True
1kW,1kW_coil_current_1p34pct,intercoil,1.34,False,75,8111048.056844439,fault_test,0.01639344262295082,True
1kW,1kW_coil_current_1p34pct,intercoil,1.34,False,76,8189847.185463315,fault_test,0.01639344262295082,True
1kW,1kW_coil_current_1p34pct,intercoil,1.34,False,77,6725986.907679043,fault_test,0.01639344262295082,True
1kW,1kW_coil_current_1p34pct,intercoil,1.34,False,78,5821007.843077009,fault_test,0.01639344262295082,True
1kW,1kW_coil_current_1p34pct,intercoil,1.34,False,79,7244272.515793908,fault_test,0.01639344262295082,True
1kW,1kW_coil_current_1p34pct,intercoil,1.34,False,80,7009759.91066961,fault_test,0.01639344262295082,True
1kW,1kW_coil_current_1p34pct,intercoil,1.34,False,81,6187861.589446937,fault_test,0.01639344262295082,True
1kW,1kW_coil_current_1p34pct,intercoil,1.34,False,82,7946144.748385937,fault_test,0.01639344262295082,True
1kW,1kW_coil_current_1p34pct,intercoil,1.34,False,83,6298364.010070624,fault_test,0.01639344262295082,True
1kW,1kW_coil_current_1p34pct,intercoil,1.34,False,84,8925664.332765218,fault_test,0.01639344262295082,True
1kW,1kW_coil_current_1p34pct,intercoil,1.34,False,85,6202783.15739001,fault_test,0.01639344262295082,True
1kW,1kW_coil_current_1p34pct,intercoil,1.34,False,86,7252831.753183571,fault_test,0.01639344262295082,True
1kW,1kW_coil_current_1p34pct,intercoil,1.34,False,87,5613235.502702987,fault_test,0.01639344262295082,True
1kW,1kW_coil_current_1p34pct,intercoil,1.34,False,88,7841192.544125587,fault_test,0.01639344262295082,True
1kW,1kW_coil_current_1p34pct,intercoil,1.34,False,89,6247572.442742063,fault_test,0.01639344262295082,True
1kW,1kW_coil_current_1p34pct,intercoil,1.34,False,90,7535828.851336722,fault_test,0.01639344262295082,True
1kW,1kW_coil_current_1p34pct,intercoil,1.34,False,91,7040740.502075655,fault_test,0.01639344262295082,True
1kW,1kW_coil_current_1p34pct,intercoil,1.34,False,92,6833461.222019248,fault_test,0.01639344262295082,True
1kW,1kW_coil_current_1p34pct,intercoil,1.34,False,93,9682807.093699943,fault_test,0.01639344262295082,True
1kW,1kW_coil_current_1p34pct,intercoil,1.34,False,94,5593497.851785497,fault_test,0.01639344262295082,True
1kW,1kW_coil_current_1p34pct,intercoil,1.34,False,95,7409749.36771345,fault_test,0.01639344262295082,True
1kW,1kW_coil_current_1p34pct,intercoil,1.34,False,96,6522581.415596312,fault_test,0.01639344262295082,True
1kW,1kW_coil_current_1p34pct,intercoil,1.34,False,97,7084209.58852622,fault_test,0.01639344262295082,True
1kW,1kW_coil_current_1p34pct,intercoil,1.34,False,98,6037305.148006327,fault_test,0.01639344262295082,True
1kW,1kW_coil_current_1p34pct,intercoil,1.34,False,99,6504922.920704446,fault_test,0.01639344262295082,True
1kW,1kW_coil_current_1p34pct,intercoil,1.34,False,100,9736934.73665269,fault_test,0.01639344262295082,True
1kW,1kW_coil_current_1p34pct,intercoil,1.34,False,101,6770657.977062208,fault_test,0.01639344262295082,True
1kW,1kW_coil_current_1p34pct,intercoil,1.34,False,102,7279266.149056173,fault_test,0.01639344262295082,True
1kW,1kW_coil_current_1p34pct,intercoil,1.34,False,103,5575663.726174481,fault_test,0.01639344262295082,True
1kW,1kW_coil_current_1p34pct,intercoil,1.34,False,104,8046836.91781986,fault_test,0.01639344262295082,True
1kW,1kW_coil_current_1p34pct,intercoil,1.34,False,105,6737315.717774226,fault_test,0.01639344262295082,True
1kW,1kW_coil_current_1p34pct,intercoil,1.34,False,106,7534108.683065524,fault_test,0.01639344262295082,True
1kW,1kW_coil_current_1p34pct,intercoil,1.34,False,107,5877873.617975548,fault_test,0.01639344262295082,True
1kW,1kW_coil_current_1p34pct,intercoil,1.34,False,108,7962306.038017263,fault_test,0.01639344262295082,True
1kW,1kW_coil_current_1p34pct,intercoil,1.34,False,109,6738965.273654056,fault_test,0.01639344262295082,True
1kW,1kW_coil_current_1p34pct,intercoil,1.34,False,110,6182333.242232841,fault_test,0.01639344262295082,True
1kW,1kW_coil_current_1p34pct,intercoil,1.34,False,111,7590564.433312608,fault_test,0.01639344262295082,True
1kW,1kW_coil_current_1p34pct,intercoil,1.34,False,112,6196069.142967344,fault_test,0.01639344262295082,True
1kW,1kW_coil_current_1p34pct,intercoil,1.34,False,113,7828127.234333977,fault_test,0.01639344262295082,True
1kW,1kW_coil_current_1p34pct,intercoil,1.34,False,114,6222742.0081758145,fault_test,0.01639344262295082,True
1kW,1kW_coil_current_1p34pct,intercoil,1.34,False,115,8791863.878050573,fault_test,0.01639344262295082,True
1kW,1kW_coil_current_1p34pct,intercoil,1.34,False,116,5602746.345237432,fault_test,0.01639344262295082,True
1kW,1kW_coil_current_1p34pct,intercoil,1.34,False,117,7102677.4391463455,fault_test,0.01639344262295082,True
1kW,1kW_coil_current_1p34pct,intercoil,1.34,False,118,5688823.91733343,fault_test,0.01639344262295082,True
1kW,1kW_coil_current_1p34pct,intercoil,1.34,False,119,6680008.266931402,fault_test,0.01639344262295082,True
1kW,1kW_coil_current_2pct,intercoil,2.0,False,0,6221.003545799735,fault_test,0.01639344262295082,True
1kW,1kW_coil_current_2pct,intercoil,2.0,False,1,5949.332192572098,fault_test,0.01639344262295082,True
1kW,1kW_coil_current_2pct,intercoil,2.0,False,2,6067.438573977909,fault_test,0.01639344262295082,True
1kW,1kW_coil_current_2pct,intercoil,2.0,False,3,5688.20648858889,fault_test,0.01639344262295082,True
1kW,1kW_coil_current_2pct,intercoil,2.0,False,4,5201.524263515048,fault_test,0.01639344262295082,True
1kW,1kW_coil_current_2pct,intercoil,2.0,False,5,5896.755032893514,fault_test,0.01639344262295082,True
1kW,1kW_coil_current_2pct,intercoil,2.0,False,6,5184.092206393119,fault_test,0.01639344262295082,True
1kW,1kW_coil_current_2pct,intercoil,2.0,False,7,7340.183873725974,fault_test,0.01639344262295082,True
1kW,1kW_coil_current_2pct,intercoil,2.0,False,8,5686.1883751125515,fault_test,0.01639344262295082,True
1kW,1kW_coil_current_2pct,intercoil,2.0,False,9,5952.496648851143,fault_test,0.01639344262295082,True
1kW,1kW_coil_current_2pct,intercoil,2.0,False,10,5252.214222160324,fault_test,0.01639344262295082,True
1kW,1kW_coil_current_2pct,intercoil,2.0,False,11,5999.039931568546,fault_test,0.01639344262295082,True
1kW,1kW_coil_current_2pct,intercoil,2.0,False,12,5228.0873277849705,fault_test,0.01639344262295082,True
1kW,1kW_coil_current_2pct,intercoil,2.0,False,13,5695.721560007261,fault_test,0.01639344262295082,True
1kW,1kW_coil_current_2pct,intercoil,2.0,False,14,5369.471673432251,fault_test,0.01639344262295082,True
1kW,1kW_coil_current_2pct,intercoil,2.0,False,15,6132.8684981812685,fault_test,0.01639344262295082,True
1kW,1kW_coil_current_2pct,intercoil,2.0,False,16,6023.914970725453,fault_test,0.01639344262295082,True
1kW,1kW_coil_current_2pct,intercoil,2.0,False,17,4929.652983781785,fault_test,0.01639344262295082,True
1kW,1kW_coil_current_2pct,intercoil,2.0,False,18,5485.333750090727,fault_test,0.01639344262295082,True
1kW,1kW_coil_current_2pct,intercoil,2.0,False,19,6066.821589072442,fault_test,0.01639344262295082,True
1kW,1kW_coil_current_2pct,intercoil,2.0,False,20,5562.192163888241,fault_test,0.01639344262295082,True
1kW,1kW_coil_current_2pct,intercoil,2.0,False,21,6160.823040373239,fault_test,0.01639344262295082,True
1kW,1kW_coil_current_2pct,intercoil,2.0,False,22,6318.480785674774,fault_test,0.01639344262295082,True
1kW,1kW_coil_current_2pct,intercoil,2.0,False,23,5344.641932965801,fault_test,0.01639344262295082,True
1kW,1kW_coil_current_2pct,intercoil,2.0,False,24,5858.478984310659,fault_test,0.01639344262295082,True
1kW,1kW_coil_current_2pct,intercoil,2.0,False,25,6528.956985392678,fault_test,0.01639344262295082,True
1kW,1kW_coil_current_2pct,intercoil,2.0,False,26,8335.206458533567,fault_test,0.01639344262295082,True
1kW,1kW_coil_current_2pct,intercoil,2.0,False,27,5332.233202670439,fault_test,0.01639344262295082,True
1kW,1kW_coil_current_2pct,intercoil,2.0,False,28,5738.104589005784,fault_test,0.01639344262295082,True
1kW,1kW_coil_current_2pct,intercoil,2.0,False,29,5425.0655925742,fault_test,0.01639344262295082,True
1kW,1kW_coil_current_2pct,intercoil,2.0,False,30,5912.027102451619,fault_test,0.01639344262295082,True
1kW,1kW_coil_current_2pct,intercoil,2.0,False,31,4807.666851672103,fault_test,0.01639344262295082,True
1kW,1kW_coil_current_2pct,intercoil,2.0,False,32,6305.238167019122,fault_test,0.01639344262295082,True
1kW,1kW_coil_current_2pct,intercoil,2.0,False,33,6612.433515002059,fault_test,0.01639344262295082,True
1kW,1kW_coil_current_2pct,intercoil,2.0,False,34,5831.780114542051,fault_test,0.01639344262295082,True
1kW,1kW_coil_current_2pct,intercoil,2.0,False,35,4886.416905143537,fault_test,0.01639344262295082,True
1kW,1kW_coil_current_2pct,intercoil,2.0,False,36,6415.178533089083,fault_test,0.01639344262295082,True
1kW,1kW_coil_current_2pct,intercoil,2.0,False,37,13865.762405156336,fault_test,0.01639344262295082,True
1kW,1kW_coil_current_2pct,intercoil,2.0,False,38,6523.18428922599,fault_test,0.01639344262295082,True
1kW,1kW_coil_current_2pct,intercoil,2.0,False,39,8693.08375426356,fault_test,0.01639344262295082,True
1kW,1kW_coil_current_2pct,intercoil,2.0,False,40,6720.119547110984,fault_test,0.01639344262295082,True
1kW,1kW_coil_current_2pct,intercoil,2.0,False,41,8473.773061575812,fault_test,0.01639344262295082,True
1kW,1kW_coil_current_2pct,intercoil,2.0,False,42,7598.527743099317,fault_test,0.01639344262295082,True
1kW,1kW_coil_current_2pct,intercoil,2.0,False,43,7372.814396902868,fault_test,0.01639344262295082,True
1kW,1kW_coil_current_2pct,intercoil,2.0,False,44,7460.87496994516,fault_test,0.01639344262295082,True
1kW,1kW_coil_current_2pct,intercoil,2.0,False,45,8372.613837076364,fault_test,0.01639344262295082,True
1kW,1kW_coil_current_2pct,intercoil,2.0,False,46,7079.05388252949,fault_test,0.01639344262295082,True
1kW,1kW_coil_current_2pct,intercoil,2.0,False,47,7839.758707992508,fault_test,0.01639344262295082,True
1kW,1kW_coil_current_2pct,intercoil,2.0,False,48,7118.330308492865,fault_test,0.01639344262295082,True
1kW,1kW_coil_current_2pct,intercoil,2.0,False,49,8266.779765601856,fault_test,0.01639344262295082,True
1kW,1kW_coil_current_2pct,intercoil,2.0,False,50,7675.003714118459,fault_test,0.01639344262295082,True
1kW,1kW_coil_current_2pct,intercoil,2.0,False,51,9120.533106983754,fault_test,0.01639344262295082,True
1kW,1kW_coil_current_2pct,intercoil,2.0,False,52,7092.389604384043,fault_test,0.01639344262295082,True
1kW,1kW_coil_current_2pct,intercoil,2.0,False,53,10886.409480345274,fault_test,0.01639344262295082,True
1kW,1kW_coil_current_2pct,intercoil,2.0,False,54,7509.642672460397,fault_test,0.01639344262295082,True
1kW,1kW_coil_current_2pct,intercoil,2.0,False,55,8196.544734159475,fault_test,0.01639344262295082,True
1kW,1kW_coil_current_2pct,intercoil,2.0,False,56,9276.490526172312,fault_test,0.01639344262295082,True
1kW,1kW_coil_current_2pct,intercoil,2.0,False,57,10819.270712816211,fault_test,0.01639344262295082,True
1kW,1kW_coil_current_2pct,intercoil,2.0,False,58,18453.019582010438,fault_test,0.01639344262295082,True
1kW,1kW_coil_current_2pct,intercoil,2.0,False,59,16359.815745903805,fault_test,0.01639344262295082,True
1kW,1kW_coil_current_2pct,intercoil,2.0,False,60,9075.74514775639,fault_test,0.01639344262295082,True
1kW,1kW_coil_current_2pct,intercoil,2.0,False,61,9362.655909187235,fault_test,0.01639344262295082,True
1kW,1kW_coil_current_2pct,intercoil,2.0,False,62,21067.21702172046,fault_test,0.01639344262295082,True
1kW,1kW_coil_current_2pct,intercoil,2.0,False,63,14282.155745674994,fault_test,0.01639344262295082,True
1kW,1kW_coil_current_2pct,intercoil,2.0,False,64,8328.645861681098,fault_test,0.01639344262295082,True
1kW,1kW_coil_current_2pct,intercoil,2.0,False,65,6828.541877454273,fault_test,0.01639344262295082,True
1kW,1kW_coil_current_2pct,intercoil,2.0,False,66,9508.691914894716,fault_test,0.01639344262295082,True
1kW,1kW_coil_current_2pct,intercoil,2.0,False,67,12254.757796737369,fault_test,0.01639344262295082,True
1kW,1kW_coil_current_2pct,intercoil,2.0,False,68,9404.763086317726,fault_test,0.01639344262295082,True
1kW,1kW_coil_current_2pct,intercoil,2.0,False,69,7569.362109956717,fault_test,0.01639344262295082,True
1kW,1kW_coil_current_2pct,intercoil,2.0,False,70,8364.671678709432,fault_test,0.01639344262295082,True
1kW,1kW_coil_current_2pct,intercoil,2.0,False,71,9703.353651938047,fault_test,0.01639344262295082,True
1kW,1kW_coil_current_2pct,intercoil,2.0,False,72,7381.535172338275,fault_test,0.01639344262295082,True
1kW,1kW_coil_current_2pct,intercoil,2.0,False,73,8278.237634278144,fault_test,0.01639344262295082,True
1kW,1kW_coil_current_2pct,intercoil,2.0,False,74,9482.44288701219,fault_test,0.01639344262295082,True
1kW,1kW_coil_current_2pct,intercoil,2.0,False,75,10286.41109740264,fault_test,0.01639344262295082,True
1kW,1kW_coil_current_2pct,intercoil,2.0,False,76,9295.914064360642,fault_test,0.01639344262295082,True
1kW,1kW_coil_current_2pct,intercoil,2.0,False,77,8978.944829092485,fault_test,0.01639344262295082,True
1kW,1kW_coil_current_2pct,intercoil,2.0,False,78,7868.302595298884,fault_test,0.01639344262295082,True
1kW,1kW_coil_current_2pct,intercoil,2.0,False,79,7619.911316648574,fault_test,0.01639344262295082,True
1kW,1kW_coil_current_2pct,intercoil,2.0,False,80,9885.547825972086,fault_test,0.01639344262295082,True
1kW,1kW_coil_current_2pct,intercoil,2.0,False,81,8045.09229495056,fault_test,0.01639344262295082,True
1kW,1kW_coil_current_2pct,intercoil,2.0,False,82,10182.81518088263,fault_test,0.01639344262295082,True
1kW,1kW_coil_current_2pct,intercoil,2.0,False,83,10026.606593928176,fault_test,0.01639344262295082,True
1kW,1kW_coil_current_2pct,intercoil,2.0,False,84,9102.3668489415,fault_test,0.01639344262295082,True
1kW,1kW_coil_current_2pct,intercoil,2.0,False,85,10164.765436117092,fault_test,0.01639344262295082,True
1kW,1kW_coil_current_2pct,intercoil,2.0,False,86,9764.2297481596,fault_test,0.01639344262295082,True
1kW,1kW_coil_current_2pct,intercoil,2.0,False,87,8903.704741353531,fault_test,0.01639344262295082,True
1kW,1kW_coil_current_2pct,intercoil,2.0,False,88,8909.401910440245,fault_test,0.01639344262295082,True
1kW,1kW_coil_current_2pct,intercoil,2.0,False,89,10784.238220195311,fault_test,0.01639344262295082,True
1kW,1kW_coil_current_2pct,intercoil,2.0,False,90,9496.470144364775,fault_test,0.01639344262295082,True
1kW,1kW_coil_current_2pct,intercoil,2.0,False,91,7948.241627589186,fault_test,0.01639344262295082,True
1kW,1kW_coil_current_2pct,intercoil,2.0,False,92,12518.240376327072,fault_test,0.01639344262295082,True
1kW,1kW_coil_current_2pct,intercoil,2.0,False,93,9787.426626727927,fault_test,0.01639344262295082,True
1kW,1kW_coil_current_2pct,intercoil,2.0,False,94,10841.52394520699,fault_test,0.01639344262295082,True
1kW,1kW_coil_current_2pct,intercoil,2.0,False,95,9581.617333766213,fault_test,0.01639344262295082,True
1kW,1kW_coil_current_2pct,intercoil,2.0,False,96,14022.904749131374,fault_test,0.01639344262295082,True
1kW,1kW_coil_current_2pct,intercoil,2.0,False,97,7648.393851167602,fault_test,0.01639344262295082,True
1kW,1kW_coil_current_2pct,intercoil,2.0,False,98,8396.817003527172,fault_test,0.01639344262295082,True
1kW,1kW_coil_current_2pct,intercoil,2.0,False,99,9811.16957921195,fault_test,0.01639344262295082,True
1kW,1kW_coil_current_2pct,intercoil,2.0,False,100,7353.115944948747,fault_test,0.01639344262295082,True
1kW,1kW_coil_current_2pct,intercoil,2.0,False,101,9770.029451741853,fault_test,0.01639344262295082,True
1kW,1kW_coil_current_2pct,intercoil,2.0,False,102,9763.571841730693,fault_test,0.01639344262295082,True
1kW,1kW_coil_current_2pct,intercoil,2.0,False,103,9405.459110265729,fault_test,0.01639344262295082,True
1kW,1kW_coil_current_2pct,intercoil,2.0,False,104,11256.556419834877,fault_test,0.01639344262295082,True
1kW,1kW_coil_current_2pct,intercoil,2.0,False,105,10382.036174741552,fault_test,0.01639344262295082,True
1kW,1kW_coil_current_2pct,intercoil,2.0,False,106,8990.449579916552,fault_test,0.01639344262295082,True
1kW,1kW_coil_current_2pct,intercoil,2.0,False,107,11741.313714167027,fault_test,0.01639344262295082,True
1kW,1kW_coil_current_2pct,intercoil,2.0,False,108,14392.566736648729,fault_test,0.01639344262295082,True
1kW,1kW_coil_current_2pct,intercoil,2.0,False,109,9551.042193103853,fault_test,0.01639344262295082,True
1kW,1kW_coil_current_2pct,intercoil,2.0,False,110,12369.516399528646,fault_test,0.01639344262295082,True
1kW,1kW_coil_current_2pct,intercoil,2.0,False,111,11672.221441077674,fault_test,0.01639344262295082,True
1kW,1kW_coil_current_2pct,intercoil,2.0,False,112,9860.466400408173,fault_test,0.01639344262295082,True
1kW,1kW_coil_current_2pct,intercoil,2.0,False,113,12216.401501461129,fault_test,0.01639344262295082,True
1kW,1kW_coil_current_2pct,intercoil,2.0,False,114,12925.197278880454,fault_test,0.01639344262295082,True
1kW,1kW_coil_current_2pct,intercoil,2.0,False,115,12320.239834893076,fault_test,0.01639344262295082,True
1kW,1kW_coil_current_2pct,intercoil,2.0,False,116,9764.190952251778,fault_test,0.01639344262295082,True
1kW,1kW_coil_current_2pct,intercoil,2.0,False,117,9585.09320117108,fault_test,0.01639344262295082,True
1kW,1kW_coil_current_2pct,intercoil,2.0,False,118,10347.544337414565,fault_test,0.01639344262295082,True
1kW,1kW_coil_current_2pct,intercoil,2.0,False,119,12100.538685210162,fault_test,0.01639344262295082,True
1kW,1kW_coil_current_3p93pct,intercoil,3.93,False,0,6945895.216079465,fault_test,0.01639344262295082,True
1kW,1kW_coil_current_3p93pct,intercoil,3.93,False,1,6476076.010081447,fault_test,0.01639344262295082,True
1kW,1kW_coil_current_3p93pct,intercoil,3.93,False,2,5945188.3634413,fault_test,0.01639344262295082,True
1kW,1kW_coil_current_3p93pct,intercoil,3.93,False,3,7512198.102505502,fault_test,0.01639344262295082,True
1kW,1kW_coil_current_3p93pct,intercoil,3.93,False,4,6583912.688723451,fault_test,0.01639344262295082,True
1kW,1kW_coil_current_3p93pct,intercoil,3.93,False,5,8656013.21529839,fault_test,0.01639344262295082,True
1kW,1kW_coil_current_3p93pct,intercoil,3.93,False,6,5384933.076527507,fault_test,0.01639344262295082,True
1kW,1kW_coil_current_3p93pct,intercoil,3.93,False,7,7062526.11823919,fault_test,0.01639344262295082,True
1kW,1kW_coil_current_3p93pct,intercoil,3.93,False,8,5521302.397258453,fault_test,0.01639344262295082,True
1kW,1kW_coil_current_3p93pct,intercoil,3.93,False,9,6445635.649185276,fault_test,0.01639344262295082,True
1kW,1kW_coil_current_3p93pct,intercoil,3.93,False,10,5722212.373932485,fault_test,0.01639344262295082,True
1kW,1kW_coil_current_3p93pct,intercoil,3.93,False,11,6689682.440216569,fault_test,0.01639344262295082,True
1kW,1kW_coil_current_3p93pct,intercoil,3.93,False,12,5999364.967727394,fault_test,0.01639344262295082,True
1kW,1kW_coil_current_3p93pct,intercoil,3.93,False,13,6721348.106233662,fault_test,0.01639344262295082,True
1kW,1kW_coil_current_3p93pct,intercoil,3.93,False,14,10091338.465331448,fault_test,0.01639344262295082,True
1kW,1kW_coil_current_3p93pct,intercoil,3.93,False,15,6071803.277307807,fault_test,0.01639344262295082,True
1kW,1kW_coil_current_3p93pct,intercoil,3.93,False,16,8204720.556033587,fault_test,0.01639344262295082,True
1kW,1kW_coil_current_3p93pct,intercoil,3.93,False,17,6077976.771957957,fault_test,0.01639344262295082,True
1kW,1kW_coil_current_3p93pct,intercoil,3.93,False,18,6640475.683562887,fault_test,0.01639344262295082,True
1kW,1kW_coil_current_3p93pct,intercoil,3.93,False,19,6533813.282845453,fault_test,0.01639344262295082,True
1kW,1kW_coil_current_3p93pct,intercoil,3.93,False,20,8927729.686380617,fault_test,0.01639344262295082,True
1kW,1kW_coil_current_3p93pct,intercoil,3.93,False,21,5985419.984059483,fault_test,0.01639344262295082,True
1kW,1kW_coil_current_3p93pct,intercoil,3.93,False,22,8215985.123685151,fault_test,0.01639344262295082,True
1kW,1kW_coil_current_3p93pct,intercoil,3.93,False,23,6846983.961962652,fault_test,0.01639344262295082,True
1kW,1kW_coil_current_3p93pct,intercoil,3.93,False,24,5893746.9663892975,fault_test,0.01639344262295082,True
1kW,1kW_coil_current_3p93pct,intercoil,3.93,False,25,5739823.342957949,fault_test,0.01639344262295082,True
1kW,1kW_coil_current_3p93pct,intercoil,3.93,False,26,6686166.740676137,fault_test,0.01639344262295082,True
1kW,1kW_coil_current_3p93pct,intercoil,3.93,False,27,7413257.078533572,fault_test,0.01639344262295082,True
1kW,1kW_coil_current_3p93pct,intercoil,3.93,False,28,6708764.190429725,fault_test,0.01639344262295082,True
1kW,1kW_coil_current_3p93pct,intercoil,3.93,False,29,7963221.108555873,fault_test,0.01639344262295082,True
1kW,1kW_coil_current_3p93pct,intercoil,3.93,False,30,6114891.081588345,fault_test,0.01639344262295082,True
1kW,1kW_coil_current_3p93pct,intercoil,3.93,False,31,7012319.902573649,fault_test,0.01639344262295082,True
1kW,1kW_coil_current_3p93pct,intercoil,3.93,False,32,5066302.267265764,fault_test,0.01639344262295082,True
1kW,1kW_coil_current_3p93pct,intercoil,3.93,False,33,8531706.580778554,fault_test,0.01639344262295082,True
1kW,1kW_coil_current_3p93pct,intercoil,3.93,False,34,4936088.822298489,fault_test,0.01639344262295082,True
1kW,1kW_coil_current_3p93pct,intercoil,3.93,False,35,7575128.512176233,fault_test,0.01639344262295082,True
1kW,1kW_coil_current_3p93pct,intercoil,3.93,False,36,7510612.114317705,fault_test,0.01639344262295082,True
1kW,1kW_coil_current_3p93pct,intercoil,3.93,False,37,6445751.6053301925,fault_test,0.01639344262295082,True
1kW,1kW_coil_current_3p93pct,intercoil,3.93,False,38,6550717.800330358,fault_test,0.01639344262295082,True
1kW,1kW_coil_current_3p93pct,intercoil,3.93,False,39,6040165.536782066,fault_test,0.01639344262295082,True
1kW,1kW_coil_current_3p93pct,intercoil,3.93,False,40,6962597.349984799,fault_test,0.01639344262295082,True
1kW,1kW_coil_current_3p93pct,intercoil,3.93,False,41,6051024.776698115,fault_test,0.01639344262295082,True
1kW,1kW_coil_current_3p93pct,intercoil,3.93,False,42,7574526.298480021,fault_test,0.01639344262295082,True
1kW,1kW_coil_current_3p93pct,intercoil,3.93,False,43,6889919.713261405,fault_test,0.01639344262295082,True
1kW,1kW_coil_current_3p93pct,intercoil,3.93,False,44,8819745.523962338,fault_test,0.01639344262295082,True
1kW,1kW_coil_current_3p93pct,intercoil,3.93,False,45,6270585.096882234,fault_test,0.01639344262295082,True
1kW,1kW_coil_current_3p93pct,intercoil,3.93,False,46,6602021.5581085365,fault_test,0.01639344262295082,True
1kW,1kW_coil_current_3p93pct,intercoil,3.93,False,47,7375065.296800153,fault_test,0.01639344262295082,True
1kW,1kW_coil_current_3p93pct,intercoil,3.93,False,48,5373198.467139434,fault_test,0.01639344262295082,True
1kW,1kW_coil_current_3p93pct,intercoil,3.93,False,49,7066048.75539525,fault_test,0.01639344262295082,True
1kW,1kW_coil_current_3p93pct,intercoil,3.93,False,50,5829250.998682253,fault_test,0.01639344262295082,True
1kW,1kW_coil_current_3p93pct,intercoil,3.93,False,51,7612174.492299934,fault_test,0.01639344262295082,True
1kW,1kW_coil_current_3p93pct,intercoil,3.93,False,52,6423481.673704805,fault_test,0.01639344262295082,True
1kW,1kW_coil_current_3p93pct,intercoil,3.93,False,53,7693528.6065094955,fault_test,0.01639344262295082,True
1kW,1kW_coil_current_3p93pct,intercoil,3.93,False,54,6541366.0836244635,fault_test,0.01639344262295082,True
1kW,1kW_coil_current_3p93pct,intercoil,3.93,False,55,7796147.987619742,fault_test,0.01639344262295082,True
1kW,1kW_coil_current_3p93pct,intercoil,3.93,False,56,5888066.5855113305,fault_test,0.01639344262295082,True
1kW,1kW_coil_current_3p93pct,intercoil,3.93,False,57,6652707.693332022,fault_test,0.01639344262295082,True
1kW,1kW_coil_current_3p93pct,intercoil,3.93,False,58,6753467.739750787,fault_test,0.01639344262295082,True
1kW,1kW_coil_current_3p93pct,intercoil,3.93,False,59,7323360.437033282,fault_test,0.01639344262295082,True
1kW,1kW_coil_current_3p93pct,intercoil,3.93,False,60,6049794.762087063,fault_test,0.01639344262295082,True
1kW,1kW_coil_current_3p93pct,intercoil,3.93,False,61,5879698.705514387,fault_test,0.01639344262295082,True
1kW,1kW_coil_current_3p93pct,intercoil,3.93,False,62,6592174.068299552,fault_test,0.01639344262295082,True
1kW,1kW_coil_current_3p93pct,intercoil,3.93,False,63,6167169.828819546,fault_test,0.01639344262295082,True
1kW,1kW_coil_current_3p93pct,intercoil,3.93,False,64,7436445.792683464,fault_test,0.01639344262295082,True
1kW,1kW_coil_current_3p93pct,intercoil,3.93,False,65,6639321.295861709,fault_test,0.01639344262295082,True
1kW,1kW_coil_current_3p93pct,intercoil,3.93,False,66,8720194.384503338,fault_test,0.01639344262295082,True
1kW,1kW_coil_current_3p93pct,intercoil,3.93,False,67,6965763.604489666,fault_test,0.01639344262295082,True
1kW,1kW_coil_current_3p93pct,intercoil,3.93,False,68,6794001.911355474,fault_test,0.01639344262295082,True
1kW,1kW_coil_current_3p93pct,intercoil,3.93,False,69,6344777.843879739,fault_test,0.01639344262295082,True
1kW,1kW_coil_current_3p93pct,intercoil,3.93,False,70,7052585.726021035,fault_test,0.01639344262295082,True
1kW,1kW_coil_current_3p93pct,intercoil,3.93,False,71,7591006.361490752,fault_test,0.01639344262295082,True
1kW,1kW_coil_current_3p93pct,intercoil,3.93,False,72,6619759.170805618,fault_test,0.01639344262295082,True
1kW,1kW_coil_current_3p93pct,intercoil,3.93,False,73,7261433.997403883,fault_test,0.01639344262295082,True
1kW,1kW_coil_current_3p93pct,intercoil,3.93,False,74,6252503.097533382,fault_test,0.01639344262295082,True
1kW,1kW_coil_current_3p93pct,intercoil,3.93,False,75,9196462.894766727,fault_test,0.01639344262295082,True
1kW,1kW_coil_current_3p93pct,intercoil,3.93,False,76,7315751.064388825,fault_test,0.01639344262295082,True
1kW,1kW_coil_current_3p93pct,intercoil,3.93,False,77,7277548.329638615,fault_test,0.01639344262295082,True
1kW,1kW_coil_current_3p93pct,intercoil,3.93,False,78,5893968.42294632,fault_test,0.01639344262295082,True
1kW,1kW_coil_current_3p93pct,intercoil,3.93,False,79,6659470.5958988,fault_test,0.01639344262295082,True
1kW,1kW_coil_current_3p93pct,intercoil,3.93,False,80,7812396.397301211,fault_test,0.01639344262295082,True
1kW,1kW_coil_current_3p93pct,intercoil,3.93,False,81,7353231.694870204,fault_test,0.01639344262295082,True
1kW,1kW_coil_current_3p93pct,intercoil,3.93,False,82,5634977.404839231,fault_test,0.01639344262295082,True
1kW,1kW_coil_current_3p93pct,intercoil,3.93,False,83,6958060.699052192,fault_test,0.01639344262295082,True
1kW,1kW_coil_current_3p93pct,intercoil,3.93,False,84,8619556.599541565,fault_test,0.01639344262295082,True
1kW,1kW_coil_current_3p93pct,intercoil,3.93,False,85,5914750.972341567,fault_test,0.01639344262295082,True
1kW,1kW_coil_current_3p93pct,intercoil,3.93,False,86,8056317.371237542,fault_test,0.01639344262295082,True
1kW,1kW_coil_current_3p93pct,intercoil,3.93,False,87,5795793.829107029,fault_test,0.01639344262295082,True
1kW,1kW_coil_current_3p93pct,intercoil,3.93,False,88,8164205.247206785,fault_test,0.01639344262295082,True
1kW,1kW_coil_current_3p93pct,intercoil,3.93,False,89,6203058.882477352,fault_test,0.01639344262295082,True
1kW,1kW_coil_current_3p93pct,intercoil,3.93,False,90,7099251.859725184,fault_test,0.01639344262295082,True
1kW,1kW_coil_current_3p93pct,intercoil,3.93,False,91,6925904.064131231,fault_test,0.01639344262295082,True
1kW,1kW_coil_current_3p93pct,intercoil,3.93,False,92,6493104.486342097,fault_test,0.01639344262295082,True
1kW,1kW_coil_current_3p93pct,intercoil,3.93,False,93,7486415.145329261,fault_test,0.01639344262295082,True
1kW,1kW_coil_current_3p93pct,intercoil,3.93,False,94,6817589.0090434,fault_test,0.01639344262295082,True
1kW,1kW_coil_current_3p93pct,intercoil,3.93,False,95,8619687.182123257,fault_test,0.01639344262295082,True
1kW,1kW_coil_current_3p93pct,intercoil,3.93,False,96,7041102.07126576,fault_test,0.01639344262295082,True
1kW,1kW_coil_current_3p93pct,intercoil,3.93,False,97,9142622.787711775,fault_test,0.01639344262295082,True
1kW,1kW_coil_current_3p93pct,intercoil,3.93,False,98,7011266.113123696,fault_test,0.01639344262295082,True
1kW,1kW_coil_current_3p93pct,intercoil,3.93,False,99,7265242.833528173,fault_test,0.01639344262295082,True
1kW,1kW_coil_current_3p93pct,intercoil,3.93,False,100,5641579.494374624,fault_test,0.01639344262295082,True
1kW,1kW_coil_current_3p93pct,intercoil,3.93,False,101,6476954.547296131,fault_test,0.01639344262295082,True
1kW,1kW_coil_current_3p93pct,intercoil,3.93,False,102,6975349.135432478,fault_test,0.01639344262295082,True
1kW,1kW_coil_current_3p93pct,intercoil,3.93,False,103,7355595.900982901,fault_test,0.01639344262295082,True
1kW,1kW_coil_current_3p93pct,intercoil,3.93,False,104,6678287.346545706,fault_test,0.01639344262295082,True
1kW,1kW_coil_current_3p93pct,intercoil,3.93,False,105,7272934.423765906,fault_test,0.01639344262295082,True
1kW,1kW_coil_current_3p93pct,intercoil,3.93,False,106,6778204.405191418,fault_test,0.01639344262295082,True
1kW,1kW_coil_current_3p93pct,intercoil,3.93,False,107,5807608.120201346,fault_test,0.01639344262295082,True
1kW,1kW_coil_current_3p93pct,intercoil,3.93,False,108,6749686.976859872,fault_test,0.01639344262295082,True
1kW,1kW_coil_current_3p93pct,intercoil,3.93,False,109,6808607.496904325,fault_test,0.01639344262295082,True
1kW,1kW_coil_current_3p93pct,intercoil,3.93,False,110,8003652.866716133,fault_test,0.01639344262295082,True
1kW,1kW_coil_current_3p93pct,intercoil,3.93,False,111,5714080.630861847,fault_test,0.01639344262295082,True
1kW,1kW_coil_current_3p93pct,intercoil,3.93,False,112,6604640.997972151,fault_test,0.01639344262295082,True
1kW,1kW_coil_current_3p93pct,intercoil,3.93,False,113,6546610.147123126,fault_test,0.01639344262295082,True
1kW,1kW_coil_current_3p93pct,intercoil,3.93,False,114,7645074.60771917,fault_test,0.01639344262295082,True
1kW,1kW_coil_current_3p93pct,intercoil,3.93,False,115,5919755.543877875,fault_test,0.01639344262295082,True
1kW,1kW_coil_current_3p93pct,intercoil,3.93,False,116,6717113.3434046535,fault_test,0.01639344262295082,True
1kW,1kW_coil_current_3p93pct,intercoil,3.93,False,117,10294824.47109855,fault_test,0.01639344262295082,True
1kW,1kW_coil_current_3p93pct,intercoil,3.93,False,118,6402468.880615241,fault_test,0.01639344262295082,True
1kW,1kW_coil_current_3p93pct,intercoil,3.93,False,119,5701246.758494593,fault_test,0.01639344262295082,True
1kW,1kW_coil_current_7p56pct,intercoil,7.56,False,0,738.8551335100058,fault_test,0.01639344262295082,True
1kW,1kW_coil_current_7p56pct,intercoil,7.56,False,1,711.1746517917211,fault_test,0.01639344262295082,True
1kW,1kW_coil_current_7p56pct,intercoil,7.56,False,2,840.8164296225287,fault_test,0.01639344262295082,True
1kW,1kW_coil_current_7p56pct,intercoil,7.56,False,3,896.1157184545086,fault_test,0.01639344262295082,True
1kW,1kW_coil_current_7p56pct,intercoil,7.56,False,4,644.0845057590791,fault_test,0.01639344262295082,True
1kW,1kW_coil_current_7p56pct,intercoil,7.56,False,5,908.4099272680608,fault_test,0.01639344262295082,True
1kW,1kW_coil_current_7p56pct,intercoil,7.56,False,6,712.4890831886107,fault_test,0.01639344262295082,True
1kW,1kW_coil_current_7p56pct,intercoil,7.56,False,7,975.5190769297875,fault_test,0.01639344262295082,True
1kW,1kW_coil_current_7p56pct,intercoil,7.56,False,8,720.9382100128274,fault_test,0.01639344262295082,True
1kW,1kW_coil_current_7p56pct,intercoil,7.56,False,9,844.2169810821648,fault_test,0.01639344262295082,True
1kW,1kW_coil_current_7p56pct,intercoil,7.56,False,10,731.2527286507492,fault_test,0.01639344262295082,True
1kW,1kW_coil_current_7p56pct,intercoil,7.56,False,11,820.8867129755371,fault_test,0.01639344262295082,True
1kW,1kW_coil_current_7p56pct,intercoil,7.56,False,12,641.6327803846418,fault_test,0.01639344262295082,True
1kW,1kW_coil_current_7p56pct,intercoil,7.56,False,13,786.809043251501,fault_test,0.01639344262295082,True
1kW,1kW_coil_current_7p56pct,intercoil,7.56,False,14,758.6734751453631,fault_test,0.01639344262295082,True
1kW,1kW_coil_current_7p56pct,intercoil,7.56,False,15,779.1092161883145,fault_test,0.01639344262295082,True
1kW,1kW_coil_current_7p56pct,intercoil,7.56,False,16,755.8541442016192,fault_test,0.01639344262295082,True
1kW,1kW_coil_current_7p56pct,intercoil,7.56,False,17,770.9413214272809,fault_test,0.01639344262295082,True
1kW,1kW_coil_current_7p56pct,intercoil,7.56,False,18,732.7169936458727,fault_test,0.01639344262295082,True
1kW,1kW_coil_current_7p56pct,intercoil,7.56,False,19,742.8825106483104,fault_test,0.01639344262295082,True
1kW,1kW_coil_current_7p56pct,intercoil,7.56,False,20,750.6787548870418,fault_test,0.01639344262295082,True
1kW,1kW_coil_current_7p56pct,intercoil,7.56,False,21,805.436237787042,fault_test,0.01639344262295082,True
1kW,1kW_coil_current_7p56pct,intercoil,7.56,False,22,956.1706556352486,fault_test,0.01639344262295082,True
1kW,1kW_coil_current_7p56pct,intercoil,7.56,False,23,713.5601618417695,fault_test,0.01639344262295082,True
1kW,1kW_coil_current_7p56pct,intercoil,7.56,False,24,665.7559335481004,fault_test,0.01639344262295082,True
1kW,1kW_coil_current_7p56pct,intercoil,7.56,False,25,765.9404610150912,fault_test,0.01639344262295082,True
1kW,1kW_coil_current_7p56pct,intercoil,7.56,False,26,710.1077540601082,fault_test,0.01639344262295082,True
1kW,1kW_coil_current_7p56pct,intercoil,7.56,False,27,567.9767369248891,fault_test,0.01639344262295082,True
1kW,1kW_coil_current_7p56pct,intercoil,7.56,False,28,773.86025923807,fault_test,0.01639344262295082,True
1kW,1kW_coil_current_7p56pct,intercoil,7.56,False,29,718.7588965485882,fault_test,0.01639344262295082,True
1kW,1kW_coil_current_7p56pct,intercoil,7.56,False,30,758.6376210687579,fault_test,0.01639344262295082,True
1kW,1kW_coil_current_7p56pct,intercoil,7.56,False,31,920.7220407951189,fault_test,0.01639344262295082,True
1kW,1kW_coil_current_7p56pct,intercoil,7.56,False,32,771.113945118434,fault_test,0.01639344262295082,True
1kW,1kW_coil_current_7p56pct,intercoil,7.56,False,33,702.2192408076412,fault_test,0.01639344262295082,True
1kW,1kW_coil_current_7p56pct,intercoil,7.56,False,34,849.518192905914,fault_test,0.01639344262295082,True
1kW,1kW_coil_current_7p56pct,intercoil,7.56,False,35,740.35594943264,fault_test,0.01639344262295082,True
1kW,1kW_coil_current_7p56pct,intercoil,7.56,False,36,688.2614971021204,fault_test,0.01639344262295082,True
1kW,1kW_coil_current_7p56pct,intercoil,7.56,False,37,635.819793989182,fault_test,0.01639344262295082,True
1kW,1kW_coil_current_7p56pct,intercoil,7.56,False,38,926.7050356695238,fault_test,0.01639344262295082,True
1kW,1kW_coil_current_7p56pct,intercoil,7.56,False,39,719.621761924632,fault_test,0.01639344262295082,True
1kW,1kW_coil_current_7p56pct,intercoil,7.56,False,40,821.3940488024909,fault_test,0.01639344262295082,True
1kW,1kW_coil_current_7p56pct,intercoil,7.56,False,41,803.7596815915983,fault_test,0.01639344262295082,True
1kW,1kW_coil_current_7p56pct,intercoil,7.56,False,42,855.1802039599158,fault_test,0.01639344262295082,True
1kW,1kW_coil_current_7p56pct,intercoil,7.56,False,43,640.7640238960875,fault_test,0.01639344262295082,True
1kW,1kW_coil_current_7p56pct,intercoil,7.56,False,44,937.699007897839,fault_test,0.01639344262295082,True
1kW,1kW_coil_current_7p56pct,intercoil,7.56,False,45,855.4478112349346,fault_test,0.01639344262295082,True
1kW,1kW_coil_current_7p56pct,intercoil,7.56,False,46,856.0729163664595,fault_test,0.01639344262295082,True
1kW,1kW_coil_current_7p56pct,intercoil,7.56,False,47,780.0077763246679,fault_test,0.01639344262295082,True
1kW,1kW_coil_current_7p56pct,intercoil,7.56,False,48,693.3534643861063,fault_test,0.01639344262295082,True
1kW,1kW_coil_current_7p56pct,intercoil,7.56,False,49,706.1788038857673,fault_test,0.01639344262295082,True
1kW,1kW_coil_current_7p56pct,intercoil,7.56,False,50,855.3187161071778,fault_test,0.01639344262295082,True
1kW,1kW_coil_current_7p56pct,intercoil,7.56,False,51,982.8194356454895,fault_test,0.01639344262295082,True
1kW,1kW_coil_current_7p56pct,intercoil,7.56,False,52,898.4756628871709,fault_test,0.01639344262295082,True
1kW,1kW_coil_current_7p56pct,intercoil,7.56,False,53,831.1841355010424,fault_test,0.01639344262295082,True
1kW,1kW_coil_current_7p56pct,intercoil,7.56,False,54,735.8600951354524,fault_test,0.01639344262295082,True
1kW,1kW_coil_current_7p56pct,intercoil,7.56,False,55,859.0708306199587,fault_test,0.01639344262295082,True
1kW,1kW_coil_current_7p56pct,intercoil,7.56,False,56,695.3669099608246,fault_test,0.01639344262295082,True
1kW,1kW_coil_current_7p56pct,intercoil,7.56,False,57,797.7117747472731,fault_test,0.01639344262295082,True
1kW,1kW_coil_current_7p56pct,intercoil,7.56,False,58,747.8497540564612,fault_test,0.01639344262295082,True
1kW,1kW_coil_current_7p56pct,intercoil,7.56,False,59,779.0347094659606,fault_test,0.01639344262295082,True
1kW,1kW_coil_current_7p56pct,intercoil,7.56,False,60,813.348498991491,fault_test,0.01639344262295082,True
1kW,1kW_coil_current_7p56pct,intercoil,7.56,False,61,861.643169861597,fault_test,0.01639344262295082,True
1kW,1kW_coil_current_7p56pct,intercoil,7.56,False,62,954.9337879544245,fault_test,0.01639344262295082,True
1kW,1kW_coil_current_7p56pct,intercoil,7.56,False,63,728.9829078491828,fault_test,0.01639344262295082,True
1kW,1kW_coil_current_7p56pct,intercoil,7.56,False,64,779.4031369486798,fault_test,0.01639344262295082,True
1kW,1kW_coil_current_7p56pct,intercoil,7.56,False,65,911.1804756521808,fault_test,0.01639344262295082,True
1kW,1kW_coil_current_7p56pct,intercoil,7.56,False,66,716.1020092695527,fault_test,0.01639344262295082,True
1kW,1kW_coil_current_7p56pct,intercoil,7.56,False,67,1012.5679013047928,fault_test,0.01639344262295082,True
1kW,1kW_coil_current_7p56pct,intercoil,7.56,False,68,709.0669942862279,fault_test,0.01639344262295082,True
1kW,1kW_coil_current_7p56pct,intercoil,7.56,False,69,795.3892917091924,fault_test,0.01639344262295082,True
1kW,1kW_coil_current_7p56pct,intercoil,7.56,False,70,816.5174547110405,fault_test,0.01639344262295082,True
1kW,1kW_coil_current_7p56pct,intercoil,7.56,False,71,915.3949032664032,fault_test,0.01639344262295082,True
1kW,1kW_coil_current_7p56pct,intercoil,7.56,False,72,751.212598678485,fault_test,0.01639344262295082,True
1kW,1kW_coil_current_7p56pct,intercoil,7.56,False,73,783.6520446825313,fault_test,0.01639344262295082,True
1kW,1kW_coil_current_7p56pct,intercoil,7.56,False,74,655.9969288513662,fault_test,0.01639344262295082,True
1kW,1kW_coil_current_7p56pct,intercoil,7.56,False,75,995.1590000939473,fault_test,0.01639344262295082,True
1kW,1kW_coil_current_7p56pct,intercoil,7.56,False,76,853.0055991903089,fault_test,0.01639344262295082,True
1kW,1kW_coil_current_7p56pct,intercoil,7.56,False,77,557.4405465101972,fault_test,0.01639344262295082,True
1kW,1kW_coil_current_7p56pct,intercoil,7.56,False,78,811.8023729512702,fault_test,0.01639344262295082,True
1kW,1kW_coil_current_7p56pct,intercoil,7.56,False,79,773.3089702798916,fault_test,0.01639344262295082,True
1kW,1kW_coil_current_7p56pct,intercoil,7.56,False,80,652.4482248913054,fault_test,0.01639344262295082,True
1kW,1kW_coil_current_7p56pct,intercoil,7.56,False,81,753.5981221099387,fault_test,0.01639344262295082,True
1kW,1kW_coil_current_7p56pct,intercoil,7.56,False,82,819.208164126819,fault_test,0.01639344262295082,True
1kW,1kW_coil_current_7p56pct,intercoil,7.56,False,83,734.2850861864873,fault_test,0.01639344262295082,True
1kW,1kW_coil_current_7p56pct,intercoil,7.56,False,84,783.6419951335225,fault_test,0.01639344262295082,True
1kW,1kW_coil_current_7p56pct,intercoil,7.56,False,85,745.4523106818405,fault_test,0.01639344262295082,True
1kW,1kW_coil_current_7p56pct,intercoil,7.56,False,86,900.5173363188961,fault_test,0.01639344262295082,True
1kW,1kW_coil_current_7p56pct,intercoil,7.56,False,87,641.075862482078,fault_test,0.01639344262295082,True
1kW,1kW_coil_current_7p56pct,intercoil,7.56,False,88,894.6694370998687,fault_test,0.01639344262295082,True
1kW,1kW_coil_current_7p56pct,intercoil,7.56,False,89,663.2731868981202,fault_test,0.01639344262295082,True
1kW,1kW_coil_current_7p56pct,intercoil,7.56,False,90,754.8138709455728,fault_test,0.01639344262295082,True
1kW,1kW_coil_current_7p56pct,intercoil,7.56,False,91,1029.3464565248291,fault_test,0.01639344262295082,True
1kW,1kW_coil_current_7p56pct,intercoil,7.56,False,92,960.5310865376712,fault_test,0.01639344262295082,True
1kW,1kW_coil_current_7p56pct,intercoil,7.56,False,93,728.5937910266545,fault_test,0.01639344262295082,True
1kW,1kW_coil_current_7p56pct,intercoil,7.56,False,94,881.1000837395869,fault_test,0.01639344262295082,True
1kW,1kW_coil_current_7p56pct,intercoil,7.56,False,95,759.1731289586534,fault_test,0.01639344262295082,True
1kW,1kW_coil_current_7p56pct,intercoil,7.56,False,96,859.4659349210215,fault_test,0.01639344262295082,True
1kW,1kW_coil_current_7p56pct,intercoil,7.56,False,97,973.57119650329,fault_test,0.01639344262295082,True
1kW,1kW_coil_current_7p56pct,intercoil,7.56,False,98,787.9958979761809,fault_test,0.01639344262295082,True
1kW,1kW_coil_current_7p56pct,intercoil,7.56,False,99,738.1410334363752,fault_test,0.01639344262295082,True
1kW,1kW_coil_current_7p56pct,intercoil,7.56,False,100,701.4472939654536,fault_test,0.01639344262295082,True
1kW,1kW_coil_current_7p56pct,intercoil,7.56,False,101,609.318062387141,fault_test,0.01639344262295082,True
1kW,1kW_coil_current_7p56pct,intercoil,7.56,False,102,928.5234333821472,fault_test,0.01639344262295082,True
1kW,1kW_coil_current_7p56pct,intercoil,7.56,False,103,622.0163362885214,fault_test,0.01639344262295082,True
1kW,1kW_coil_current_7p56pct,intercoil,7.56,False,104,660.7120522819296,fault_test,0.01639344262295082,True
1kW,1kW_coil_current_7p56pct,intercoil,7.56,False,105,711.9179383233256,fault_test,0.01639344262295082,True
1kW,1kW_coil_current_7p56pct,intercoil,7.56,False,106,577.3754704340486,fault_test,0.01639344262295082,True
1kW,1kW_coil_current_7p56pct,intercoil,7.56,False,107,692.6786073125213,fault_test,0.01639344262295082,True
1kW,1kW_coil_current_7p56pct,intercoil,7.56,False,108,984.9883712606486,fault_test,0.01639344262295082,True
1kW,1kW_coil_current_7p56pct,intercoil,7.56,False,109,725.4234838079526,fault_test,0.01639344262295082,True
1kW,1kW_coil_current_7p56pct,intercoil,7.56,False,110,752.2652220547836,fault_test,0.01639344262295082,True
1kW,1kW_coil_current_7p56pct,intercoil,7.56,False,111,804.3518413802951,fault_test,0.01639344262295082,True
1kW,1kW_coil_current_7p56pct,intercoil,7.56,False,112,678.7260182958771,fault_test,0.01639344262295082,True
1kW,1kW_coil_current_7p56pct,intercoil,7.56,False,113,702.1506186259099,fault_test,0.01639344262295082,True
1kW,1kW_coil_current_7p56pct,intercoil,7.56,False,114,802.0474325060646,fault_test,0.01639344262295082,True
1kW,1kW_coil_current_7p56pct,intercoil,7.56,False,115,971.7498555557739,fault_test,0.01639344262295082,True
1kW,1kW_coil_current_7p56pct,intercoil,7.56,False,116,798.9993591671669,fault_test,0.01639344262295082,True
1kW,1kW_coil_current_7p56pct,intercoil,7.56,False,117,872.6624207553531,fault_test,0.01639344262295082,True
1kW,1kW_coil_current_7p56pct,intercoil,7.56,False,118,750.2808575037486,fault_test,0.01639344262295082,True
1kW,1kW_coil_current_7p56pct,intercoil,7.56,False,119,798.4021286374772,fault_test,0.01639344262295082,True
1kW,1kW_turn_current_12p17pct,interturn,12.17,False,0,2742464.7543293172,fault_test,0.01639344262295082,True
1kW,1kW_turn_current_12p17pct,interturn,12.17,False,1,3024545.987930223,fault_test,0.01639344262295082,True
1kW,1kW_turn_current_12p17pct,interturn,12.17,False,2,2743925.6517736553,fault_test,0.01639344262295082,True
1kW,1kW_turn_current_12p17pct,interturn,12.17,False,3,2767899.121507235,fault_test,0.01639344262295082,True
1kW,1kW_turn_current_12p17pct,interturn,12.17,False,4,1933592.1232248424,fault_test,0.01639344262295082,True
1kW,1kW_turn_current_12p17pct,interturn,12.17,False,5,2538003.6677348027,fault_test,0.01639344262295082,True
1kW,1kW_turn_current_12p17pct,interturn,12.17,False,6,2356306.8043706487,fault_test,0.01639344262295082,True
1kW,1kW_turn_current_12p17pct,interturn,12.17,False,7,2123686.8790383334,fault_test,0.01639344262295082,True
1kW,1kW_turn_current_12p17pct,interturn,12.17,False,8,2953571.1261754516,fault_test,0.01639344262295082,True
1kW,1kW_turn_current_12p17pct,interturn,12.17,False,9,2084016.6074066262,fault_test,0.01639344262295082,True
1kW,1kW_turn_current_12p17pct,interturn,12.17,False,10,3092763.3791124774,fault_test,0.01639344262295082,True
1kW,1kW_turn_current_12p17pct,interturn,12.17,False,11,3710355.202474416,fault_test,0.01639344262295082,True
1kW,1kW_turn_current_12p17pct,interturn,12.17,False,12,3051409.6576011484,fault_test,0.01639344262295082,True
1kW,1kW_turn_current_12p17pct,interturn,12.17,False,13,2856340.462497951,fault_test,0.01639344262295082,True
1kW,1kW_turn_current_12p17pct,interturn,12.17,False,14,1985865.1694770523,fault_test,0.01639344262295082,True
1kW,1kW_turn_current_12p17pct,interturn,12.17,False,15,2539447.6628912003,fault_test,0.01639344262295082,True
1kW,1kW_turn_current_12p17pct,interturn,12.17,False,16,2689474.1306844787,fault_test,0.01639344262295082,True
1kW,1kW_turn_current_12p17pct,interturn,12.17,False,17,2501211.8424808146,fault_test,0.01639344262295082,True
1kW,1kW_turn_current_12p17pct,interturn,12.17,False,18,2677364.3778905175,fault_test,0.01639344262295082,True
1kW,1kW_turn_current_12p17pct,interturn,12.17,False,19,2986821.065763005,fault_test,0.01639344262295082,True
1kW,1kW_turn_current_12p17pct,interturn,12.17,False,20,2371144.807323891,fault_test,0.01639344262295082,True
1kW,1kW_turn_current_12p17pct,interturn,12.17,False,21,2127241.573805543,fault_test,0.01639344262295082,True
1kW,1kW_turn_current_12p17pct,interturn,12.17,False,22,2669261.0688512274,fault_test,0.01639344262295082,True
1kW,1kW_turn_current_12p17pct,interturn,12.17,False,23,3519225.0693636457,fault_test,0.01639344262295082,True
1kW,1kW_turn_current_12p17pct,interturn,12.17,False,24,2612311.4041151805,fault_test,0.01639344262295082,True
1kW,1kW_turn_current_12p17pct,interturn,12.17,False,25,2633358.458012879,fault_test,0.01639344262295082,True
1kW,1kW_turn_current_12p17pct,interturn,12.17,False,26,2667939.2854613597,fault_test,0.01639344262295082,True
1kW,1kW_turn_current_12p17pct,interturn,12.17,False,27,2682132.3161122147,fault_test,0.01639344262295082,True
1kW,1kW_turn_current_12p17pct,interturn,12.17,False,28,2531694.387523368,fault_test,0.01639344262295082,True
1kW,1kW_turn_current_12p17pct,interturn,12.17,False,29,3078044.1346820397,fault_test,0.01639344262295082,True
1kW,1kW_turn_current_12p17pct,interturn,12.17,False,30,3349978.1143087554,fault_test,0.01639344262295082,True
1kW,1kW_turn_current_12p17pct,interturn,12.17,False,31,2511608.115983664,fault_test,0.01639344262295082,True
1kW,1kW_turn_current_12p17pct,interturn,12.17,False,32,2902707.79683855,fault_test,0.01639344262295082,True
1kW,1kW_turn_current_12p17pct,interturn,12.17,False,33,2235670.362963161,fault_test,0.01639344262295082,True
1kW,1kW_turn_current_12p17pct,interturn,12.17,False,34,2792378.7223622384,fault_test,0.01639344262295082,True
1kW,1kW_turn_current_12p17pct,interturn,12.17,False,35,2975336.9198431727,fault_test,0.01639344262295082,True
1kW,1kW_turn_current_12p17pct,interturn,12.17,False,36,2491580.378625966,fault_test,0.01639344262295082,True
1kW,1kW_turn_current_12p17pct,interturn,12.17,False,37,2703784.095875584,fault_test,0.01639344262295082,True
1kW,1kW_turn_current_12p17pct,interturn,12.17,False,38,2373713.835137646,fault_test,0.01639344262295082,True
1kW,1kW_turn_current_12p17pct,interturn,12.17,False,39,2567176.8356078365,fault_test,0.01639344262295082,True
1kW,1kW_turn_current_12p17pct,interturn,12.17,False,40,2210825.3967312244,fault_test,0.01639344262295082,True
1kW,1kW_turn_current_12p17pct,interturn,12.17,False,41,2356371.6795496205,fault_test,0.01639344262295082,True
1kW,1kW_turn_current_12p17pct,interturn,12.17,False,42,2549759.388589448,fault_test,0.01639344262295082,True
1kW,1kW_turn_current_12p17pct,interturn,12.17,False,43,2968943.112657047,fault_test,0.01639344262295082,True
1kW,1kW_turn_current_12p17pct,interturn,12.17,False,44,2367824.382245207,fault_test,0.01639344262295082,True
1kW,1kW_turn_current_12p17pct,interturn,12.17,False,45,2254859.595256351,fault_test,0.01639344262295082,True
1kW,1kW_turn_current_12p17pct,interturn,12.17,False,46,3318872.6267451965,fault_test,0.01639344262295082,True
1kW,1kW_turn_current_12p17pct,interturn,12.17,False,47,2194419.172587143,fault_test,0.01639344262295082,True
1kW,1kW_turn_current_12p17pct,interturn,12.17,False,48,2621606.9396907054,fault_test,0.01639344262295082,True
1kW,1kW_turn_current_12p17pct,interturn,12.17,False,49,2905081.8569093244,fault_test,0.01639344262295082,True
1kW,1kW_turn_current_12p17pct,interturn,12.17,False,50,2220534.6303328485,fault_test,0.01639344262295082,True
1kW,1kW_turn_current_12p17pct,interturn,12.17,False,51,3222414.15547695,fault_test,0.01639344262295082,True
1kW,1kW_turn_current_12p17pct,interturn,12.17,False,52,2487290.620172837,fault_test,0.01639344262295082,True
1kW,1kW_turn_current_12p17pct,interturn,12.17,False,53,2616881.441376148,fault_test,0.01639344262295082,True
1kW,1kW_turn_current_12p17pct,interturn,12.17,False,54,2466300.085473371,fault_test,0.01639344262295082,True
1kW,1kW_turn_current_12p17pct,interturn,12.17,False,55,2896732.8863640446,fault_test,0.01639344262295082,True
1kW,1kW_turn_current_12p17pct,interturn,12.17,False,56,3067856.3464834383,fault_test,0.01639344262295082,True
1kW,1kW_turn_current_12p17pct,interturn,12.17,False,57,2862788.799839874,fault_test,0.01639344262295082,True
1kW,1kW_turn_current_12p17pct,interturn,12.17,False,58,2951012.7844441435,fault_test,0.01639344262295082,True
1kW,1kW_turn_current_12p17pct,interturn,12.17,False,59,2500265.5483915326,fault_test,0.01639344262295082,True
1kW,1kW_turn_current_12p17pct,interturn,12.17,False,60,2818181.4123789757,fault_test,0.01639344262295082,True
1kW,1kW_turn_current_12p17pct,interturn,12.17,False,61,2765516.9309265716,fault_test,0.01639344262295082,True
1kW,1kW_turn_current_12p17pct,interturn,12.17,False,62,2663193.986140362,fault_test,0.01639344262295082,True
1kW,1kW_turn_current_12p17pct,interturn,12.17,False,63,2832072.0012225667,fault_test,0.01639344262295082,True
1kW,1kW_turn_current_12p17pct,interturn,12.17,False,64,2320133.545808886,fault_test,0.01639344262295082,True
1kW,1kW_turn_current_12p17pct,interturn,12.17,False,65,2921959.609779111,fault_test,0.01639344262295082,True
1kW,1kW_turn_current_12p17pct,interturn,12.17,False,66,2853637.895015684,fault_test,0.01639344262295082,True
1kW,1kW_turn_current_12p17pct,interturn,12.17,False,67,2276670.522876923,fault_test,0.01639344262295082,True
1kW,1kW_turn_current_12p17pct,interturn,12.17,False,68,2497331.082102041,fault_test,0.01639344262295082,True
1kW,1kW_turn_current_12p17pct,interturn,12.17,False,69,2283027.421568618,fault_test,0.01639344262295082,True
1kW,1kW_turn_current_12p17pct,interturn,12.17,False,70,3098171.1073491266,fault_test,0.01639344262295082,True
1kW,1kW_turn_current_12p17pct,interturn,12.17,False,71,2364716.973586877,fault_test,0.01639344262295082,True
1kW,1kW_turn_current_12p17pct,interturn,12.17,False,72,2270480.8485551057,fault_test,0.01639344262295082,True
1kW,1kW_turn_current_12p17pct,interturn,12.17,False,73,2754690.2622357956,fault_test,0.01639344262295082,True
1kW,1kW_turn_current_12p17pct,interturn,12.17,False,74,2908325.6774678,fault_test,0.01639344262295082,True
1kW,1kW_turn_current_12p17pct,interturn,12.17,False,75,3295053.0924893916,fault_test,0.01639344262295082,True
1kW,1kW_turn_current_12p17pct,interturn,12.17,False,76,2389281.664640225,fault_test,0.01639344262295082,True
1kW,1kW_turn_current_12p17pct,interturn,12.17,False,77,2349759.925107009,fault_test,0.01639344262295082,True
1kW,1kW_turn_current_12p17pct,interturn,12.17,False,78,3109878.4251260837,fault_test,0.01639344262295082,True
1kW,1kW_turn_current_12p17pct,interturn,12.17,False,79,2684595.402365118,fault_test,0.01639344262295082,True
1kW,1kW_turn_current_12p17pct,interturn,12.17,False,80,3015996.4850641782,fault_test,0.01639344262295082,True
1kW,1kW_turn_current_12p17pct,interturn,12.17,False,81,2994777.549438397,fault_test,0.01639344262295082,True
1kW,1kW_turn_current_12p17pct,interturn,12.17,False,82,2920003.2159581617,fault_test,0.01639344262295082,True
1kW,1kW_turn_current_12p17pct,interturn,12.17,False,83,2679264.237874841,fault_test,0.01639344262295082,True
1kW,1kW_turn_current_12p17pct,interturn,12.17,False,84,2530337.691286077,fault_test,0.01639344262295082,True
1kW,1kW_turn_current_12p17pct,interturn,12.17,False,85,2524988.791333422,fault_test,0.01639344262295082,True
1kW,1kW_turn_current_12p17pct,interturn,12.17,False,86,2925866.8857850465,fault_test,0.01639344262295082,True
1kW,1kW_turn_current_12p17pct,interturn,12.17,False,87,1986562.0339425555,fault_test,0.01639344262295082,True
1kW,1kW_turn_current_12p17pct,interturn,12.17,False,88,2013361.3871620249,fault_test,0.01639344262295082,True
1kW,1kW_turn_current_12p17pct,interturn,12.17,False,89,2702175.7633747277,fault_test,0.01639344262295082,True
1kW,1kW_turn_current_12p17pct,interturn,12.17,False,90,2549670.5762402443,fault_test,0.01639344262295082,True
1kW,1kW_turn_current_12p17pct,interturn,12.17,False,91,3015316.0997011876,fault_test,0.01639344262295082,True
1kW,1kW_turn_current_12p17pct,interturn,12.17,False,92,3138592.320932707,fault_test,0.01639344262295082,True
1kW,1kW_turn_current_12p17pct,interturn,12.17,False,93,2591711.151407509,fault_test,0.01639344262295082,True
1kW,1kW_turn_current_12p17pct,interturn,12.17,False,94,1938450.4997816614,fault_test,0.01639344262295082,True
1kW,1kW_turn_current_12p17pct,interturn,12.17,False,95,2359879.8625520812,fault_test,0.01639344262295082,True
1kW,1kW_turn_current_12p17pct,interturn,12.17,False,96,2524353.5037116813,fault_test,0.01639344262295082,True
1kW,1kW_turn_current_12p17pct,interturn,12.17,False,97,2276616.435940322,fault_test,0.01639344262295082,True
1kW,1kW_turn_current_12p17pct,interturn,12.17,False,98,2369600.9498948897,fault_test,0.01639344262295082,True
1kW,1kW_turn_current_12p17pct,interturn,12.17,False,99,2327751.4059262304,fault_test,0.01639344262295082,True
1kW,1kW_turn_current_12p17pct,interturn,12.17,False,100,3035975.0384939807,fault_test,0.01639344262295082,True
1kW,1kW_turn_current_12p17pct,interturn,12.17,False,101,2540072.6821410963,fault_test,0.01639344262295082,True
1kW,1kW_turn_current_12p17pct,interturn,12.17,False,102,2523092.080634257,fault_test,0.01639344262295082,True
1kW,1kW_turn_current_12p17pct,interturn,12.17,False,103,3042434.218272741,fault_test,0.01639344262295082,True
1kW,1kW_turn_current_12p17pct,interturn,12.17,False,104,2461921.1660770457,fault_test,0.01639344262295082,True
1kW,1kW_turn_current_12p17pct,interturn,12.17,False,105,2487189.664315356,fault_test,0.01639344262295082,True
1kW,1kW_turn_current_12p17pct,interturn,12.17,False,106,2850713.9822040177,fault_test,0.01639344262295082,True
1kW,1kW_turn_current_12p17pct,interturn,12.17,False,107,2453553.2673952435,fault_test,0.01639344262295082,True
1kW,1kW_turn_current_12p17pct,interturn,12.17,False,108,3033596.663040844,fault_test,0.01639344262295082,True
1kW,1kW_turn_current_12p17pct,interturn,12.17,False,109,2240264.47623075,fault_test,0.01639344262295082,True
1kW,1kW_turn_current_12p17pct,interturn,12.17,False,110,3064121.257637113,fault_test,0.01639344262295082,True
1kW,1kW_turn_current_12p17pct,interturn,12.17,False,111,2414408.8251755103,fault_test,0.01639344262295082,True
1kW,1kW_turn_current_12p17pct,interturn,12.17,False,112,2404126.5053489273,fault_test,0.01639344262295082,True
1kW,1kW_turn_current_12p17pct,interturn,12.17,False,113,2149623.5698780245,fault_test,0.01639344262295082,True
1kW,1kW_turn_current_12p17pct,interturn,12.17,False,114,2338495.9979545153,fault_test,0.01639344262295082,True
1kW,1kW_turn_current_12p17pct,interturn,12.17,False,115,2554431.3207668057,fault_test,0.01639344262295082,True
1kW,1kW_turn_current_12p17pct,interturn,12.17,False,116,2397559.5339289987,fault_test,0.01639344262295082,True
1kW,1kW_turn_current_12p17pct,interturn,12.17,False,117,3381835.9543503504,fault_test,0.01639344262295082,True
1kW,1kW_turn_current_12p17pct,interturn,12.17,False,118,3101278.1775547825,fault_test,0.01639344262295082,True
1kW,1kW_turn_current_12p17pct,interturn,12.17,False,119,3155890.7168581607,fault_test,0.01639344262295082,True
1kW,1kW_turn_current_21p69pct,interturn,21.69,False,0,15881.00045522776,fault_test,0.01639344262295082,True
1kW,1kW_turn_current_21p69pct,interturn,21.69,False,1,15040.96932838815,fault_test,0.01639344262295082,True
1kW,1kW_turn_current_21p69pct,interturn,21.69,False,2,15390.721583469141,fault_test,0.01639344262295082,True
1kW,1kW_turn_current_21p69pct,interturn,21.69,False,3,16138.374022613807,fault_test,0.01639344262295082,True
1kW,1kW_turn_current_21p69pct,interturn,21.69,False,4,15387.853221212263,fault_test,0.01639344262295082,True
1kW,1kW_turn_current_21p69pct,interturn,21.69,False,5,14756.135465536565,fault_test,0.01639344262295082,True
1kW,1kW_turn_current_21p69pct,interturn,21.69,False,6,13844.038017936182,fault_test,0.01639344262295082,True
1kW,1kW_turn_current_21p69pct,interturn,21.69,False,7,15170.034204704207,fault_test,0.01639344262295082,True
1kW,1kW_turn_current_21p69pct,interturn,21.69,False,8,14505.033954594554,fault_test,0.01639344262295082,True
1kW,1kW_turn_current_21p69pct,interturn,21.69,False,9,13095.398913578892,fault_test,0.01639344262295082,True
1kW,1kW_turn_current_21p69pct,interturn,21.69,False,10,12817.962796898497,fault_test,0.01639344262295082,True
1kW,1kW_turn_current_21p69pct,interturn,21.69,False,11,15584.89790455513,fault_test,0.01639344262295082,True
1kW,1kW_turn_current_21p69pct,interturn,21.69,False,12,15449.83432356249,fault_test,0.01639344262295082,True
1kW,1kW_turn_current_21p69pct,interturn,21.69,False,13,16549.30032385054,fault_test,0.01639344262295082,True
1kW,1kW_turn_current_21p69pct,interturn,21.69,False,14,14189.556533377074,fault_test,0.01639344262295082,True
1kW,1kW_turn_current_21p69pct,interturn,21.69,False,15,13722.295498774782,fault_test,0.01639344262295082,True
1kW,1kW_turn_current_21p69pct,interturn,21.69,False,16,15188.859267219745,fault_test,0.01639344262295082,True
1kW,1kW_turn_current_21p69pct,interturn,21.69,False,17,16051.471592778078,fault_test,0.01639344262295082,True
1kW,1kW_turn_current_21p69pct,interturn,21.69,False,18,13622.14345021452,fault_test,0.01639344262295082,True
1kW,1kW_turn_current_21p69pct,interturn,21.69,False,19,11977.420653047204,fault_test,0.01639344262295082,True
1kW,1kW_turn_current_21p69pct,interturn,21.69,False,20,15655.363582237647,fault_test,0.01639344262295082,True
1kW,1kW_turn_current_21p69pct,interturn,21.69,False,21,15194.782235519422,fault_test,0.01639344262295082,True
1kW,1kW_turn_current_21p69pct,interturn,21.69,False,22,15862.041497926568,fault_test,0.01639344262295082,True
1kW,1kW_turn_current_21p69pct,interturn,21.69,False,23,20938.404332382157,fault_test,0.01639344262295082,True
1kW,1kW_turn_current_21p69pct,interturn,21.69,False,24,14867.651653331948,fault_test,0.01639344262295082,True
1kW,1kW_turn_current_21p69pct,interturn,21.69,False,25,13214.51058932395,fault_test,0.01639344262295082,True
1kW,1kW_turn_current_21p69pct,interturn,21.69,False,26,15892.124168379702,fault_test,0.01639344262295082,True
1kW,1kW_turn_current_21p69pct,interturn,21.69,False,27,14025.673391566424,fault_test,0.01639344262295082,True
1kW,1kW_turn_current_21p69pct,interturn,21.69,False,28,15312.420928635645,fault_test,0.01639344262295082,True
1kW,1kW_turn_current_21p69pct,interturn,21.69,False,29,14702.413964730942,fault_test,0.01639344262295082,True
1kW,1kW_turn_current_21p69pct,interturn,21.69,False,30,15224.205781806468,fault_test,0.01639344262295082,True
1kW,1kW_turn_current_21p69pct,interturn,21.69,False,31,15048.350240717833,fault_test,0.01639344262295082,True
1kW,1kW_turn_current_21p69pct,interturn,21.69,False,32,16073.254684255251,fault_test,0.01639344262295082,True
1kW,1kW_turn_current_21p69pct,interturn,21.69,False,33,16179.597738247932,fault_test,0.01639344262295082,True
1kW,1kW_turn_current_21p69pct,interturn,21.69,False,34,14676.870595542689,fault_test,0.01639344262295082,True
1kW,1kW_turn_current_21p69pct,interturn,21.69,False,35,16809.392126682316,fault_test,0.01639344262295082,True
1kW,1kW_turn_current_21p69pct,interturn,21.69,False,36,17804.072446688228,fault_test,0.01639344262295082,True
1kW,1kW_turn_current_21p69pct,interturn,21.69,False,37,15900.908717245993,fault_test,0.01639344262295082,True
1kW,1kW_turn_current_21p69pct,interturn,21.69,False,38,17557.22236414561,fault_test,0.01639344262295082,True
1kW,1kW_turn_current_21p69pct,interturn,21.69,False,39,16269.171158698979,fault_test,0.01639344262295082,True
1kW,1kW_turn_current_21p69pct,interturn,21.69,False,40,16808.294440454443,fault_test,0.01639344262295082,True
1kW,1kW_turn_current_21p69pct,interturn,21.69,False,41,20841.24957643238,fault_test,0.01639344262295082,True
1kW,1kW_turn_current_21p69pct,interturn,21.69,False,42,19575.226980708743,fault_test,0.01639344262295082,True
1kW,1kW_turn_current_21p69pct,interturn,21.69,False,43,16160.681460859549,fault_test,0.01639344262295082,True
1kW,1kW_turn_current_21p69pct,interturn,21.69,False,44,18350.588992134748,fault_test,0.01639344262295082,True
1kW,1kW_turn_current_21p69pct,interturn,21.69,False,45,16897.489533076077,fault_test,0.01639344262295082,True
1kW,1kW_turn_current_21p69pct,interturn,21.69,False,46,19275.855524228955,fault_test,0.01639344262295082,True
1kW,1kW_turn_current_21p69pct,interturn,21.69,False,47,20836.750641941413,fault_test,0.01639344262295082,True
1kW,1kW_turn_current_21p69pct,interturn,21.69,False,48,17528.878597908053,fault_test,0.01639344262295082,True
1kW,1kW_turn_current_21p69pct,interturn,21.69,False,49,15873.691070330275,fault_test,0.01639344262295082,True
1kW,1kW_turn_current_21p69pct,interturn,21.69,False,50,18305.653887809825,fault_test,0.01639344262295082,True
1kW,1kW_turn_current_21p69pct,interturn,21.69,False,51,16480.6356364798,fault_test,0.01639344262295082,True
1kW,1kW_turn_current_21p69pct,interturn,21.69,False,52,17056.342028558567,fault_test,0.01639344262295082,True
1kW,1kW_turn_current_21p69pct,interturn,21.69,False,53,14446.759884750512,fault_test,0.01639344262295082,True
1kW,1kW_turn_current_21p69pct,interturn,21.69,False,54,15453.136554642342,fault_test,0.01639344262295082,True
1kW,1kW_turn_current_21p69pct,interturn,21.69,False,55,17297.48172434244,fault_test,0.01639344262295082,True
1kW,1kW_turn_current_21p69pct,interturn,21.69,False,56,15070.776734460835,fault_test,0.01639344262295082,True
1kW,1kW_turn_current_21p69pct,interturn,21.69,False,57,16593.485462028875,fault_test,0.01639344262295082,True
1kW,1kW_turn_current_21p69pct,interturn,21.69,False,58,14422.046261438381,fault_test,0.01639344262295082,True
1kW,1kW_turn_current_21p69pct,interturn,21.69,False,59,17819.3303092716,fault_test,0.01639344262295082,True
1kW,1kW_turn_current_21p69pct,interturn,21.69,False,60,13651.790990788619,fault_test,0.01639344262295082,True
1kW,1kW_turn_current_21p69pct,interturn,21.69,False,61,13881.476964961912,fault_test,0.01639344262295082,True
1kW,1kW_turn_current_21p69pct,interturn,21.69,False,62,18346.801591454307,fault_test,0.01639344262295082,True
1kW,1kW_turn_current_21p69pct,interturn,21.69,False,63,14714.982155106609,fault_test,0.01639344262295082,True
1kW,1kW_turn_current_21p69pct,interturn,21.69,False,64,23721.457725080483,fault_test,0.01639344262295082,True
1kW,1kW_turn_current_21p69pct,interturn,21.69,False,65,22938.781786928772,fault_test,0.01639344262295082,True
1kW,1kW_turn_current_21p69pct,interturn,21.69,False,66,15352.208455988897,fault_test,0.01639344262295082,True
1kW,1kW_turn_current_21p69pct,interturn,21.69,False,67,21794.440437069803,fault_test,0.01639344262295082,True
1kW,1kW_turn_current_21p69pct,interturn,21.69,False,68,13645.31223095706,fault_test,0.01639344262295082,True
1kW,1kW_turn_current_21p69pct,interturn,21.69,False,69,29045.30925113559,fault_test,0.01639344262295082,True
1kW,1kW_turn_current_21p69pct,interturn,21.69,False,70,23478.163011712422,fault_test,0.01639344262295082,True
1kW,1kW_turn_current_21p69pct,interturn,21.69,False,71,30803.334867695314,fault_test,0.01639344262295082,True
1kW,1kW_turn_current_21p69pct,interturn,21.69,False,72,25659.82843869955,fault_test,0.01639344262295082,True
1kW,1kW_turn_current_21p69pct,interturn,21.69,False,73,20728.56171152115,fault_test,0.01639344262295082,True
1kW,1kW_turn_current_21p69pct,interturn,21.69,False,74,22247.34005931214,fault_test,0.01639344262295082,True
1kW,1kW_turn_current_21p69pct,interturn,21.69,False,75,18273.241203143094,fault_test,0.01639344262295082,True
1kW,1kW_turn_current_21p69pct,interturn,21.69,False,76,22668.661880394407,fault_test,0.01639344262295082,True
1kW,1kW_turn_current_21p69pct,interturn,21.69,False,77,27481.583800098862,fault_test,0.01639344262295082,True
1kW,1kW_turn_current_21p69pct,interturn,21.69,False,78,20493.625370386195,fault_test,0.01639344262295082,True
1kW,1kW_turn_current_21p69pct,interturn,21.69,False,79,32429.50020441027,fault_test,0.01639344262295082,True
1kW,1kW_turn_current_21p69pct,interturn,21.69,False,80,23854.828951220035,fault_test,0.01639344262295082,True
1kW,1kW_turn_current_21p69pct,interturn,21.69,False,81,34230.648745455874,fault_test,0.01639344262295082,True
1kW,1kW_turn_current_21p69pct,interturn,21.69,False,82,19128.30529219789,fault_test,0.01639344262295082,True
1kW,1kW_turn_current_21p69pct,interturn,21.69,False,83,35128.96221767625,fault_test,0.01639344262295082,True
1kW,1kW_turn_current_21p69pct,interturn,21.69,False,84,32422.429979606964,fault_test,0.01639344262295082,True
1kW,1kW_turn_current_21p69pct,interturn,21.69,False,85,28083.126564757313,fault_test,0.01639344262295082,True
1kW,1kW_turn_current_21p69pct,interturn,21.69,False,86,25980.565843631,fault_test,0.01639344262295082,True
1kW,1kW_turn_current_21p69pct,interturn,21.69,False,87,24257.19648848623,fault_test,0.01639344262295082,True
1kW,1kW_turn_current_21p69pct,interturn,21.69,False,88,37402.08781842172,fault_test,0.01639344262295082,True
1kW,1kW_turn_current_21p69pct,interturn,21.69,False,89,32331.933229662653,fault_test,0.01639344262295082,True
1kW,1kW_turn_current_21p69pct,interturn,21.69,False,90,20126.986849070756,fault_test,0.01639344262295082,True
1kW,1kW_turn_current_21p69pct,interturn,21.69,False,91,32004.888136043257,fault_test,0.01639344262295082,True
1kW,1kW_turn_current_21p69pct,interturn,21.69,False,92,20800.613988537865,fault_test,0.01639344262295082,True
1kW,1kW_turn_current_21p69pct,interturn,21.69,False,93,24191.918020460627,fault_test,0.01639344262295082,True
1kW,1kW_turn_current_21p69pct,interturn,21.69,False,94,26250.693110282744,fault_test,0.01639344262295082,True
1kW,1kW_turn_current_21p69pct,interturn,21.69,False,95,23910.6056125759,fault_test,0.01639344262295082,True
1kW,1kW_turn_current_21p69pct,interturn,21.69,False,96,23528.03298132377,fault_test,0.01639344262295082,True
1kW,1kW_turn_current_21p69pct,interturn,21.69,False,97,15947.480453533823,fault_test,0.01639344262295082,True
1kW,1kW_turn_current_21p69pct,interturn,21.69,False,98,30526.49154163316,fault_test,0.01639344262295082,True
1kW,1kW_turn_current_21p69pct,interturn,21.69,False,99,17456.278749792633,fault_test,0.01639344262295082,True
1kW,1kW_turn_current_21p69pct,interturn,21.69,False,100,17685.116718464265,fault_test,0.01639344262295082,True
1kW,1kW_turn_current_21p69pct,interturn,21.69,False,101,23956.966058819486,fault_test,0.01639344262295082,True
1kW,1kW_turn_current_21p69pct,interturn,21.69,False,102,24561.355079213663,fault_test,0.01639344262295082,True
1kW,1kW_turn_current_21p69pct,interturn,21.69,False,103,13888.24639257237,fault_test,0.01639344262295082,True
1kW,1kW_turn_current_21p69pct,interturn,21.69,False,104,24470.46379964791,fault_test,0.01639344262295082,True
1kW,1kW_turn_current_21p69pct,interturn,21.69,False,105,29093.033881418734,fault_test,0.01639344262295082,True
1kW,1kW_turn_current_21p69pct,interturn,21.69,False,106,14663.598334063186,fault_test,0.01639344262295082,True
1kW,1kW_turn_current_21p69pct,interturn,21.69,False,107,13778.873240837465,fault_test,0.01639344262295082,True
1kW,1kW_turn_current_21p69pct,interturn,21.69,False,108,25144.69125658701,fault_test,0.01639344262295082,True
1kW,1kW_turn_current_21p69pct,interturn,21.69,False,109,28051.062285679174,fault_test,0.01639344262295082,True
1kW,1kW_turn_current_21p69pct,interturn,21.69,False,110,24077.646606446528,fault_test,0.01639344262295082,True
1kW,1kW_turn_current_21p69pct,interturn,21.69,False,111,26374.859514163174,fault_test,0.01639344262295082,True
1kW,1kW_turn_current_21p69pct,interturn,21.69,False,112,19676.593927327325,fault_test,0.01639344262295082,True
1kW,1kW_turn_current_21p69pct,interturn,21.69,False,113,22313.190436691148,fault_test,0.01639344262295082,True
1kW,1kW_turn_current_21p69pct,interturn,21.69,False,114,23222.486649806255,fault_test,0.01639344262295082,True
1kW,1kW_turn_current_21p69pct,interturn,21.69,False,115,19999.915998303662,fault_test,0.01639344262295082,True
1kW,1kW_turn_current_21p69pct,interturn,21.69,False,116,16213.170435462907,fault_test,0.01639344262295082,True
1kW,1kW_turn_current_21p69pct,interturn,21.69,False,117,16693.855899692084,fault_test,0.01639344262295082,True
1kW,1kW_turn_current_21p69pct,interturn,21.69,False,118,19976.337408082483,fault_test,0.01639344262295082,True
1kW,1kW_turn_current_21p69pct,interturn,21.69,False,119,22394.25231800714,fault_test,0.01639344262295082,True
1kW,1kW_turn_current_2p26pct,interturn,2.26,False,0,5065120.96930508,fault_test,0.01639344262295082,True
1kW,1kW_turn_current_2p26pct,interturn,2.26,False,1,5585946.967208235,fault_test,0.01639344262295082,True
1kW,1kW_turn_current_2p26pct,interturn,2.26,False,2,5018322.776521137,fault_test,0.01639344262295082,True
1kW,1kW_turn_current_2p26pct,interturn,2.26,False,3,4334471.476305216,fault_test,0.01639344262295082,True
1kW,1kW_turn_current_2p26pct,interturn,2.26,False,4,5738993.098260106,fault_test,0.01639344262295082,True
1kW,1kW_turn_current_2p26pct,interturn,2.26,False,5,6156455.844253808,fault_test,0.01639344262295082,True
1kW,1kW_turn_current_2p26pct,interturn,2.26,False,6,4773481.753426177,fault_test,0.01639344262295082,True
1kW,1kW_turn_current_2p26pct,interturn,2.26,False,7,5619734.179551307,fault_test,0.01639344262295082,True
1kW,1kW_turn_current_2p26pct,interturn,2.26,False,8,6510435.103569777,fault_test,0.01639344262295082,True
1kW,1kW_turn_current_2p26pct,interturn,2.26,False,9,4811942.88178013,fault_test,0.01639344262295082,True
1kW,1kW_turn_current_2p26pct,interturn,2.26,False,10,5084570.488963585,fault_test,0.01639344262295082,True
1kW,1kW_turn_current_2p26pct,interturn,2.26,False,11,6320538.465276596,fault_test,0.01639344262295082,True
1kW,1kW_turn_current_2p26pct,interturn,2.26,False,12,4010089.2594864005,fault_test,0.01639344262295082,True
1kW,1kW_turn_current_2p26pct,interturn,2.26,False,13,5236458.854367711,fault_test,0.01639344262295082,True
1kW,1kW_turn_current_2p26pct,interturn,2.26,False,14,8963936.878835402,fault_test,0.01639344262295082,True
1kW,1kW_turn_current_2p26pct,interturn,2.26,False,15,4221053.051324543,fault_test,0.01639344262295082,True
1kW,1kW_turn_current_2p26pct,interturn,2.26,False,16,4382668.376920861,fault_test,0.01639344262295082,True
1kW,1kW_turn_current_2p26pct,interturn,2.26,False,17,7264776.472183179,fault_test,0.01639344262295082,True
1kW,1kW_turn_current_2p26pct,interturn,2.26,False,18,4665891.588735069,fault_test,0.01639344262295082,True
1kW,1kW_turn_current_2p26pct,interturn,2.26,False,19,4554672.875432665,fault_test,0.01639344262295082,True
1kW,1kW_turn_current_2p26pct,interturn,2.26,False,20,6731060.6105876025,fault_test,0.01639344262295082,True
1kW,1kW_turn_current_2p26pct,interturn,2.26,False,21,7017939.543604598,fault_test,0.01639344262295082,True
1kW,1kW_turn_current_2p26pct,interturn,2.26,False,22,4529478.1410733955,fault_test,0.01639344262295082,True
1kW,1kW_turn_current_2p26pct,interturn,2.26,False,23,5508644.8375663245,fault_test,0.01639344262295082,True
1kW,1kW_turn_current_2p26pct,interturn,2.26,False,24,6677483.238550499,fault_test,0.01639344262295082,True
1kW,1kW_turn_current_2p26pct,interturn,2.26,False,25,4443589.299904713,fault_test,0.01639344262295082,True
1kW,1kW_turn_current_2p26pct,interturn,2.26,False,26,5505202.26990085,fault_test,0.01639344262295082,True
1kW,1kW_turn_current_2p26pct,interturn,2.26,False,27,8029269.711748421,fault_test,0.01639344262295082,True
1kW,1kW_turn_current_2p26pct,interturn,2.26,False,28,8019737.065785885,fault_test,0.01639344262295082,True
1kW,1kW_turn_current_2p26pct,interturn,2.26,False,29,5484451.301933506,fault_test,0.01639344262295082,True
1kW,1kW_turn_current_2p26pct,interturn,2.26,False,30,5942020.049741567,fault_test,0.01639344262295082,True
1kW,1kW_turn_current_2p26pct,interturn,2.26,False,31,5439940.722649738,fault_test,0.01639344262295082,True
1kW,1kW_turn_current_2p26pct,interturn,2.26,False,32,4663362.535764247,fault_test,0.01639344262295082,True
1kW,1kW_turn_current_2p26pct,interturn,2.26,False,33,5181843.640864402,fault_test,0.01639344262295082,True
1kW,1kW_turn_current_2p26pct,interturn,2.26,False,34,5395516.708308915,fault_test,0.01639344262295082,True
1kW,1kW_turn_current_2p26pct,interturn,2.26,False,35,4541404.259113912,fault_test,0.01639344262295082,True
1kW,1kW_turn_current_2p26pct,interturn,2.26,False,36,5096250.3087846665,fault_test,0.01639344262295082,True
1kW,1kW_turn_current_2p26pct,interturn,2.26,False,37,6961023.268970599,fault_test,0.01639344262295082,True
1kW,1kW_turn_current_2p26pct,interturn,2.26,False,38,4733298.010453669,fault_test,0.01639344262295082,True
1kW,1kW_turn_current_2p26pct,interturn,2.26,False,39,5039369.55170676,fault_test,0.01639344262295082,True
1kW,1kW_turn_current_2p26pct,interturn,2.26,False,40,6348909.931902014,fault_test,0.01639344262295082,True
1kW,1kW_turn_current_2p26pct,interturn,2.26,False,41,4074879.702225255,fault_test,0.01639344262295082,True
1kW,1kW_turn_current_2p26pct,interturn,2.26,False,42,5091549.662683648,fault_test,0.01639344262295082,True
1kW,1kW_turn_current_2p26pct,interturn,2.26,False,43,5978340.665920684,fault_test,0.01639344262295082,True
1kW,1kW_turn_current_2p26pct,interturn,2.26,False,44,5174089.624150338,fault_test,0.01639344262295082,True
1kW,1kW_turn_current_2p26pct,interturn,2.26,False,45,4577334.279268245,fault_test,0.01639344262295082,True
1kW,1kW_turn_current_2p26pct,interturn,2.26,False,46,6154119.130127379,fault_test,0.01639344262295082,True
1kW,1kW_turn_current_2p26pct,interturn,2.26,False,47,7957584.973327485,fault_test,0.01639344262295082,True
1kW,1kW_turn_current_2p26pct,interturn,2.26,False,48,4519319.136247824,fault_test,0.01639344262295082,True
1kW,1kW_turn_current_2p26pct,interturn,2.26,False,49,5137249.971252378,fault_test,0.01639344262295082,True
1kW,1kW_turn_current_2p26pct,interturn,2.26,False,50,6565471.426898941,fault_test,0.01639344262295082,True
1kW,1kW_turn_current_2p26pct,interturn,2.26,False,51,4455816.451608685,fault_test,0.01639344262295082,True
1kW,1kW_turn_current_2p26pct,interturn,2.26,False,52,5709691.39579214,fault_test,0.01639344262295082,True
1kW,1kW_turn_current_2p26pct,interturn,2.26,False,53,7558473.701301894,fault_test,0.01639344262295082,True
1kW,1kW_turn_current_2p26pct,interturn,2.26,False,54,6336340.194080074,fault_test,0.01639344262295082,True
1kW,1kW_turn_current_2p26pct,interturn,2.26,False,55,4844257.652904347,fault_test,0.01639344262295082,True
1kW,1kW_turn_current_2p26pct,interturn,2.26,False,56,6022307.003139514,fault_test,0.01639344262295082,True
1kW,1kW_turn_current_2p26pct,interturn,2.26,False,57,7538314.227169705,fault_test,0.01639344262295082,True
1kW,1kW_turn_current_2p26pct,interturn,2.26,False,58,5298715.423982872,fault_test,0.01639344262295082,True
1kW,1kW_turn_current_2p26pct,interturn,2.26,False,59,4936467.004220906,fault_test,0.01639344262295082,True
1kW,1kW_turn_current_2p26pct,interturn,2.26,False,60,8930178.007158387,fault_test,0.01639344262295082,True
1kW,1kW_turn_current_2p26pct,interturn,2.26,False,61,4705568.399856199,fault_test,0.01639344262295082,True
1kW,1kW_turn_current_2p26pct,interturn,2.26,False,62,5345446.886551033,fault_test,0.01639344262295082,True
1kW,1kW_turn_current_2p26pct,interturn,2.26,False,63,8305958.570228828,fault_test,0.01639344262295082,True
1kW,1kW_turn_current_2p26pct,interturn,2.26,False,64,4640485.047658499,fault_test,0.01639344262295082,True
1kW,1kW_turn_current_2p26pct,interturn,2.26,False,65,5669032.067782,fault_test,0.01639344262295082,True
1kW,1kW_turn_current_2p26pct,interturn,2.26,False,66,6210420.695920038,fault_test,0.01639344262295082,True
1kW,1kW_turn_current_2p26pct,interturn,2.26,False,67,5249718.286820684,fault_test,0.01639344262295082,True
1kW,1kW_turn_current_2p26pct,interturn,2.26,False,68,6001282.080741556,fault_test,0.01639344262295082,True
1kW,1kW_turn_current_2p26pct,interturn,2.26,False,69,6871275.911351816,fault_test,0.01639344262295082,True
1kW,1kW_turn_current_2p26pct,interturn,2.26,False,70,6675628.147821341,fault_test,0.01639344262295082,True
1kW,1kW_turn_current_2p26pct,interturn,2.26,False,71,4565096.655905404,fault_test,0.01639344262295082,True
1kW,1kW_turn_current_2p26pct,interturn,2.26,False,72,7094864.715420096,fault_test,0.01639344262295082,True
1kW,1kW_turn_current_2p26pct,interturn,2.26,False,73,8291712.620733097,fault_test,0.01639344262295082,True
1kW,1kW_turn_current_2p26pct,interturn,2.26,False,74,3961368.168831123,fault_test,0.01639344262295082,True
1kW,1kW_turn_current_2p26pct,interturn,2.26,False,75,5573347.96943996,fault_test,0.01639344262295082,True
1kW,1kW_turn_current_2p26pct,interturn,2.26,False,76,7375261.322959299,fault_test,0.01639344262295082,True
1kW,1kW_turn_current_2p26pct,interturn,2.26,False,77,4425448.626794475,fault_test,0.01639344262295082,True
1kW,1kW_turn_current_2p26pct,interturn,2.26,False,78,6132028.479389926,fault_test,0.01639344262295082,True
1kW,1kW_turn_current_2p26pct,interturn,2.26,False,79,7198555.271753157,fault_test,0.01639344262295082,True
1kW,1kW_turn_current_2p26pct,interturn,2.26,False,80,7081635.101406646,fault_test,0.01639344262295082,True
1kW,1kW_turn_current_2p26pct,interturn,2.26,False,81,5435205.486915919,fault_test,0.01639344262295082,True
1kW,1kW_turn_current_2p26pct,interturn,2.26,False,82,5925808.328187531,fault_test,0.01639344262295082,True
1kW,1kW_turn_current_2p26pct,interturn,2.26,False,83,6931927.429697654,fault_test,0.01639344262295082,True
1kW,1kW_turn_current_2p26pct,interturn,2.26,False,84,5238215.253424279,fault_test,0.01639344262295082,True
1kW,1kW_turn_current_2p26pct,interturn,2.26,False,85,5892035.3414964825,fault_test,0.01639344262295082,True
1kW,1kW_turn_current_2p26pct,interturn,2.26,False,86,8315197.224233071,fault_test,0.01639344262295082,True
1kW,1kW_turn_current_2p26pct,interturn,2.26,False,87,4751063.094989088,fault_test,0.01639344262295082,True
1kW,1kW_turn_current_2p26pct,interturn,2.26,False,88,6172690.695302548,fault_test,0.01639344262295082,True
1kW,1kW_turn_current_2p26pct,interturn,2.26,False,89,6228820.382845266,fault_test,0.01639344262295082,True
1kW,1kW_turn_current_2p26pct,interturn,2.26,False,90,4848176.891645305,fault_test,0.01639344262295082,True
1kW,1kW_turn_current_2p26pct,interturn,2.26,False,91,4539195.374295101,fault_test,0.01639344262295082,True
1kW,1kW_turn_current_2p26pct,interturn,2.26,False,92,7316612.057215129,fault_test,0.01639344262295082,True
1kW,1kW_turn_current_2p26pct,interturn,2.26,False,93,5344688.583029622,fault_test,0.01639344262295082,True
1kW,1kW_turn_current_2p26pct,interturn,2.26,False,94,5086853.155173426,fault_test,0.01639344262295082,True
1kW,1kW_turn_current_2p26pct,interturn,2.26,False,95,7072417.291146485,fault_test,0.01639344262295082,True
1kW,1kW_turn_current_2p26pct,interturn,2.26,False,96,7272260.424144705,fault_test,0.01639344262295082,True
1kW,1kW_turn_current_2p26pct,interturn,2.26,False,97,4476425.553567851,fault_test,0.01639344262295082,True
1kW,1kW_turn_current_2p26pct,interturn,2.26,False,98,6458073.309287303,fault_test,0.01639344262295082,True
1kW,1kW_turn_current_2p26pct,interturn,2.26,False,99,6673352.279484432,fault_test,0.01639344262295082,True
1kW,1kW_turn_current_2p26pct,interturn,2.26,False,100,5010452.832239791,fault_test,0.01639344262295082,True
1kW,1kW_turn_current_2p26pct,interturn,2.26,False,101,5778936.851737475,fault_test,0.01639344262295082,True
1kW,1kW_turn_current_2p26pct,interturn,2.26,False,102,6463115.79992161,fault_test,0.01639344262295082,True
1kW,1kW_turn_current_2p26pct,interturn,2.26,False,103,4048470.781277695,fault_test,0.01639344262295082,True
1kW,1kW_turn_current_2p26pct,interturn,2.26,False,104,6616748.606846344,fault_test,0.01639344262295082,True
1kW,1kW_turn_current_2p26pct,interturn,2.26,False,105,7726464.053447814,fault_test,0.01639344262295082,True
1kW,1kW_turn_current_2p26pct,interturn,2.26,False,106,4997887.359949305,fault_test,0.01639344262295082,True
1kW,1kW_turn_current_2p26pct,interturn,2.26,False,107,5848645.717738333,fault_test,0.01639344262295082,True
1kW,1kW_turn_current_2p26pct,interturn,2.26,False,108,6826901.148844303,fault_test,0.01639344262295082,True
1kW,1kW_turn_current_2p26pct,interturn,2.26,False,109,6689616.056142381,fault_test,0.01639344262295082,True
1kW,1kW_turn_current_2p26pct,interturn,2.26,False,110,4768741.177573123,fault_test,0.01639344262295082,True
1kW,1kW_turn_current_2p26pct,interturn,2.26,False,111,6250370.522960376,fault_test,0.01639344262295082,True
1kW,1kW_turn_current_2p26pct,interturn,2.26,False,112,6228837.14282794,fault_test,0.01639344262295082,True
1kW,1kW_turn_current_2p26pct,interturn,2.26,False,113,5101154.567679229,fault_test,0.01639344262295082,True
1kW,1kW_turn_current_2p26pct,interturn,2.26,False,114,5753206.369404247,fault_test,0.01639344262295082,True
1kW,1kW_turn_current_2p26pct,interturn,2.26,False,115,7418991.322690393,fault_test,0.01639344262295082,True
1kW,1kW_turn_current_2p26pct,interturn,2.26,False,116,5408303.816328752,fault_test,0.01639344262295082,True
1kW,1kW_turn_current_2p26pct,interturn,2.26,False,117,4574428.548652896,fault_test,0.01639344262295082,True
1kW,1kW_turn_current_2p26pct,interturn,2.26,False,118,6338099.769539364,fault_test,0.01639344262295082,True
1kW,1kW_turn_current_2p26pct,interturn,2.26,False,119,5410970.900936345,fault_test,0.01639344262295082,True
1kW,1kW_turn_current_2p7pct,interturn,2.7,False,0,5854071.016961962,fault_test,0.01639344262295082,True
1kW,1kW_turn_current_2p7pct,interturn,2.7,False,1,4008564.3006549086,fault_test,0.01639344262295082,True
1kW,1kW_turn_current_2p7pct,interturn,2.7,False,2,5175849.323051591,fault_test,0.01639344262295082,True
1kW,1kW_turn_current_2p7pct,interturn,2.7,False,3,4672374.56383531,fault_test,0.01639344262295082,True
1kW,1kW_turn_current_2p7pct,interturn,2.7,False,4,4445278.414406647,fault_test,0.01639344262295082,True
1kW,1kW_turn_current_2p7pct,interturn,2.7,False,5,4089661.786470588,fault_test,0.01639344262295082,True
1kW,1kW_turn_current_2p7pct,interturn,2.7,False,6,6196422.828738916,fault_test,0.01639344262295082,True
1kW,1kW_turn_current_2p7pct,interturn,2.7,False,7,3643361.007169051,fault_test,0.01639344262295082,True
1kW,1kW_turn_current_2p7pct,interturn,2.7,False,8,4954571.589111805,fault_test,0.01639344262295082,True
1kW,1kW_turn_current_2p7pct,interturn,2.7,False,9,5811833.845927735,fault_test,0.01639344262295082,True
1kW,1kW_turn_current_2p7pct,interturn,2.7,False,10,3929522.9985989155,fault_test,0.01639344262295082,True
1kW,1kW_turn_current_2p7pct,interturn,2.7,False,11,4526688.107642508,fault_test,0.01639344262295082,True
1kW,1kW_turn_current_2p7pct,interturn,2.7,False,12,6147980.011276513,fault_test,0.01639344262295082,True
1kW,1kW_turn_current_2p7pct,interturn,2.7,False,13,5318947.060902808,fault_test,0.01639344262295082,True
1kW,1kW_turn_current_2p7pct,interturn,2.7,False,14,4859903.273251299,fault_test,0.01639344262295082,True
1kW,1kW_turn_current_2p7pct,interturn,2.7,False,15,4940995.298921771,fault_test,0.01639344262295082,True
1kW,1kW_turn_current_2p7pct,interturn,2.7,False,16,3917551.0400034916,fault_test,0.01639344262295082,True
1kW,1kW_turn_current_2p7pct,interturn,2.7,False,17,4004234.1017537853,fault_test,0.01639344262295082,True
1kW,1kW_turn_current_2p7pct,interturn,2.7,False,18,5248029.430338016,fault_test,0.01639344262295082,True
1kW,1kW_turn_current_2p7pct,interturn,2.7,False,19,3914205.356159107,fault_test,0.01639344262295082,True
1kW,1kW_turn_current_2p7pct,interturn,2.7,False,20,4100430.321967678,fault_test,0.01639344262295082,True
1kW,1kW_turn_current_2p7pct,interturn,2.7,False,21,5207052.236501268,fault_test,0.01639344262295082,True
1kW,1kW_turn_current_2p7pct,interturn,2.7,False,22,4334166.776672036,fault_test,0.01639344262295082,True
1kW,1kW_turn_current_2p7pct,interturn,2.7,False,23,4711824.116448034,fault_test,0.01639344262295082,True
1kW,1kW_turn_current_2p7pct,interturn,2.7,False,24,5597910.731959417,fault_test,0.01639344262295082,True
1kW,1kW_turn_current_2p7pct,interturn,2.7,False,25,4654370.228383559,fault_test,0.01639344262295082,True
1kW,1kW_turn_current_2p7pct,interturn,2.7,False,26,4705826.952110127,fault_test,0.01639344262295082,True
1kW,1kW_turn_current_2p7pct,interturn,2.7,False,27,5235336.506913207,fault_test,0.01639344262295082,True
1kW,1kW_turn_current_2p7pct,interturn,2.7,False,28,5363002.427028219,fault_test,0.01639344262295082,True
1kW,1kW_turn_current_2p7pct,interturn,2.7,False,29,4604641.685147,fault_test,0.01639344262295082,True
1kW,1kW_turn_current_2p7pct,interturn,2.7,False,30,6238778.407506132,fault_test,0.01639344262295082,True
1kW,1kW_turn_current_2p7pct,interturn,2.7,False,31,4643183.829224759,fault_test,0.01639344262295082,True
1kW,1kW_turn_current_2p7pct,interturn,2.7,False,32,4630096.5765810795,fault_test,0.01639344262295082,True
1kW,1kW_turn_current_2p7pct,interturn,2.7,False,33,6184300.5017565405,fault_test,0.01639344262295082,True
1kW,1kW_turn_current_2p7pct,interturn,2.7,False,34,4534920.420149298,fault_test,0.01639344262295082,True
1kW,1kW_turn_current_2p7pct,interturn,2.7,False,35,4633093.502122775,fault_test,0.01639344262295082,True
1kW,1kW_turn_current_2p7pct,interturn,2.7,False,36,5100617.541199402,fault_test,0.01639344262295082,True
1kW,1kW_turn_current_2p7pct,interturn,2.7,False,37,5790608.654360946,fault_test,0.01639344262295082,True
1kW,1kW_turn_current_2p7pct,interturn,2.7,False,38,4502299.972690387,fault_test,0.01639344262295082,True
1kW,1kW_turn_current_2p7pct,interturn,2.7,False,39,5430550.074002568,fault_test,0.01639344262295082,True
1kW,1kW_turn_current_2p7pct,interturn,2.7,False,40,5706024.602150148,fault_test,0.01639344262295082,True
1kW,1kW_turn_current_2p7pct,interturn,2.7,False,41,4656011.830486572,fault_test,0.01639344262295082,True
1kW,1kW_turn_current_2p7pct,interturn,2.7,False,42,5311127.681214446,fault_test,0.01639344262295082,True
1kW,1kW_turn_current_2p7pct,interturn,2.7,False,43,5553310.52740698,fault_test,0.01639344262295082,True
1kW,1kW_turn_current_2p7pct,interturn,2.7,False,44,4395348.753404988,fault_test,0.01639344262295082,True
1kW,1kW_turn_current_2p7pct,interturn,2.7,False,45,7030632.2145924205,fault_test,0.01639344262295082,True
1kW,1kW_turn_current_2p7pct,interturn,2.7,False,46,6955108.219707025,fault_test,0.01639344262295082,True
1kW,1kW_turn_current_2p7pct,interturn,2.7,False,47,4626662.359657252,fault_test,0.01639344262295082,True
1kW,1kW_turn_current_2p7pct,interturn,2.7,False,48,6350976.654744134,fault_test,0.01639344262295082,True
1kW,1kW_turn_current_2p7pct,interturn,2.7,False,49,4559891.527289966,fault_test,0.01639344262295082,True
1kW,1kW_turn_current_2p7pct,interturn,2.7,False,50,4390223.220282659,fault_test,0.01639344262295082,True
1kW,1kW_turn_current_2p7pct,interturn,2.7,False,51,5383541.248517387,fault_test,0.01639344262295082,True
1kW,1kW_turn_current_2p7pct,interturn,2.7,False,52,5315593.488036386,fault_test,0.01639344262295082,True
1kW,1kW_turn_current_2p7pct,interturn,2.7,False,53,4879701.569698749,fault_test,0.01639344262295082,True
1kW,1kW_turn_current_2p7pct,interturn,2.7,False,54,4914509.079309597,fault_test,0.01639344262295082,True
1kW,1kW_turn_current_2p7pct,interturn,2.7,False,55,6555320.547592407,fault_test,0.01639344262295082,True
1kW,1kW_turn_current_2p7pct,interturn,2.7,False,56,4899653.294548259,fault_test,0.01639344262295082,True
1kW,1kW_turn_current_2p7pct,interturn,2.7,False,57,7026355.805685267,fault_test,0.01639344262295082,True
1kW,1kW_turn_current_2p7pct,interturn,2.7,False,58,4763563.826107133,fault_test,0.01639344262295082,True
1kW,1kW_turn_current_2p7pct,interturn,2.7,False,59,4882765.400027233,fault_test,0.01639344262295082,True
1kW,1kW_turn_current_2p7pct,interturn,2.7,False,60,5564633.965338606,fault_test,0.01639344262295082,True
1kW,1kW_turn_current_2p7pct,interturn,2.7,False,61,4484482.438279121,fault_test,0.01639344262295082,True
1kW,1kW_turn_current_2p7pct,interturn,2.7,False,62,4253928.046223888,fault_test,0.01639344262295082,True
1kW,1kW_turn_current_2p7pct,interturn,2.7,False,63,6173510.463082231,fault_test,0.01639344262295082,True
1kW,1kW_turn_current_2p7pct,interturn,2.7,False,64,5021438.334729205,fault_test,0.01639344262295082,True
1kW,1kW_turn_current_2p7pct,interturn,2.7,False,65,4540320.760682194,fault_test,0.01639344262295082,True
1kW,1kW_turn_current_2p7pct,interturn,2.7,False,66,5531829.422724461,fault_test,0.01639344262295082,True
1kW,1kW_turn_current_2p7pct,interturn,2.7,False,67,5260170.983749861,fault_test,0.01639344262295082,True
1kW,1kW_turn_current_2p7pct,interturn,2.7,False,68,4356794.648697397,fault_test,0.01639344262295082,True
1kW,1kW_turn_current_2p7pct,interturn,2.7,False,69,5466156.282659272,fault_test,0.01639344262295082,True
1kW,1kW_turn_current_2p7pct,interturn,2.7,False,70,5221706.730861376,fault_test,0.01639344262295082,True
1kW,1kW_turn_current_2p7pct,interturn,2.7,False,71,5084405.367618039,fault_test,0.01639344262295082,True
1kW,1kW_turn_current_2p7pct,interturn,2.7,False,72,5047652.161316065,fault_test,0.01639344262295082,True
1kW,1kW_turn_current_2p7pct,interturn,2.7,False,73,6316651.737250113,fault_test,0.01639344262295082,True
1kW,1kW_turn_current_2p7pct,interturn,2.7,False,74,5379232.794475795,fault_test,0.01639344262295082,True
1kW,1kW_turn_current_2p7pct,interturn,2.7,False,75,4934100.063874557,fault_test,0.01639344262295082,True
1kW,1kW_turn_current_2p7pct,interturn,2.7,False,76,4647402.09775029,fault_test,0.01639344262295082,True
1kW,1kW_turn_current_2p7pct,interturn,2.7,False,77,4998237.076969171,fault_test,0.01639344262295082,True
1kW,1kW_turn_current_2p7pct,interturn,2.7,False,78,5309411.051084141,fault_test,0.01639344262295082,True
1kW,1kW_turn_current_2p7pct,interturn,2.7,False,79,4288944.579300979,fault_test,0.01639344262295082,True
1kW,1kW_turn_current_2p7pct,interturn,2.7,False,80,4885672.753708612,fault_test,0.01639344262295082,True
1kW,1kW_turn_current_2p7pct,interturn,2.7,False,81,6090925.342115096,fault_test,0.01639344262295082,True
1kW,1kW_turn_current_2p7pct,interturn,2.7,False,82,3939929.7839229056,fault_test,0.01639344262295082,True
1kW,1kW_turn_current_2p7pct,interturn,2.7,False,83,4547666.105757628,fault_test,0.01639344262295082,True
1kW,1kW_turn_current_2p7pct,interturn,2.7,False,84,6124244.404932871,fault_test,0.01639344262295082,True
1kW,1kW_turn_current_2p7pct,interturn,2.7,False,85,3936421.813816419,fault_test,0.01639344262295082,True
1kW,1kW_turn_current_2p7pct,interturn,2.7,False,86,6872177.270136059,fault_test,0.01639344262295082,True
1kW,1kW_turn_current_2p7pct,interturn,2.7,False,87,6099127.392756462,fault_test,0.01639344262295082,True
1kW,1kW_turn_current_2p7pct,interturn,2.7,False,88,4506380.872822697,fault_test,0.01639344262295082,True
1kW,1kW_turn_current_2p7pct,interturn,2.7,False,89,6782706.803341717,fault_test,0.01639344262295082,True
1kW,1kW_turn_current_2p7pct,interturn,2.7,False,90,6402848.2529596435,fault_test,0.01639344262295082,True
1kW,1kW_turn_current_2p7pct,interturn,2.7,False,91,3825071.41731722,fault_test,0.01639344262295082,True
1kW,1kW_turn_current_2p7pct,interturn,2.7,False,92,5184463.305900344,fault_test,0.01639344262295082,True
1kW,1kW_turn_current_2p7pct,interturn,2.7,False,93,6255665.057195439,fault_test,0.01639344262295082,True
1kW,1kW_turn_current_2p7pct,interturn,2.7,False,94,5429682.267934257,fault_test,0.01639344262295082,True
1kW,1kW_turn_current_2p7pct,interturn,2.7,False,95,5617677.121017276,fault_test,0.01639344262295082,True
1kW,1kW_turn_current_2p7pct,interturn,2.7,False,96,8968352.683240427,fault_test,0.01639344262295082,True
1kW,1kW_turn_current_2p7pct,interturn,2.7,False,97,4764951.0489149755,fault_test,0.01639344262295082,True
1kW,1kW_turn_current_2p7pct,interturn,2.7,False,98,5976884.766391113,fault_test,0.01639344262295082,True
1kW,1kW_turn_current_2p7pct,interturn,2.7,False,99,3893441.7486725478,fault_test,0.01639344262295082,True
1kW,1kW_turn_current_2p7pct,interturn,2.7,False,100,4430381.129036926,fault_test,0.01639344262295082,True
1kW,1kW_turn_current_2p7pct,interturn,2.7,False,101,6186886.477347498,fault_test,0.01639344262295082,True
1kW,1kW_turn_current_2p7pct,interturn,2.7,False,102,4191605.5666142646,fault_test,0.01639344262295082,True
1kW,1kW_turn_current_2p7pct,interturn,2.7,False,103,4562224.21877576,fault_test,0.01639344262295082,True
1kW,1kW_turn_current_2p7pct,interturn,2.7,False,104,5483510.838554187,fault_test,0.01639344262295082,True
1kW,1kW_turn_current_2p7pct,interturn,2.7,False,105,4294852.195767949,fault_test,0.01639344262295082,True
1kW,1kW_turn_current_2p7pct,interturn,2.7,False,106,4971761.182075757,fault_test,0.01639344262295082,True
1kW,1kW_turn_current_2p7pct,interturn,2.7,False,107,6455966.6229438,fault_test,0.01639344262295082,True
1kW,1kW_turn_current_2p7pct,interturn,2.7,False,108,4228193.837886968,fault_test,0.01639344262295082,True
1kW,1kW_turn_current_2p7pct,interturn,2.7,False,109,4480641.398831687,fault_test,0.01639344262295082,True
1kW,1kW_turn_current_2p7pct,interturn,2.7,False,110,7773059.130776608,fault_test,0.01639344262295082,True
1kW,1kW_turn_current_2p7pct,interturn,2.7,False,111,3976582.0001411927,fault_test,0.01639344262295082,True
1kW,1kW_turn_current_2p7pct,interturn,2.7,False,112,5331816.227452842,fault_test,0.01639344262295082,True
1kW,1kW_turn_current_2p7pct,interturn,2.7,False,113,5365823.599244277,fault_test,0.01639344262295082,True
1kW,1kW_turn_current_2p7pct,interturn,2.7,False,114,4221553.837958525,fault_test,0.01639344262295082,True
1kW,1kW_turn_current_2p7pct,interturn,2.7,False,115,5760703.87265424,fault_test,0.01639344262295082,True
1kW,1kW_turn_current_2p7pct,interturn,2.7,False,116,6856605.875003731,fault_test,0.01639344262295082,True
1kW,1kW_turn_current_2p7pct,interturn,2.7,False,117,4876383.187607774,fault_test,0.01639344262295082,True
1kW,1kW_turn_current_2p7pct,interturn,2.7,False,118,6196720.723295307,fault_test,0.01639344262295082,True
1kW,1kW_turn_current_2p7pct,interturn,2.7,False,119,6134761.985693244,fault_test,0.01639344262295082,True
1kW,1kW_turn_current_3p35pct,interturn,3.35,False,0,7707.240827908121,fault_test,0.01639344262295082,True
1kW,1kW_turn_current_3p35pct,interturn,3.35,False,1,6405.197520562737,fault_test,0.01639344262295082,True
1kW,1kW_turn_current_3p35pct,interturn,3.35,False,2,9409.27749126991,fault_test,0.01639344262295082,True
1kW,1kW_turn_current_3p35pct,interturn,3.35,False,3,6832.898887175934,fault_test,0.01639344262295082,True
1kW,1kW_turn_current_3p35pct,interturn,3.35,False,4,6986.882246951259,fault_test,0.01639344262295082,True
1kW,1kW_turn_current_3p35pct,interturn,3.35,False,5,6249.18226342782,fault_test,0.01639344262295082,True
1kW,1kW_turn_current_3p35pct,interturn,3.35,False,6,6004.890447097342,fault_test,0.01639344262295082,True
1kW,1kW_turn_current_3p35pct,interturn,3.35,False,7,6541.640985721238,fault_test,0.01639344262295082,True
1kW,1kW_turn_current_3p35pct,interturn,3.35,False,8,5727.383879234019,fault_test,0.01639344262295082,True
1kW,1kW_turn_current_3p35pct,interturn,3.35,False,9,6051.604327136001,fault_test,0.01639344262295082,True
1kW,1kW_turn_current_3p35pct,interturn,3.35,False,10,5873.737761376442,fault_test,0.01639344262295082,True
1kW,1kW_turn_current_3p35pct,interturn,3.35,False,11,5544.144677369052,fault_test,0.01639344262295082,True
1kW,1kW_turn_current_3p35pct,interturn,3.35,False,12,5828.732643420636,fault_test,0.01639344262295082,True
1kW,1kW_turn_current_3p35pct,interturn,3.35,False,13,7141.49679795222,fault_test,0.01639344262295082,True
1kW,1kW_turn_current_3p35pct,interturn,3.35,False,14,6268.827490213385,fault_test,0.01639344262295082,True
1kW,1kW_turn_current_3p35pct,interturn,3.35,False,15,5462.49403000688,fault_test,0.01639344262295082,True
1kW,1kW_turn_current_3p35pct,interturn,3.35,False,16,7549.768799963708,fault_test,0.01639344262295082,True
1kW,1kW_turn_current_3p35pct,interturn,3.35,False,17,5761.716446275272,fault_test,0.01639344262295082,True
1kW,1kW_turn_current_3p35pct,interturn,3.35,False,18,6026.300224274442,fault_test,0.01639344262295082,True
1kW,1kW_turn_current_3p35pct,interturn,3.35,False,19,6185.782805563197,fault_test,0.01639344262295082,True
1kW,1kW_turn_current_3p35pct,interturn,3.35,False,20,5299.907732880318,fault_test,0.01639344262295082,True
1kW,1kW_turn_current_3p35pct,interturn,3.35,False,21,6554.488021432688,fault_test,0.01639344262295082,True
1kW,1kW_turn_current_3p35pct,interturn,3.35,False,22,6674.97799884854,fault_test,0.01639344262295082,True
1kW,1kW_turn_current_3p35pct,interturn,3.35,False,23,5513.140813657958,fault_test,0.01639344262295082,True
1kW,1kW_turn_current_3p35pct,interturn,3.35,False,24,7231.034638032,fault_test,0.01639344262295082,True
1kW,1kW_turn_current_3p35pct,interturn,3.35,False,25,5565.005284964861,fault_test,0.01639344262295082,True
1kW,1kW_turn_current_3p35pct,interturn,3.35,False,26,5064.7138513000555,fault_test,0.01639344262295082,True
1kW,1kW_turn_current_3p35pct,interturn,3.35,False,27,5545.109818696504,fault_test,0.01639344262295082,True
1kW,1kW_turn_current_3p35pct,interturn,3.35,False,28,4810.986239377066,fault_test,0.01639344262295082,True
1kW,1kW_turn_current_3p35pct,interturn,3.35,False,29,4628.25951193091,fault_test,0.01639344262295082,True
1kW,1kW_turn_current_3p35pct,interturn,3.35,False,30,6879.8447903414635,fault_test,0.01639344262295082,True
1kW,1kW_turn_current_3p35pct,interturn,3.35,False,31,6273.840627422699,fault_test,0.01639344262295082,True
1kW,1kW_turn_current_3p35pct,interturn,3.35,False,32,5751.736854652272,fault_test,0.01639344262295082,True
1kW,1kW_turn_current_3p35pct,interturn,3.35,False,33,5876.32306223494,fault_test,0.01639344262295082,True
1kW,1kW_turn_current_3p35pct,interturn,3.35,False,34,5170.060551824264,fault_test,0.01639344262295082,True
1kW,1kW_turn_current_3p35pct,interturn,3.35,False,35,5138.027164849925,fault_test,0.01639344262295082,True
1kW,1kW_turn_current_3p35pct,interturn,3.35,False,36,5750.288644378974,fault_test,0.01639344262295082,True
1kW,1kW_turn_current_3p35pct,interturn,3.35,False,37,5574.2684200788235,fault_test,0.01639344262295082,True
1kW,1kW_turn_current_3p35pct,interturn,3.35,False,38,5302.990534596429,fault_test,0.01639344262295082,True
1kW,1kW_turn_current_3p35pct,interturn,3.35,False,39,6082.491297670727,fault_test,0.01639344262295082,True
1kW,1kW_turn_current_3p35pct,interturn,3.35,False,40,5345.769085449642,fault_test,0.01639344262295082,True
1kW,1kW_turn_current_3p35pct,interturn,3.35,False,41,5412.851040253893,fault_test,0.01639344262295082,True
1kW,1kW_turn_current_3p35pct,interturn,3.35,False,42,5232.903215977199,fault_test,0.01639344262295082,True
1kW,1kW_turn_current_3p35pct,interturn,3.35,False,43,5129.406630619924,fault_test,0.01639344262295082,True
1kW,1kW_turn_current_3p35pct,interturn,3.35,False,44,5376.896669589672,fault_test,0.01639344262295082,True
1kW,1kW_turn_current_3p35pct,interturn,3.35,False,45,5418.775986825664,fault_test,0.01639344262295082,True
1kW,1kW_turn_current_3p35pct,interturn,3.35,False,46,5599.891001532337,fault_test,0.01639344262295082,True
1kW,1kW_turn_current_3p35pct,interturn,3.35,False,47,6290.997548072128,fault_test,0.01639344262295082,True
1kW,1kW_turn_current_3p35pct,interturn,3.35,False,48,12018.777759650447,fault_test,0.01639344262295082,True
1kW,1kW_turn_current_3p35pct,interturn,3.35,False,49,9679.024881122947,fault_test,0.01639344262295082,True
1kW,1kW_turn_current_3p35pct,interturn,3.35,False,50,9768.304171908947,fault_test,0.01639344262295082,True
1kW,1kW_turn_current_3p35pct,interturn,3.35,False,51,9272.913979689796,fault_test,0.01639344262295082,True
1kW,1kW_turn_current_3p35pct,interturn,3.35,False,52,8520.177960612973,fault_test,0.01639344262295082,True
1kW,1kW_turn_current_3p35pct,interturn,3.35,False,53,9063.747819127453,fault_test,0.01639344262295082,True
1kW,1kW_turn_current_3p35pct,interturn,3.35,False,54,9150.118039284747,fault_test,0.01639344262295082,True
1kW,1kW_turn_current_3p35pct,interturn,3.35,False,55,9029.104065888987,fault_test,0.01639344262295082,True
1kW,1kW_turn_current_3p35pct,interturn,3.35,False,56,9486.82664668822,fault_test,0.01639344262295082,True
1kW,1kW_turn_current_3p35pct,interturn,3.35,False,57,8690.301950134311,fault_test,0.01639344262295082,True
1kW,1kW_turn_current_3p35pct,interturn,3.35,False,58,9526.555764206285,fault_test,0.01639344262295082,True
1kW,1kW_turn_current_3p35pct,interturn,3.35,False,59,8468.514294012724,fault_test,0.01639344262295082,True
1kW,1kW_turn_current_3p35pct,interturn,3.35,False,60,8576.377188308485,fault_test,0.01639344262295082,True
1kW,1kW_turn_current_3p35pct,interturn,3.35,False,61,9278.217471897093,fault_test,0.01639344262295082,True
1kW,1kW_turn_current_3p35pct,interturn,3.35,False,62,9512.661660649082,fault_test,0.01639344262295082,True
1kW,1kW_turn_current_3p35pct,interturn,3.35,False,63,9333.17937403699,fault_test,0.01639344262295082,True
1kW,1kW_turn_current_3p35pct,interturn,3.35,False,64,9281.414744458945,fault_test,0.01639344262295082,True
1kW,1kW_turn_current_3p35pct,interturn,3.35,False,65,9747.529662098399,fault_test,0.01639344262295082,True
1kW,1kW_turn_current_3p35pct,interturn,3.35,False,66,9178.021997989641,fault_test,0.01639344262295082,True
1kW,1kW_turn_current_3p35pct,interturn,3.35,False,67,9976.085398117852,fault_test,0.01639344262295082,True
1kW,1kW_turn_current_3p35pct,interturn,3.35,False,68,8905.302651600798,fault_test,0.01639344262295082,True
1kW,1kW_turn_current_3p35pct,interturn,3.35,False,69,8933.094369855295,fault_test,0.01639344262295082,True
1kW,1kW_turn_current_3p35pct,interturn,3.35,False,70,9371.37733078187,fault_test,0.01639344262295082,True
1kW,1kW_turn_current_3p35pct,interturn,3.35,False,71,9968.126342370202,fault_test,0.01639344262295082,True
1kW,1kW_turn_current_3p35pct,interturn,3.35,False,72,9463.317887247997,fault_test,0.01639344262295082,True
1kW,1kW_turn_current_3p35pct,interturn,3.35,False,73,9947.860851389125,fault_test,0.01639344262295082,True
1kW,1kW_turn_current_3p35pct,interturn,3.35,False,74,9437.576710595324,fault_test,0.01639344262295082,True
1kW,1kW_turn_current_3p35pct,interturn,3.35,False,75,8752.562261173789,fault_test,0.01639344262295082,True
1kW,1kW_turn_current_3p35pct,interturn,3.35,False,76,9570.32075828175,fault_test,0.01639344262295082,True
1kW,1kW_turn_current_3p35pct,interturn,3.35,False,77,9018.981241034788,fault_test,0.01639344262295082,True
1kW,1kW_turn_current_3p35pct,interturn,3.35,False,78,9907.820927018634,fault_test,0.01639344262295082,True
1kW,1kW_turn_current_3p35pct,interturn,3.35,False,79,9959.083905924408,fault_test,0.01639344262295082,True
1kW,1kW_turn_current_3p35pct,interturn,3.35,False,80,8947.188672311522,fault_test,0.01639344262295082,True
1kW,1kW_turn_current_3p35pct,interturn,3.35,False,81,9912.384784562835,fault_test,0.01639344262295082,True
1kW,1kW_turn_current_3p35pct,interturn,3.35,False,82,9774.01934378181,fault_test,0.01639344262295082,True
1kW,1kW_turn_current_3p35pct,interturn,3.35,False,83,9657.635296597893,fault_test,0.01639344262295082,True
1kW,1kW_turn_current_3p35pct,interturn,3.35,False,84,9583.887022117817,fault_test,0.01639344262295082,True
1kW,1kW_turn_current_3p35pct,interturn,3.35,False,85,9501.246152728407,fault_test,0.01639344262295082,True
1kW,1kW_turn_current_3p35pct,interturn,3.35,False,86,9048.330438780229,fault_test,0.01639344262295082,True
1kW,1kW_turn_current_3p35pct,interturn,3.35,False,87,9432.15521162964,fault_test,0.01639344262295082,True
1kW,1kW_turn_current_3p35pct,interturn,3.35,False,88,9753.136970844287,fault_test,0.01639344262295082,True
1kW,1kW_turn_current_3p35pct,interturn,3.35,False,89,9340.772764032867,fault_test,0.01639344262295082,True
1kW,1kW_turn_current_3p35pct,interturn,3.35,False,90,10067.289420721307,fault_test,0.01639344262295082,True
1kW,1kW_turn_current_3p35pct,interturn,3.35,False,91,9745.699596905471,fault_test,0.01639344262295082,True
1kW,1kW_turn_current_3p35pct,interturn,3.35,False,92,9531.316351650972,fault_test,0.01639344262295082,True
1kW,1kW_turn_current_3p35pct,interturn,3.35,False,93,9349.54428842484,fault_test,0.01639344262295082,True
1kW,1kW_turn_current_3p35pct,interturn,3.35,False,94,9443.068145334999,fault_test,0.01639344262295082,True
1kW,1kW_turn_current_3p35pct,interturn,3.35,False,95,9038.066407141732,fault_test,0.01639344262295082,True
1kW,1kW_turn_current_3p35pct,interturn,3.35,False,96,10128.048276831378,fault_test,0.01639344262295082,True
1kW,1kW_turn_current_3p35pct,interturn,3.35,False,97,9460.678250759029,fault_test,0.01639344262295082,True
1kW,1kW_turn_current_3p35pct,interturn,3.35,False,98,8947.417388686375,fault_test,0.01639344262295082,True
1kW,1kW_turn_current_3p35pct,interturn,3.35,False,99,10255.51589229717,fault_test,0.01639344262295082,True
1kW,1kW_turn_current_3p35pct,interturn,3.35,False,100,9724.878135102052,fault_test,0.01639344262295082,True
1kW,1kW_turn_current_3p35pct,interturn,3.35,False,101,8868.752425840134,fault_test,0.01639344262295082,True
1kW,1kW_turn_current_3p35pct,interturn,3.35,False,102,9317.381084046603,fault_test,0.01639344262295082,True
1kW,1kW_turn_current_3p35pct,interturn,3.35,False,103,9679.015913757492,fault_test,0.01639344262295082,True
1kW,1kW_turn_current_3p35pct,interturn,3.35,False,104,8631.930176807935,fault_test,0.01639344262295082,True
1kW,1kW_turn_current_3p35pct,interturn,3.35,False,105,9477.786525837695,fault_test,0.01639344262295082,True
1kW,1kW_turn_current_3p35pct,interturn,3.35,False,106,9756.740092063443,fault_test,0.01639344262295082,True
1kW,1kW_turn_current_3p35pct,interturn,3.35,False,107,9786.935948589493,fault_test,0.01639344262295082,True
1kW,1kW_turn_current_3p35pct,interturn,3.35,False,108,9856.181077074512,fault_test,0.01639344262295082,True
1kW,1kW_turn_current_3p35pct,interturn,3.35,False,109,9571.390575088331,fault_test,0.01639344262295082,True
1kW,1kW_turn_current_3p35pct,interturn,3.35,False,110,9419.19830159174,fault_test,0.01639344262295082,True
1kW,1kW_turn_current_3p35pct,interturn,3.35,False,111,10145.610300006114,fault_test,0.01639344262295082,True
1kW,1kW_turn_current_3p35pct,interturn,3.35,False,112,9235.52455891744,fault_test,0.01639344262295082,True
1kW,1kW_turn_current_3p35pct,interturn,3.35,False,113,10379.452063490173,fault_test,0.01639344262295082,True
1kW,1kW_turn_current_3p35pct,interturn,3.35,False,114,9659.200360506036,fault_test,0.01639344262295082,True
1kW,1kW_turn_current_3p35pct,interturn,3.35,False,115,9401.547147748768,fault_test,0.01639344262295082,True
1kW,1kW_turn_current_3p35pct,interturn,3.35,False,116,10050.71314510574,fault_test,0.01639344262295082,True
1kW,1kW_turn_current_3p35pct,interturn,3.35,False,117,10222.127367153784,fault_test,0.01639344262295082,True
1kW,1kW_turn_current_3p35pct,interturn,3.35,False,118,9810.139501191588,fault_test,0.01639344262295082,True
1kW,1kW_turn_current_3p35pct,interturn,3.35,False,119,9360.550315085478,fault_test,0.01639344262295082,True
1kW,1kW_turn_current_4p41pct,interturn,4.41,False,0,3722392.619830803,fault_test,0.01639344262295082,True
1kW,1kW_turn_current_4p41pct,interturn,4.41,False,1,3685932.2646396942,fault_test,0.01639344262295082,True
1kW,1kW_turn_current_4p41pct,interturn,4.41,False,2,4090047.4867608435,fault_test,0.01639344262295082,True
1kW,1kW_turn_current_4p41pct,interturn,4.41,False,3,5167899.812899995,fault_test,0.01639344262295082,True
1kW,1kW_turn_current_4p41pct,interturn,4.41,False,4,3633042.581965291,fault_test,0.01639344262295082,True
1kW,1kW_turn_current_4p41pct,interturn,4.41,False,5,4632061.295594032,fault_test,0.01639344262295082,True
1kW,1kW_turn_current_4p41pct,interturn,4.41,False,6,4035456.730903484,fault_test,0.01639344262295082,True
1kW,1kW_turn_current_4p41pct,interturn,4.41,False,7,4801373.613249543,fault_test,0.01639344262295082,True
1kW,1kW_turn_current_4p41pct,interturn,4.41,False,8,4377116.20402007,fault_test,0.01639344262295082,True
1kW,1kW_turn_current_4p41pct,interturn,4.41,False,9,3447496.7707069363,fault_test,0.01639344262295082,True
1kW,1kW_turn_current_4p41pct,interturn,4.41,False,10,4757552.700527208,fault_test,0.01639344262295082,True
1kW,1kW_turn_current_4p41pct,interturn,4.41,False,11,3838355.11577894,fault_test,0.01639344262295082,True
1kW,1kW_turn_current_4p41pct,interturn,4.41,False,12,4921853.706527485,fault_test,0.01639344262295082,True
1kW,1kW_turn_current_4p41pct,interturn,4.41,False,13,4436470.64510083,fault_test,0.01639344262295082,True
1kW,1kW_turn_current_4p41pct,interturn,4.41,False,14,4685579.365751633,fault_test,0.01639344262295082,True
1kW,1kW_turn_current_4p41pct,interturn,4.41,False,15,4021338.227822101,fault_test,0.01639344262295082,True
1kW,1kW_turn_current_4p41pct,interturn,4.41,False,16,3618663.6801417577,fault_test,0.01639344262295082,True
1kW,1kW_turn_current_4p41pct,interturn,4.41,False,17,4733191.687654839,fault_test,0.01639344262295082,True
1kW,1kW_turn_current_4p41pct,interturn,4.41,False,18,4381224.115433308,fault_test,0.01639344262295082,True
1kW,1kW_turn_current_4p41pct,interturn,4.41,False,19,3456764.5108028003,fault_test,0.01639344262295082,True
1kW,1kW_turn_current_4p41pct,interturn,4.41,False,20,5278908.099888615,fault_test,0.01639344262295082,True
1kW,1kW_turn_current_4p41pct,interturn,4.41,False,21,4167925.4370358284,fault_test,0.01639344262295082,True
1kW,1kW_turn_current_4p41pct,interturn,4.41,False,22,5028926.232192688,fault_test,0.01639344262295082,True
1kW,1kW_turn_current_4p41pct,interturn,4.41,False,23,3945023.7900099903,fault_test,0.01639344262295082,True
1kW,1kW_turn_current_4p41pct,interturn,4.41,False,24,4315822.906106069,fault_test,0.01639344262295082,True
1kW,1kW_turn_current_4p41pct,interturn,4.41,False,25,3904482.020822681,fault_test,0.01639344262295082,True
1kW,1kW_turn_current_4p41pct,interturn,4.41,False,26,4255530.121811971,fault_test,0.01639344262295082,True
1kW,1kW_turn_current_4p41pct,interturn,4.41,False,27,4707324.111382197,fault_test,0.01639344262295082,True
1kW,1kW_turn_current_4p41pct,interturn,4.41,False,28,4044394.9027176425,fault_test,0.01639344262295082,True
1kW,1kW_turn_current_4p41pct,interturn,4.41,False,29,4272254.192785745,fault_test,0.01639344262295082,True
1kW,1kW_turn_current_4p41pct,interturn,4.41,False,30,4008650.7306819605,fault_test,0.01639344262295082,True
1kW,1kW_turn_current_4p41pct,interturn,4.41,False,31,4897351.496167292,fault_test,0.01639344262295082,True
1kW,1kW_turn_current_4p41pct,interturn,4.41,False,32,3941847.9784701536,fault_test,0.01639344262295082,True
1kW,1kW_turn_current_4p41pct,interturn,4.41,False,33,4235160.75294285,fault_test,0.01639344262295082,True
1kW,1kW_turn_current_4p41pct,interturn,4.41,False,34,5052169.779517499,fault_test,0.01639344262295082,True
1kW,1kW_turn_current_4p41pct,interturn,4.41,False,35,4108839.2204974894,fault_test,0.01639344262295082,True
1kW,1kW_turn_current_4p41pct,interturn,4.41,False,36,5018461.51521001,fault_test,0.01639344262295082,True
1kW,1kW_turn_current_4p41pct,interturn,4.41,False,37,3632096.1678764713,fault_test,0.01639344262295082,True
1kW,1kW_turn_current_4p41pct,interturn,4.41,False,38,5871881.936602102,fault_test,0.01639344262295082,True
1kW,1kW_turn_current_4p41pct,interturn,4.41,False,39,5215103.299244526,fault_test,0.01639344262295082,True
1kW,1kW_turn_current_4p41pct,interturn,4.41,False,40,4580261.839518167,fault_test,0.01639344262295082,True
1kW,1kW_turn_current_4p41pct,interturn,4.41,False,41,4318522.273473629,fault_test,0.01639344262295082,True
1kW,1kW_turn_current_4p41pct,interturn,4.41,False,42,3551841.556946658,fault_test,0.01639344262295082,True
1kW,1kW_turn_current_4p41pct,interturn,4.41,False,43,4194723.615839432,fault_test,0.01639344262295082,True
1kW,1kW_turn_current_4p41pct,interturn,4.41,False,44,4897506.519182532,fault_test,0.01639344262295082,True
1kW,1kW_turn_current_4p41pct,interturn,4.41,False,45,3942608.3345821146,fault_test,0.01639344262295082,True
1kW,1kW_turn_current_4p41pct,interturn,4.41,False,46,4700024.296212936,fault_test,0.01639344262295082,True
1kW,1kW_turn_current_4p41pct,interturn,4.41,False,47,4310236.399248159,fault_test,0.01639344262295082,True
1kW,1kW_turn_current_4p41pct,interturn,4.41,False,48,5300806.199329557,fault_test,0.01639344262295082,True
1kW,1kW_turn_current_4p41pct,interturn,4.41,False,49,4345998.872002207,fault_test,0.01639344262295082,True
1kW,1kW_turn_current_4p41pct,interturn,4.41,False,50,4824653.611679321,fault_test,0.01639344262295082,True
1kW,1kW_turn_current_4p41pct,interturn,4.41,False,51,6364859.512630526,fault_test,0.01639344262295082,True
1kW,1kW_turn_current_4p41pct,interturn,4.41,False,52,5379002.950704597,fault_test,0.01639344262295082,True
1kW,1kW_turn_current_4p41pct,interturn,4.41,False,53,4159802.1466747834,fault_test,0.01639344262295082,True
1kW,1kW_turn_current_4p41pct,interturn,4.41,False,54,3982668.978309752,fault_test,0.01639344262295082,True
1kW,1kW_turn_current_4p41pct,interturn,4.41,False,55,6081961.492431762,fault_test,0.01639344262295082,True
1kW,1kW_turn_current_4p41pct,interturn,4.41,False,56,4120746.8262034813,fault_test,0.01639344262295082,True
1kW,1kW_turn_current_4p41pct,interturn,4.41,False,57,3858248.9463199535,fault_test,0.01639344262295082,True
1kW,1kW_turn_current_4p41pct,interturn,4.41,False,58,5056087.1612396855,fault_test,0.01639344262295082,True
1kW,1kW_turn_current_4p41pct,interturn,4.41,False,59,4140008.588975395,fault_test,0.01639344262295082,True
1kW,1kW_turn_current_4p41pct,interturn,4.41,False,60,3980119.6621332574,fault_test,0.01639344262295082,True
1kW,1kW_turn_current_4p41pct,interturn,4.41,False,61,4316183.227685401,fault_test,0.01639344262295082,True
1kW,1kW_turn_current_4p41pct,interturn,4.41,False,62,4153270.2293927176,fault_test,0.01639344262295082,True
1kW,1kW_turn_current_4p41pct,interturn,4.41,False,63,3308442.65770863,fault_test,0.01639344262295082,True
1kW,1kW_turn_current_4p41pct,interturn,4.41,False,64,4710423.791863345,fault_test,0.01639344262295082,True
1kW,1kW_turn_current_4p41pct,interturn,4.41,False,65,5162448.143262358,fault_test,0.01639344262295082,True
1kW,1kW_turn_current_4p41pct,interturn,4.41,False,66,4389118.315357429,fault_test,0.01639344262295082,True
1kW,1kW_turn_current_4p41pct,interturn,4.41,False,67,4472526.1877383515,fault_test,0.01639344262295082,True
1kW,1kW_turn_current_4p41pct,interturn,4.41,False,68,3627038.0028612963,fault_test,0.01639344262295082,True
1kW,1kW_turn_current_4p41pct,interturn,4.41,False,69,4070250.865631547,fault_test,0.01639344262295082,True
1kW,1kW_turn_current_4p41pct,interturn,4.41,False,70,3330480.8413264384,fault_test,0.01639344262295082,True
1kW,1kW_turn_current_4p41pct,interturn,4.41,False,71,4201207.753310744,fault_test,0.01639344262295082,True
1kW,1kW_turn_current_4p41pct,interturn,4.41,False,72,4719112.428086954,fault_test,0.01639344262295082,True
1kW,1kW_turn_current_4p41pct,interturn,4.41,False,73,3639174.3524592957,fault_test,0.01639344262295082,True
1kW,1kW_turn_current_4p41pct,interturn,4.41,False,74,4171292.741373296,fault_test,0.01639344262295082,True
1kW,1kW_turn_current_4p41pct,interturn,4.41,False,75,4170862.7405309402,fault_test,0.01639344262295082,True
1kW,1kW_turn_current_4p41pct,interturn,4.41,False,76,4264623.375432054,fault_test,0.01639344262295082,True
1kW,1kW_turn_current_4p41pct,interturn,4.41,False,77,4371216.1363350535,fault_test,0.01639344262295082,True
1kW,1kW_turn_current_4p41pct,interturn,4.41,False,78,3736049.6164725125,fault_test,0.01639344262295082,True
1kW,1kW_turn_current_4p41pct,interturn,4.41,False,79,5252850.540653261,fault_test,0.01639344262295082,True
1kW,1kW_turn_current_4p41pct,interturn,4.41,False,80,4266234.4123301525,fault_test,0.01639344262295082,True
1kW,1kW_turn_current_4p41pct,interturn,4.41,False,81,4076977.2574431873,fault_test,0.01639344262295082,True
1kW,1kW_turn_current_4p41pct,interturn,4.41,False,82,4433958.111068819,fault_test,0.01639344262295082,True
1kW,1kW_turn_current_4p41pct,interturn,4.41,False,83,3889986.378268791,fault_test,0.01639344262295082,True
1kW,1kW_turn_current_4p41pct,interturn,4.41,False,84,4994502.637030706,fault_test,0.01639344262295082,True
1kW,1kW_turn_current_4p41pct,interturn,4.41,False,85,4381935.447744219,fault_test,0.01639344262295082,True
1kW,1kW_turn_current_4p41pct,interturn,4.41,False,86,4323008.3074257765,fault_test,0.01639344262295082,True
1kW,1kW_turn_current_4p41pct,interturn,4.41,False,87,4005178.9333525514,fault_test,0.01639344262295082,True
1kW,1kW_turn_current_4p41pct,interturn,4.41,False,88,4045880.314174088,fault_test,0.01639344262295082,True
1kW,1kW_turn_current_4p41pct,interturn,4.41,False,89,5023538.182079679,fault_test,0.01639344262295082,True
1kW,1kW_turn_current_4p41pct,interturn,4.41,False,90,4786178.337090898,fault_test,0.01639344262295082,True
1kW,1kW_turn_current_4p41pct,interturn,4.41,False,91,4067335.924298422,fault_test,0.01639344262295082,True
1kW,1kW_turn_current_4p41pct,interturn,4.41,False,92,4607702.802851054,fault_test,0.01639344262295082,True
1kW,1kW_turn_current_4p41pct,interturn,4.41,False,93,5108921.6951324195,fault_test,0.01639344262295082,True
1kW,1kW_turn_current_4p41pct,interturn,4.41,False,94,3897779.9546809206,fault_test,0.01639344262295082,True
1kW,1kW_turn_current_4p41pct,interturn,4.41,False,95,4485655.642325954,fault_test,0.01639344262295082,True
1kW,1kW_turn_current_4p41pct,interturn,4.41,False,96,4853238.715705991,fault_test,0.01639344262295082,True
1kW,1kW_turn_current_4p41pct,interturn,4.41,False,97,4268635.154660073,fault_test,0.01639344262295082,True
1kW,1kW_turn_current_4p41pct,interturn,4.41,False,98,5266554.65509373,fault_test,0.01639344262295082,True
1kW,1kW_turn_current_4p41pct,interturn,4.41,False,99,3805570.049567109,fault_test,0.01639344262295082,True
1kW,1kW_turn_current_4p41pct,interturn,4.41,False,100,4238580.355269019,fault_test,0.01639344262295082,True
1kW,1kW_turn_current_4p41pct,interturn,4.41,False,101,5173931.782869628,fault_test,0.01639344262295082,True
1kW,1kW_turn_current_4p41pct,interturn,4.41,False,102,4661406.909707357,fault_test,0.01639344262295082,True
1kW,1kW_turn_current_4p41pct,interturn,4.41,False,103,5101517.690468326,fault_test,0.01639344262295082,True
1kW,1kW_turn_current_4p41pct,interturn,4.41,False,104,4283043.984341912,fault_test,0.01639344262295082,True
1kW,1kW_turn_current_4p41pct,interturn,4.41,False,105,4730549.682336871,fault_test,0.01639344262295082,True
1kW,1kW_turn_current_4p41pct,interturn,4.41,False,106,4037362.3693380654,fault_test,0.01639344262295082,True
1kW,1kW_turn_current_4p41pct,interturn,4.41,False,107,4181000.8135242485,fault_test,0.01639344262295082,True
1kW,1kW_turn_current_4p41pct,interturn,4.41,False,108,3603195.368889855,fault_test,0.01639344262295082,True
1kW,1kW_turn_current_4p41pct,interturn,4.41,False,109,4042452.137930886,fault_test,0.01639344262295082,True
1kW,1kW_turn_current_4p41pct,interturn,4.41,False,110,5111655.702055155,fault_test,0.01639344262295082,True
1kW,1kW_turn_current_4p41pct,interturn,4.41,False,111,3497766.213356783,fault_test,0.01639344262295082,True
1kW,1kW_turn_current_4p41pct,interturn,4.41,False,112,4628048.456446632,fault_test,0.01639344262295082,True
1kW,1kW_turn_current_4p41pct,interturn,4.41,False,113,3849788.052914395,fault_test,0.01639344262295082,True
1kW,1kW_turn_current_4p41pct,interturn,4.41,False,114,4188456.9145060107,fault_test,0.01639344262295082,True
1kW,1kW_turn_current_4p41pct,interturn,4.41,False,115,4612536.490169629,fault_test,0.01639344262295082,True
1kW,1kW_turn_current_4p41pct,interturn,4.41,False,116,4284168.847923259,fault_test,0.01639344262295082,True
1kW,1kW_turn_current_4p41pct,interturn,4.41,False,117,4971990.307839146,fault_test,0.01639344262295082,True
1kW,1kW_turn_current_4p41pct,interturn,4.41,False,118,3440899.4345753454,fault_test,0.01639344262295082,True
1kW,1kW_turn_current_4p41pct,interturn,4.41,False,119,4064032.985570469,fault_test,0.01639344262295082,True
1kW,1kW_turn_current_6p48pct,interturn,6.48,False,0,4400.301034060913,fault_test,0.01639344262295082,True
1kW,1kW_turn_current_6p48pct,interturn,6.48,False,1,3876.9261342665,fault_test,0.01639344262295082,True
1kW,1kW_turn_current_6p48pct,interturn,6.48,False,2,4651.477830410842,fault_test,0.01639344262295082,True
1kW,1kW_turn_current_6p48pct,interturn,6.48,False,3,3816.595111290107,fault_test,0.01639344262295082,True
1kW,1kW_turn_current_6p48pct,interturn,6.48,False,4,4666.255309306112,fault_test,0.01639344262295082,True
1kW,1kW_turn_current_6p48pct,interturn,6.48,False,5,6561.346445261772,fault_test,0.01639344262295082,True
1kW,1kW_turn_current_6p48pct,interturn,6.48,False,6,4630.310862846792,fault_test,0.01639344262295082,True
1kW,1kW_turn_current_6p48pct,interturn,6.48,False,7,6099.9110644559105,fault_test,0.01639344262295082,True
1kW,1kW_turn_current_6p48pct,interturn,6.48,False,8,3679.817657118662,fault_test,0.01639344262295082,True
1kW,1kW_turn_current_6p48pct,interturn,6.48,False,9,4141.605340704073,fault_test,0.01639344262295082,True
1kW,1kW_turn_current_6p48pct,interturn,6.48,False,10,4416.107341012763,fault_test,0.01639344262295082,True
1kW,1kW_turn_current_6p48pct,interturn,6.48,False,11,3876.172411951278,fault_test,0.01639344262295082,True
1kW,1kW_turn_current_6p48pct,interturn,6.48,False,12,8653.327587239213,fault_test,0.01639344262295082,True
1kW,1kW_turn_current_6p48pct,interturn,6.48,False,13,4100.345178908274,fault_test,0.01639344262295082,True
1kW,1kW_turn_current_6p48pct,interturn,6.48,False,14,4720.651368716168,fault_test,0.01639344262295082,True
1kW,1kW_turn_current_6p48pct,interturn,6.48,False,15,3379.8723643802236,fault_test,0.01639344262295082,True
1kW,1kW_turn_current_6p48pct,interturn,6.48,False,16,4665.348533511227,fault_test,0.01639344262295082,True
1kW,1kW_turn_current_6p48pct,interturn,6.48,False,17,3970.1947443883273,fault_test,0.01639344262295082,True
1kW,1kW_turn_current_6p48pct,interturn,6.48,False,18,3431.5056516634336,fault_test,0.01639344262295082,True
1kW,1kW_turn_current_6p48pct,interturn,6.48,False,19,4055.801756872384,fault_test,0.01639344262295082,True
1kW,1kW_turn_current_6p48pct,interturn,6.48,False,20,3671.0452755874667,fault_test,0.01639344262295082,True
1kW,1kW_turn_current_6p48pct,interturn,6.48,False,21,4411.32808048138,fault_test,0.01639344262295082,True
1kW,1kW_turn_current_6p48pct,interturn,6.48,False,22,4709.637191753365,fault_test,0.01639344262295082,True
1kW,1kW_turn_current_6p48pct,interturn,6.48,False,23,4567.353831200499,fault_test,0.01639344262295082,True
1kW,1kW_turn_current_6p48pct,interturn,6.48,False,24,4128.8521748125295,fault_test,0.01639344262295082,True
1kW,1kW_turn_current_6p48pct,interturn,6.48,False,25,3674.256630439741,fault_test,0.01639344262295082,True
1kW,1kW_turn_current_6p48pct,interturn,6.48,False,26,3606.3339523646305,fault_test,0.01639344262295082,True
1kW,1kW_turn_current_6p48pct,interturn,6.48,False,27,4602.2039066040015,fault_test,0.01639344262295082,True
1kW,1kW_turn_current_6p48pct,interturn,6.48,False,28,4240.437946933502,fault_test,0.01639344262295082,True
1kW,1kW_turn_current_6p48pct,interturn,6.48,False,29,4208.660080849059,fault_test,0.01639344262295082,True
1kW,1kW_turn_current_6p48pct,interturn,6.48,False,30,3821.9015056715516,fault_test,0.01639344262295082,True
1kW,1kW_turn_current_6p48pct,interturn,6.48,False,31,4748.112126119262,fault_test,0.01639344262295082,True
1kW,1kW_turn_current_6p48pct,interturn,6.48,False,32,4025.4788265940206,fault_test,0.01639344262295082,True
1kW,1kW_turn_current_6p48pct,interturn,6.48,False,33,4192.529336375509,fault_test,0.01639344262295082,True
1kW,1kW_turn_current_6p48pct,interturn,6.48,False,34,5043.690055981152,fault_test,0.01639344262295082,True
1kW,1kW_turn_current_6p48pct,interturn,6.48,False,35,4535.40964120161,fault_test,0.01639344262295082,True
1kW,1kW_turn_current_6p48pct,interturn,6.48,False,36,4541.56190537206,fault_test,0.01639344262295082,True
1kW,1kW_turn_current_6p48pct,interturn,6.48,False,37,4809.647522574455,fault_test,0.01639344262295082,True
1kW,1kW_turn_current_6p48pct,interturn,6.48,False,38,5004.280164566365,fault_test,0.01639344262295082,True
1kW,1kW_turn_current_6p48pct,interturn,6.48,False,39,4246.881486129934,fault_test,0.01639344262295082,True
1kW,1kW_turn_current_6p48pct,interturn,6.48,False,40,4998.557018663855,fault_test,0.01639344262295082,True
1kW,1kW_turn_current_6p48pct,interturn,6.48,False,41,4636.7906673068055,fault_test,0.01639344262295082,True
1kW,1kW_turn_current_6p48pct,interturn,6.48,False,42,4066.2963027815963,fault_test,0.01639344262295082,True
1kW,1kW_turn_current_6p48pct,interturn,6.48,False,43,4906.190519755067,fault_test,0.01639344262295082,True
1kW,1kW_turn_current_6p48pct,interturn,6.48,False,44,5365.190501255794,fault_test,0.01639344262295082,True
1kW,1kW_turn_current_6p48pct,interturn,6.48,False,45,4428.069968309539,fault_test,0.01639344262295082,True
1kW,1kW_turn_current_6p48pct,interturn,6.48,False,46,3953.8340006508324,fault_test,0.01639344262295082,True
1kW,1kW_turn_current_6p48pct,interturn,6.48,False,47,5671.742674715025,fault_test,0.01639344262295082,True
1kW,1kW_turn_current_6p48pct,interturn,6.48,False,48,4262.73750013374,fault_test,0.01639344262295082,True
1kW,1kW_turn_current_6p48pct,interturn,6.48,False,49,4735.58420719019,fault_test,0.01639344262295082,True
1kW,1kW_turn_current_6p48pct,interturn,6.48,False,50,4803.810924959217,fault_test,0.01639344262295082,True
1kW,1kW_turn_current_6p48pct,interturn,6.48,False,51,4419.040862955774,fault_test,0.01639344262295082,True
1kW,1kW_turn_current_6p48pct,interturn,6.48,False,52,3703.9887373181946,fault_test,0.01639344262295082,True
1kW,1kW_turn_current_6p48pct,interturn,6.48,False,53,4673.333602280945,fault_test,0.01639344262295082,True
1kW,1kW_turn_current_6p48pct,interturn,6.48,False,54,4705.649491016781,fault_test,0.01639344262295082,True
1kW,1kW_turn_current_6p48pct,interturn,6.48,False,55,4676.0186899563405,fault_test,0.01639344262295082,True
1kW,1kW_turn_current_6p48pct,interturn,6.48,False,56,6700.741225980789,fault_test,0.01639344262295082,True
1kW,1kW_turn_current_6p48pct,interturn,6.48,False,57,4743.582256092369,fault_test,0.01639344262295082,True
1kW,1kW_turn_current_6p48pct,interturn,6.48,False,58,5908.333452923209,fault_test,0.01639344262295082,True
1kW,1kW_turn_current_6p48pct,interturn,6.48,False,59,6160.713646347513,fault_test,0.01639344262295082,True
1kW,1kW_turn_current_6p48pct,interturn,6.48,False,60,5449.496354716738,fault_test,0.01639344262295082,True
1kW,1kW_turn_current_6p48pct,interturn,6.48,False,61,3817.230455990351,fault_test,0.01639344262295082,True
1kW,1kW_turn_current_6p48pct,interturn,6.48,False,62,4500.026226356504,fault_test,0.01639344262295082,True
1kW,1kW_turn_current_6p48pct,interturn,6.48,False,63,3672.1094711961396,fault_test,0.01639344262295082,True
1kW,1kW_turn_current_6p48pct,interturn,6.48,False,64,4173.795768092287,fault_test,0.01639344262295082,True
1kW,1kW_turn_current_6p48pct,interturn,6.48,False,65,5755.764754101268,fault_test,0.01639344262295082,True
1kW,1kW_turn_current_6p48pct,interturn,6.48,False,66,4232.188521730887,fault_test,0.01639344262295082,True
1kW,1kW_turn_current_6p48pct,interturn,6.48,False,67,5404.0555389172705,fault_test,0.01639344262295082,True
1kW,1kW_turn_current_6p48pct,interturn,6.48,False,68,5949.934798741044,fault_test,0.01639344262295082,True
1kW,1kW_turn_current_6p48pct,interturn,6.48,False,69,6027.477204862558,fault_test,0.01639344262295082,True
1kW,1kW_turn_current_6p48pct,interturn,6.48,False,70,8701.140048156209,fault_test,0.01639344262295082,True
1kW,1kW_turn_current_6p48pct,interturn,6.48,False,71,5309.543471839927,fault_test,0.01639344262295082,True
1kW,1kW_turn_current_6p48pct,interturn,6.48,False,72,8062.759069137062,fault_test,0.01639344262295082,True
1kW,1kW_turn_current_6p48pct,interturn,6.48,False,73,8450.446732501965,fault_test,0.01639344262295082,True
1kW,1kW_turn_current_6p48pct,interturn,6.48,False,74,10357.854339050704,fault_test,0.01639344262295082,True
1kW,1kW_turn_current_6p48pct,interturn,6.48,False,75,6179.06686021908,fault_test,0.01639344262295082,True
1kW,1kW_turn_current_6p48pct,interturn,6.48,False,76,5940.118515481371,fault_test,0.01639344262295082,True
1kW,1kW_turn_current_6p48pct,interturn,6.48,False,77,6778.436043688268,fault_test,0.01639344262295082,True
1kW,1kW_turn_current_6p48pct,interturn,6.48,False,78,10641.958189129551,fault_test,0.01639344262295082,True
1kW,1kW_turn_current_6p48pct,interturn,6.48,False,79,6822.3050675228305,fault_test,0.01639344262295082,True
1kW,1kW_turn_current_6p48pct,interturn,6.48,False,80,6643.460369913595,fault_test,0.01639344262295082,True
1kW,1kW_turn_current_6p48pct,interturn,6.48,False,81,7092.143898556074,fault_test,0.01639344262295082,True
1kW,1kW_turn_current_6p48pct,interturn,6.48,False,82,12727.186578400762,fault_test,0.01639344262295082,True
1kW,1kW_turn_current_6p48pct,interturn,6.48,False,83,5989.278726335873,fault_test,0.01639344262295082,True
1kW,1kW_turn_current_6p48pct,interturn,6.48,False,84,7864.348444922374,fault_test,0.01639344262295082,True
1kW,1kW_turn_current_6p48pct,interturn,6.48,False,85,14039.67758779455,fault_test,0.01639344262295082,True
1kW,1kW_turn_current_6p48pct,interturn,6.48,False,86,5597.9909108451175,fault_test,0.01639344262295082,True
1kW,1kW_turn_current_6p48pct,interturn,6.48,False,87,7996.682645532633,fault_test,0.01639344262295082,True
1kW,1kW_turn_current_6p48pct,interturn,6.48,False,88,8872.620959307333,fault_test,0.01639344262295082,True
1kW,1kW_turn_current_6p48pct,interturn,6.48,False,89,6192.799211896267,fault_test,0.01639344262295082,True
1kW,1kW_turn_current_6p48pct,interturn,6.48,False,90,6603.808002016216,fault_test,0.01639344262295082,True
1kW,1kW_turn_current_6p48pct,interturn,6.48,False,91,9566.964103326063,fault_test,0.01639344262295082,True
1kW,1kW_turn_current_6p48pct,interturn,6.48,False,92,11169.726518112513,fault_test,0.01639344262295082,True
1kW,1kW_turn_current_6p48pct,interturn,6.48,False,93,6423.314363061305,fault_test,0.01639344262295082,True
1kW,1kW_turn_current_6p48pct,interturn,6.48,False,94,6268.030018588677,fault_test,0.01639344262295082,True
1kW,1kW_turn_current_6p48pct,interturn,6.48,False,95,5834.358367575776,fault_test,0.01639344262295082,True
1kW,1kW_turn_current_6p48pct,interturn,6.48,False,96,6365.072092242038,fault_test,0.01639344262295082,True
1kW,1kW_turn_current_6p48pct,interturn,6.48,False,97,6760.004606611975,fault_test,0.01639344262295082,True
1kW,1kW_turn_current_6p48pct,interturn,6.48,False,98,6529.835670555574,fault_test,0.01639344262295082,True
1kW,1kW_turn_current_6p48pct,interturn,6.48,False,99,9283.030049542585,fault_test,0.01639344262295082,True
1kW,1kW_turn_current_6p48pct,interturn,6.48,False,100,5541.211038347406,fault_test,0.01639344262295082,True
1kW,1kW_turn_current_6p48pct,interturn,6.48,False,101,5256.439240729528,fault_test,0.01639344262295082,True
1kW,1kW_turn_current_6p48pct,interturn,6.48,False,102,6436.737275778378,fault_test,0.01639344262295082,True
1kW,1kW_turn_current_6p48pct,interturn,6.48,False,103,6316.075978535796,fault_test,0.01639344262295082,True
1kW,1kW_turn_current_6p48pct,interturn,6.48,False,104,7612.234550505672,fault_test,0.01639344262295082,True
1kW,1kW_turn_current_6p48pct,interturn,6.48,False,105,5798.528264659119,fault_test,0.01639344262295082,True
1kW,1kW_turn_current_6p48pct,interturn,6.48,False,106,6564.246838865294,fault_test,0.01639344262295082,True
1kW,1kW_turn_current_6p48pct,interturn,6.48,False,107,6605.36839793401,fault_test,0.01639344262295082,True
1kW,1kW_turn_current_6p48pct,interturn,6.48,False,108,7666.131865115374,fault_test,0.01639344262295082,True
1kW,1kW_turn_current_6p48pct,interturn,6.48,False,109,5890.487248050707,fault_test,0.01639344262295082,True
1kW,1kW_turn_current_6p48pct,interturn,6.48,False,110,6953.317785395531,fault_test,0.01639344262295082,True
1kW,1kW_turn_current_6p48pct,interturn,6.48,False,111,5136.165554424484,fault_test,0.01639344262295082,True
1kW,1kW_turn_current_6p48pct,interturn,6.48,False,112,6982.048427842448,fault_test,0.01639344262295082,True
1kW,1kW_turn_current_6p48pct,interturn,6.48,False,113,7345.568164705184,fault_test,0.01639344262295082,True
1kW,1kW_turn_current_6p48pct,interturn,6.48,False,114,9727.589525445004,fault_test,0.01639344262295082,True
1kW,1kW_turn_current_6p48pct,interturn,6.48,False,115,4910.3448808020585,fault_test,0.01639344262295082,True
1kW,1kW_turn_current_6p48pct,interturn,6.48,False,116,7836.0763501795545,fault_test,0.01639344262295082,True
1kW,1kW_turn_current_6p48pct,interturn,6.48,False,117,7058.096329369827,fault_test,0.01639344262295082,True
1kW,1kW_turn_current_6p48pct,interturn,6.48,False,118,6846.86320805769,fault_test,0.01639344262295082,True
1kW,1kW_turn_current_6p48pct,interturn,6.48,False,119,6540.974669228065,fault_test,0.01639344262295082,True
